sku_id,stock_on_hand,reorder_point,safety_stock,avg_weekly_demand,forecast_6w_units,sku_name,category,unit_price,cost_price,weeks_cover,stockout_risk,overstock_ratio,overstock_risk,action,sales_at_risk,capital_locked
SKU00002,0,1582,573,2.375,14.060968310406267,CrispKing Bread Family Pack,Dairy & Bakery,70.38,49.57,0.0,1.0,0.0,0.0,Reorder Now,668.6099999999999,0.0
SKU00020,0,1358,498,1.125,5.977490720986331,SmartBuy Rice & Grains 2L,Grocery,109.5,69.58,0.0,1.0,0.0,0.0,Reorder Now,492.75,0.0
SKU00169,0,1104,377,2.25,9.914030282242686,DailyBest Office Supplies 500ml,Stationery & Office,95.37,60.41,0.0,1.0,0.0,0.0,Reorder Now,858.33,0.0
SKU00190,0,1446,495,4.0,19.980089546438876,ZestyCo Writing Instruments 1L,Stationery & Office,145.42,84.74,0.0,1.0,0.0,0.0,Reorder Now,2326.72,0.0
SKU00285,0,1342,491,2.75,13.358502060894272,NutriPlus Surface Cleaners 1kg,Home Care,505.67,387.2,0.0,1.0,0.0,0.0,Reorder Now,5562.37,0.0
SKU00291,0,1300,462,1.0,7.5869140625,SunriseFoods Writing Instruments 500ml,Stationery & Office,190.44,150.55,0.0,1.0,0.0,0.0,Reorder Now,761.76,0.0
SKU00363,0,1341,438,1.125,10.486328125,CityFresh Home Decor 2L,Home & Kitchen,1103.75,699.49,0.0,1.0,0.0,0.0,Reorder Now,4966.875,0.0
SKU00416,0,1214,449,0.375,0.0,CityFresh Namkeen 1L,Snacks & Confectionery,75.12,48.29,0.0,1.0,0.0,0.0,Reorder Now,112.68,0.0
SKU00445,0,1146,448,0.5,4.6328125,QuickBite Yogurt Large,Dairy & Bakery,87.15,60.84,0.0,1.0,0.0,0.0,Reorder Now,174.3,0.0
SKU00484,0,1408,469,0.5,5.587946356204835,PurePlus Hair Care 2L,Personal Care,179.04,105.25,0.0,1.0,0.0,0.0,Reorder Now,358.08,0.0
SKU00657,0,29,14,0.25,3.59814453125,TrueTaste Frozen Meat 250ml,Frozen Foods,520.54,411.25,0.0,1.0,0.0,0.0,Reorder Now,520.54,0.0
SKU00692,0,1261,412,0.625,5.926571444300255,SoftTouch OTC Medicine Pack of 6,Health & Wellness,235.52,187.94,0.0,1.0,0.0,0.0,Reorder Now,588.8000000000001,0.0
SKU00694,0,28,10,0.5,0.0,SunriseFoods Rice & Grains 250ml,Grocery,179.71,115.0,0.0,1.0,0.0,0.0,Reorder Now,359.42,0.0
SKU00728,0,1199,396,0.25,0.0,NatureBlend Mobile Accessories 1kg,Electronics & Accessories,3555.73,2593.79,0.0,1.0,0.0,0.0,Reorder Now,3555.73,0.0
SKU00774,0,1321,472,0.875,6.649289615744935,GreenValley Energy Drinks 1kg,Beverages,94.61,73.97,0.0,1.0,0.0,0.0,Reorder Now,331.135,0.0
SKU00823,0,1320,486,1.5,20.72509765625,HealthFirst Surface Cleaners Medium,Home Care,183.03,143.9,0.0,1.0,0.0,0.0,Reorder Now,1098.18,0.0
SKU00830,0,1303,455,1.125,12.105224609375,TrueTaste Ice Cream Medium,Frozen Foods,290.01,208.06,0.0,1.0,0.0,0.0,Reorder Now,1305.045,0.0
SKU00920,0,1260,464,2.375,11.97677283431151,PremiumSelect Sugar & Salt 100g,Grocery,114.73,87.31,0.0,1.0,0.0,0.0,Reorder Now,1089.935,0.0
SKU00942,0,1293,448,2.625,15.098739567417253,FreshFarm Pest Control 1kg,Home Care,172.9,121.42,0.0,1.0,0.0,0.0,Reorder Now,1815.45,0.0
SKU00953,0,1107,375,3.75,12.718419140620473,CityFresh Writing Instruments 250ml,Stationery & Office,273.99,178.24,0.0,1.0,0.0,0.0,Reorder Now,4109.85,0.0
SKU00974,0,823,278,0.375,0.0,CleanWave Chocolates 1kg,Snacks & Confectionery,47.34,34.78,0.0,1.0,0.0,0.0,Reorder Now,71.01,0.0
SKU00994,0,1267,413,4.625,16.5036278262088,NovaFresh Home Decor 2L,Home & Kitchen,602.13,395.46,0.0,1.0,0.0,0.0,Reorder Now,11139.405,0.0
SKU01009,0,1256,419,0.125,0.0,SparkleClean Bath & Body Pack of 6,Personal Care,223.42,155.57,0.0,1.0,0.0,0.0,Reorder Now,111.71,0.0
SKU01021,0,1778,592,1.0,1.40087890625,EverydayPlus First Aid 2L,Health & Wellness,1243.47,702.35,0.0,1.0,0.0,0.0,Reorder Now,4973.88,0.0
SKU01030,0,1257,476,0.875,6.1218074774390745,NutriPlus Sugar & Salt 250g,Grocery,224.5,155.47,0.0,1.0,0.0,0.0,Reorder Now,785.75,0.0
SKU01037,0,1308,444,1.5,5.838038760033735,EliteHome Bottled Water Large,Beverages,178.07,135.2,0.0,1.0,0.0,0.0,Reorder Now,1068.42,0.0
SKU01045,0,1256,428,2.5,13.387902261510941,PurePlus Frozen Meat Medium,Frozen Foods,451.29,256.12,0.0,1.0,0.0,0.0,Reorder Now,4512.900000000001,0.0
SKU01138,0,1541,558,1.125,5.758708319155231,SoftTouch Chips & Crisps 250ml,Snacks & Confectionery,181.15,141.66,0.0,1.0,0.0,0.0,Reorder Now,815.1750000000001,0.0
SKU01153,0,1412,483,0.625,0.700439453125,GreenValley Mobile Accessories 1kg,Electronics & Accessories,897.4,608.31,0.0,1.0,0.0,0.0,Reorder Now,2243.5,0.0
SKU01170,0,1338,470,0.375,3.59814453125,TrueTaste Hair Care 250ml,Personal Care,365.5,226.17,0.0,1.0,0.0,0.0,Reorder Now,548.25,0.0
SKU01189,0,972,350,2.625,12.594813847268753,PureLife Footwear 500g,Apparel & Footwear,2299.8,1412.47,0.0,1.0,0.0,0.0,Reorder Now,24147.9,0.0
SKU01274,0,1452,532,2.125,6.974718818989076,ValueChoice Small Appliances Family Pack,Electronics & Accessories,558.36,313.23,0.0,1.0,0.0,0.0,Reorder Now,4746.06,0.0
SKU01370,0,1392,472,1.125,3.59814453125,PurePlus Laundry 2L,Home Care,195.01,123.07,0.0,1.0,0.0,0.0,Reorder Now,877.545,0.0
SKU01371,0,1230,408,3.125,10.408716505201197,PureLife Cookware 1L,Home & Kitchen,1277.61,907.68,0.0,1.0,0.0,0.0,Reorder Now,15970.124999999998,0.0
SKU01414,0,1467,501,0.625,5.887429398066239,CityFresh Notebooks 2L,Stationery & Office,193.44,136.08,0.0,1.0,0.0,0.0,Reorder Now,483.6,0.0
SKU01420,0,1291,471,5.875,20.432940468596932,GoldenHarvest Notebooks 250g,Stationery & Office,213.65,128.04,0.0,1.0,0.0,0.0,Reorder Now,5020.775000000001,0.0
SKU01438,0,1033,337,0.5,4.298583984375,GreenValley Cooking Oil 100g,Grocery,298.01,182.51,0.0,1.0,0.0,0.0,Reorder Now,596.02,0.0
SKU01466,0,1683,629,0.125,0.0,BasicNeeds Chips & Crisps Pack of 12,Snacks & Confectionery,34.29,27.39,0.0,1.0,0.0,0.0,Reorder Now,17.145,0.0
SKU01485,0,1043,378,0.375,0.0,PrimeCare Men's Grooming 250g,Personal Care,476.18,342.91,0.0,1.0,0.0,0.0,Reorder Now,714.27,0.0
SKU01499,0,43,9,0.5,0.0,EverydayPlus Writing Instruments 1L,Stationery & Office,317.24,217.21,0.0,1.0,0.0,0.0,Reorder Now,634.48,0.0
SKU01578,0,1559,560,1.875,7.2697703306065655,TrueTaste Ice Cream 250ml,Frozen Foods,540.35,338.5,0.0,1.0,0.0,0.0,Reorder Now,4052.625,0.0
SKU01584,0,23,6,0.5,0.0,BasicNeeds Home Decor 250g,Home & Kitchen,1356.9,936.08,0.0,1.0,0.0,0.0,Reorder Now,2713.8,0.0
SKU01662,0,1174,370,1.0,8.018798828125,FamilyChoice OTC Medicine Medium,Health & Wellness,495.84,328.64,0.0,1.0,0.0,0.0,Reorder Now,1983.36,0.0
SKU01784,0,943,328,0.25,5.582946912137926,HealthFirst Writing Instruments 250ml,Stationery & Office,168.81,117.23,0.0,1.0,0.0,0.0,Reorder Now,168.81,0.0
SKU01993,0,847,298,1.0,5.71219862903467,DailyBest Office Supplies Pack of 12,Stationery & Office,142.17,83.84,0.0,1.0,0.0,0.0,Reorder Now,568.68,0.0
SKU02046,0,1452,470,0.125,0.700439453125,ValueChoice Footwear Pack of 6,Apparel & Footwear,2009.47,1591.88,0.0,1.0,0.0,0.0,Reorder Now,1004.735,0.0
SKU02155,0,1050,373,1.875,11.568115234375,HomeStyle Home Decor Medium,Home & Kitchen,1113.48,866.65,0.0,1.0,0.0,0.0,Reorder Now,8351.1,0.0
SKU02176,0,1253,432,0.875,6.19540642347696,CleanWave Footwear Family Pack,Apparel & Footwear,989.87,773.14,0.0,1.0,0.0,0.0,Reorder Now,3464.545,0.0
SKU02247,0,1270,412,0.75,6.488189073995471,CityFresh Writing Instruments 2L,Stationery & Office,179.3,134.06,0.0,1.0,0.0,0.0,Reorder Now,537.9000000000001,0.0
SKU02333,0,1058,350,0.875,7.100341796875,NovaFresh Chocolates Pack of 12,Snacks & Confectionery,53.1,34.47,0.0,1.0,0.0,0.0,Reorder Now,185.85,0.0
SKU02340,0,1371,451,0.5,0.0,HomeStyle Skin Care 2L,Personal Care,234.67,179.48,0.0,1.0,0.0,0.0,Reorder Now,469.34,0.0
SKU02381,0,1397,489,0.25,2.62158203125,SoftTouch Storage & Containers Small,Home & Kitchen,987.93,727.83,0.0,1.0,0.0,0.0,Reorder Now,987.93,0.0
SKU02401,0,1009,378,1.0,6.569091796875,SoftTouch First Aid 100g,Health & Wellness,524.47,385.22,0.0,1.0,0.0,0.0,Reorder Now,2097.88,0.0
SKU02482,0,1188,417,0.625,5.769951128606856,MetroBrand Batteries 2kg,Electronics & Accessories,1297.95,910.7,0.0,1.0,0.0,0.0,Reorder Now,3244.875,0.0
SKU02503,0,1050,370,0.5,7.26953125,PremiumSelect Notebooks 100g,Stationery & Office,280.9,220.49,0.0,1.0,0.0,0.0,Reorder Now,561.8,0.0
SKU02531,0,1600,600,0.25,0.0,MetroBrand Bottled Water 100g,Beverages,143.49,88.48,0.0,1.0,0.0,0.0,Reorder Now,143.49,0.0
SKU02543,0,1225,460,0.125,1.799072265625,CityFresh Storage & Containers Pack of 12,Home & Kitchen,1956.24,1248.98,0.0,1.0,0.0,0.0,Reorder Now,978.12,0.0
SKU02602,0,32,11,0.375,0.700439453125,CrispKing Cooking Oil 2kg,Grocery,220.61,130.07,0.0,1.0,0.0,0.0,Reorder Now,330.915,0.0
SKU02614,0,1043,370,0.25,3.59814453125,FamilyChoice Sugar & Salt Family Pack,Grocery,118.14,80.99,0.0,1.0,0.0,0.0,Reorder Now,118.14,0.0
SKU02640,0,1230,463,0.375,5.611880809868708,NutriPlus Home Decor 250ml,Home & Kitchen,1563.22,888.14,0.0,1.0,0.0,0.0,Reorder Now,2344.83,0.0
SKU02660,0,1427,535,2.5,10.946282690513733,HomeStyle Biscuits & Cookies Family Pack,Snacks & Confectionery,81.91,53.4,0.0,1.0,0.0,0.0,Reorder Now,819.0999999999999,0.0
SKU02692,0,1205,412,2.25,14.032562491589989,CleanWave Mobile Accessories 500ml,Electronics & Accessories,2095.03,1551.16,0.0,1.0,0.0,0.0,Reorder Now,18855.27,0.0
SKU02740,0,1120,416,1.5,6.477045064376949,CrispKing Chips & Crisps Small,Snacks & Confectionery,104.22,65.2,0.0,1.0,0.0,0.0,Reorder Now,625.3199999999999,0.0
SKU02892,0,1396,493,1.25,7.146012326721388,CityFresh Cheese 2kg,Dairy & Bakery,77.05,46.22,0.0,1.0,0.0,0.0,Reorder Now,385.25,0.0
SKU02930,0,1074,393,1.625,6.106091478132518,TrueTaste Pest Control 100g,Home Care,170.16,133.92,0.0,1.0,0.0,0.0,Reorder Now,1106.04,0.0
SKU02950,0,1154,361,0.875,7.1962890625,FreshFarm Eggs 250ml,Dairy & Bakery,251.09,183.84,0.0,1.0,0.0,0.0,Reorder Now,878.815,0.0
SKU02983,0,1223,377,0.875,3.932373046875,SparkleClean Kids Wear 2kg,Apparel & Footwear,1062.71,713.11,0.0,1.0,0.0,0.0,Reorder Now,3719.485,0.0
SKU03053,0,974,333,0.25,4.976134323054794,PremiumSelect Kids Wear Family Pack,Apparel & Footwear,4086.72,3149.1,0.0,1.0,0.0,0.0,Reorder Now,4086.72,0.0
SKU03057,0,1610,511,0.25,2.62158203125,SoftTouch Writing Instruments 1kg,Stationery & Office,206.34,151.61,0.0,1.0,0.0,0.0,Reorder Now,206.34,0.0
SKU03110,0,20,5,0.75,10.30615234375,PureLife Men's Grooming Pack of 6,Personal Care,304.91,183.97,0.0,1.0,0.0,0.0,Reorder Now,914.73,0.0
SKU03199,0,1571,525,0.875,2.8017578125,QuickBite Coffee 500ml,Beverages,78.08,57.97,0.0,1.0,0.0,0.0,Reorder Now,273.28,0.0
SKU03292,0,1346,493,3.875,25.763285238620902,SoftTouch Pulses & Lentils Family Pack,Grocery,164.03,112.68,0.0,1.0,0.0,0.0,Reorder Now,2542.465,0.0
SKU03425,0,1228,416,1.0,6.123830357277445,QuickBite Office Supplies 250g,Stationery & Office,202.48,150.44,0.0,1.0,0.0,0.0,Reorder Now,809.92,0.0
SKU03546,0,1305,499,1.125,6.018950106370084,PrimeCare OTC Medicine Medium,Health & Wellness,496.17,310.3,0.0,1.0,0.0,0.0,Reorder Now,2232.765,0.0
SKU03578,0,1337,454,0.75,6.7080078125,ZestyCo Ready Meals 1L,Frozen Foods,225.73,163.11,0.0,1.0,0.0,0.0,Reorder Now,677.1899999999999,0.0
SKU03633,0,1303,436,0.375,0.0,SunriseFoods Soft Drinks 500ml,Beverages,118.27,78.05,0.0,1.0,0.0,0.0,Reorder Now,177.405,0.0
SKU03743,0,1482,470,0.125,0.0,PremiumSelect Air Fresheners 500g,Home Care,253.24,162.98,0.0,1.0,0.0,0.0,Reorder Now,126.62,0.0
SKU03800,0,1071,357,0.625,5.3434305248993725,ValueChoice Chocolates 250ml,Snacks & Confectionery,114.46,76.17,0.0,1.0,0.0,0.0,Reorder Now,286.15,0.0
SKU03851,0,1353,475,0.375,0.700439453125,SoftTouch Butter & Ghee 500ml,Dairy & Bakery,99.5,74.51,0.0,1.0,0.0,0.0,Reorder Now,149.25,0.0
SKU03870,0,1442,499,0.375,1.310791015625,MetroBrand Mobile Accessories 250g,Electronics & Accessories,301.78,227.63,0.0,1.0,0.0,0.0,Reorder Now,452.66999999999996,0.0
SKU03907,0,1384,509,1.25,8.880120804085172,QuickBite Home Decor 1L,Home & Kitchen,876.73,624.96,0.0,1.0,0.0,0.0,Reorder Now,4383.65,0.0
SKU04035,0,1165,360,0.375,3.59814453125,ValueChoice Sugar & Salt 250g,Grocery,140.98,90.93,0.0,1.0,0.0,0.0,Reorder Now,211.46999999999997,0.0
SKU04041,0,1244,474,1.0,5.980231336796364,PurePlus Laundry 1kg,Home Care,575.93,357.52,0.0,1.0,0.0,0.0,Reorder Now,2303.72,0.0
SKU04156,0,64,21,0.125,0.700439453125,CityFresh Men's Wear 500g,Apparel & Footwear,3610.04,2779.35,0.0,1.0,0.0,0.0,Reorder Now,1805.02,0.0
SKU04166,0,1278,430,1.375,6.130471712941233,NatureBlend Milk 100g,Dairy & Bakery,263.67,154.85,0.0,1.0,0.0,0.0,Reorder Now,1450.1850000000002,0.0
SKU04191,0,1437,479,0.75,5.828057423683573,HomeStyle Spices & Seasoning 2L,Grocery,106.7,80.76,0.0,1.0,0.0,0.0,Reorder Now,320.1,0.0
SKU04305,0,1050,363,1.125,11.8291015625,GoldenHarvest Vitamins & Supplements 2kg,Health & Wellness,782.22,522.72,0.0,1.0,0.0,0.0,Reorder Now,3519.9900000000002,0.0
SKU04329,0,1228,460,2.0,9.15581056715603,SoftTouch Cookware 2kg,Home & Kitchen,2452.07,1697.55,0.0,1.0,0.0,0.0,Reorder Now,19616.56,0.0
SKU04346,0,1466,497,0.5,1.310791015625,HomeStyle First Aid Large,Health & Wellness,970.29,633.56,0.0,1.0,0.0,0.0,Reorder Now,1940.58,0.0
SKU04350,0,1406,467,1.25,6.1975900543859535,NutriPlus Skin Care 250g,Personal Care,394.93,254.76,0.0,1.0,0.0,0.0,Reorder Now,1974.65,0.0
SKU04381,0,1286,459,2.75,14.605533798789896,UrbanBite Spices & Seasoning 100g,Grocery,192.07,120.17,0.0,1.0,0.0,0.0,Reorder Now,2112.77,0.0
SKU04453,0,1289,470,1.5,6.564457068125932,TrueTaste Milk 2L,Dairy & Bakery,265.58,209.09,0.0,1.0,0.0,0.0,Reorder Now,1593.48,0.0
SKU04476,0,903,318,0.125,0.0,PrimeCare Oral Care Pack of 6,Personal Care,134.95,77.45,0.0,1.0,0.0,0.0,Reorder Now,67.475,0.0
SKU04489,0,1224,433,0.625,1.799072265625,PureLife OTC Medicine 250g,Health & Wellness,251.01,200.07,0.0,1.0,0.0,0.0,Reorder Now,627.525,0.0
SKU04508,0,1154,381,1.25,6.7696139371874455,FreshFarm Ready Meals 500ml,Frozen Foods,375.55,236.38,0.0,1.0,0.0,0.0,Reorder Now,1877.75,0.0
SKU04596,0,1211,425,15.5,69.94432024160828,ValueChoice Eggs Pack of 6,Dairy & Bakery,335.55,242.79,0.0,1.0,0.0,0.0,Reorder Now,20804.100000000002,0.0
SKU04627,0,987,351,0.875,5.999596166909976,SunriseFoods Men's Grooming Small,Personal Care,630.47,386.96,0.0,1.0,0.0,0.0,Reorder Now,2206.645,0.0
SKU04663,0,1398,443,0.375,6.569091796875,NovaFresh Frozen Meat 100g,Frozen Foods,715.73,556.48,0.0,1.0,0.0,0.0,Reorder Now,1073.595,0.0
SKU04756,0,1077,368,0.25,0.0,PrimeCare Vitamins & Supplements Medium,Health & Wellness,665.32,496.99,0.0,1.0,0.0,0.0,Reorder Now,665.32,0.0
SKU04783,0,1501,535,0.5,0.0,PureLife Cookware 250g,Home & Kitchen,1943.37,1433.97,0.0,1.0,0.0,0.0,Reorder Now,3886.74,0.0
SKU04824,0,1260,447,0.625,7.969970703125,GoldenHarvest Kids Wear Medium,Apparel & Footwear,1024.94,667.92,0.0,1.0,0.0,0.0,Reorder Now,2562.3500000000004,0.0
SKU04926,0,1269,437,0.5,6.007372503634324,BasicNeeds Skin Care Pack of 6,Personal Care,458.92,266.85,0.0,1.0,0.0,0.0,Reorder Now,917.84,0.0
SKU02368,1,1231,384,1.25,8.724234150824572,SunriseFoods Ready Meals 250ml,Frozen Foods,849.39,651.22,0.8,0.8,0.0,0.0,Reorder Now,3397.56,0.0
SKU02870,1,45,18,1.0,8.198974609375,EliteHome Batteries 100g,Electronics & Accessories,794.71,627.11,1.0,0.75,0.0,0.0,Reorder Now,2384.13,0.0
SKU03353,1,1223,462,0.875,5.2431640625,EverydayPlus Cheese 100g,Dairy & Bakery,48.61,35.71,1.1428571428571428,0.7142857142857143,0.0,0.0,Reorder Now,121.525,0.0
SKU00554,2,49,23,1.25,17.50244140625,TrueTaste Chocolates Medium,Snacks & Confectionery,88.32,49.66,1.6,0.6,0.0,0.0,Reorder Now,264.96,0.0
SKU02079,1,1234,457,0.625,2.62158203125,ValueChoice Yogurt Pack of 6,Dairy & Bakery,153.65,94.76,1.6,0.6,0.0,0.0,Reorder Now,230.47500000000002,0.0
SKU03891,1,74,22,0.5,0.700439453125,MetroBrand Eggs Medium,Dairy & Bakery,159.69,112.65,2.0,0.5,0.42767514813523877,0.21383757406761938,Reorder Now,159.69,33.745495605468754
SKU00456,1,22,10,0.5,2.189697265625,SparkleClean Frozen Vegetables 250ml,Frozen Foods,291.76,194.96,2.0,0.5,0.0,0.0,Reorder Now,291.76,0.0
SKU04895,2,34,8,0.875,4.20263671875,PurePlus Kids Wear Medium,Apparel & Footwear,1875.04,1209.02,2.2857142857142856,0.4285714285714286,0.0,0.0,Healthy,2812.56,0.0
SKU00886,3,31,11,1.125,11.128662109375,HomeStyle Mobile Accessories Pack of 12,Electronics & Accessories,1510.84,1177.07,2.6666666666666665,0.33333333333333337,0.0,0.0,Healthy,2266.26,0.0
SKU03071,1,62,19,0.375,0.0,SunriseFoods Mobile Accessories Pack of 12,Electronics & Accessories,1229.09,690.95,2.6666666666666665,0.33333333333333337,0.0,0.0,Healthy,614.545,690.95
SKU02462,5,1272,407,1.5,7.592611236780396,DailyBest Notebooks 2L,Stationery & Office,171.89,130.56,3.3333333333333335,0.16666666666666663,0.0,0.0,Healthy,171.88999999999996,0.0
SKU00004,148,99,35,0.125,1.310791015625,SunriseFoods Eggs Large,Dairy & Bakery,233.64,156.32,1184.0,0.0,111.90892158688769,1.0,Markdown / Clear,0.0,22930.457148437497
SKU00014,33,76,17,0.625,6.553955078125,EliteHome Men's Grooming Medium,Personal Care,161.5,126.47,52.8,0.0,4.035127584280127,1.0,Markdown / Clear,0.0,3344.6313012695314
SKU00016,106,56,22,0.125,1.310791015625,PrimeCare Men's Wear 500g,Apparel & Footwear,3478.65,2163.92,848.0,0.0,79.86720059601416,1.0,Markdown / Clear,0.0,226539.07310546876
SKU00023,20,39,13,0.375,2.62158203125,MetroBrand Footwear 100g,Apparel & Footwear,2028.91,1381.64,53.333333333333336,0.0,6.628981188303222,1.0,Markdown / Clear,0.0,24010.71740234375
SKU00027,204,113,39,1.0,3.502197265625,TrueTaste Mobile Accessories Small,Electronics & Accessories,608.24,435.8,204.0,0.0,57.24914604391774,1.0,Markdown / Clear,0.0,87376.94243164062
SKU00030,82,105,44,0.375,3.932373046875,FreshFarm Frozen Meat 500ml,Frozen Foods,402.34,283.65,218.66666666666666,0.0,19.85254858136214,1.0,Markdown / Clear,0.0,22143.882385253906
SKU00035,594,298,113,0.375,2.101318359375,PremiumSelect Air Fresheners Large,Home Care,215.32,130.18,1584.0,0.0,281.6796793307773,1.0,Markdown / Clear,0.0,77053.37037597656
SKU00036,134,85,25,1.625,12.260986328125,CleanWave Air Fresheners Medium,Home Care,188.79,145.16,82.46153846153847,0.0,9.928973935206388,1.0,Markdown / Clear,0.0,17671.635224609374
SKU00041,123,115,46,0.25,1.310791015625,NovaFresh Small Appliances Family Pack,Electronics & Accessories,2490.74,1754.57,492.0,0.0,92.83646861612964,1.0,Markdown / Clear,0.0,213512.23540771485
SKU00043,107,68,26,0.375,2.101318359375,NovaFresh First Aid Pack of 6,Health & Wellness,615.37,414.79,285.3333333333333,0.0,49.92041361682352,1.0,Markdown / Clear,0.0,43510.92415771484
SKU00046,324,244,97,0.5,5.2431640625,QuickBite Bottled Water Pack of 12,Beverages,154.0,120.46,648.0,0.0,60.7947476252561,1.0,Markdown / Clear,0.0,38397.44845703125
SKU00048,332,173,82,0.375,2.62158203125,BasicNeeds Energy Drinks 500ml,Beverages,111.68,83.14,885.3333333333334,0.0,125.64108772583349,1.0,Markdown / Clear,0.0,27384.521669921876
SKU00049,50,35,7,0.5,1.40087890625,CityFresh Oral Care 500ml,Personal Care,584.25,442.65,100.0,0.0,34.69187870338097,1.0,Markdown / Clear,0.0,21512.400952148437
SKU00062,228,1221,427,1.75,6.375371903865407,EverydayPlus Mobile Accessories Family Pack,Electronics & Accessories,499.45,291.09,130.28571428571428,0.0,34.76261956761502,1.0,Markdown / Clear,0.0,64512.71299250381
SKU00063,84,82,39,0.125,2.189697265625,PremiumSelect Women's Wear Pack of 12,Apparel & Footwear,1612.54,1264.03,672.0,0.0,37.361467276173485,1.0,Markdown / Clear,0.0,103410.67696533202
SKU00076,153,138,42,0.375,1.40087890625,TrueTaste Butter & Ghee Pack of 12,Dairy & Bakery,306.25,220.42,408.0,0.0,108.21714883234577,1.0,Markdown / Clear,0.0,33415.478271484375
SKU00078,69,30,14,0.25,2.189697265625,NatureBlend Ready Meals 500ml,Frozen Foods,820.53,653.46,276.0,0.0,30.511205262571078,1.0,Markdown / Clear,0.0,43657.86042480469
SKU00079,138,1142,378,1.875,10.339787874608973,DailyBest Frozen Vegetables 2kg,Frozen Foods,197.9,137.37,73.6,0.0,12.346502043710334,1.0,Markdown / Clear,0.0,17536.683339664967
SKU00085,308,167,51,0.125,1.799072265625,BasicNeeds Dishwashing 1L,Home Care,372.68,228.02,2464.0,0.0,170.19934862260823,1.0,Markdown / Clear,0.0,69819.93554199219
SKU00092,137,115,34,1.0,3.59814453125,NutriPlus OTC Medicine 2kg,Health & Wellness,809.88,630.38,137.0,0.0,37.075179807300856,1.0,Markdown / Clear,0.0,84093.86165039062
SKU00094,88,73,24,0.375,3.932373046875,ZestyCo OTC Medicine Small,Health & Wellness,1069.07,756.04,234.66666666666666,0.0,21.378344819022786,1.0,Markdown / Clear,0.0,63558.48868164062
SKU00096,127,76,24,0.5,4.6328125,PrimeCare Juices 250g,Beverages,210.25,133.12,254.0,0.0,26.413153456998312,1.0,Markdown / Clear,0.0,16289.52
SKU00107,278,240,88,0.625,7.1962890625,HealthFirst Mobile Accessories Family Pack,Electronics & Accessories,2511.78,1778.82,444.8,0.0,37.631021848283346,1.0,Markdown / Clear,0.0,481711.0570898437
SKU00110,134,83,25,0.375,3.932373046875,CityFresh Vitamins & Supplements Medium,Health & Wellness,286.87,202.12,357.3333333333333,0.0,33.07611597442106,1.0,Markdown / Clear,0.0,26289.268759765626
SKU00118,351,159,53,0.125,0.700439453125,SunriseFoods Bath & Body 2L,Personal Care,289.69,175.46,2808.0,0.0,500.1139769954688,1.0,Markdown / Clear,0.0,61463.56089355469
SKU00119,5,22,11,0.25,1.40087890625,CleanWave OTC Medicine 250ml,Health & Wellness,963.94,713.33,20.0,0.0,2.569187870338097,1.0,Markdown / Clear,0.0,2567.361049804688
SKU00125,186,98,31,0.25,0.700439453125,GoldenHarvest Air Fresheners Small,Home Care,477.75,338.32,744.0,0.0,264.5475775531544,1.0,Markdown / Clear,0.0,62690.54732421875
SKU00126,140,143,47,0.5,3.59814453125,PurePlus Dishwashing Family Pack,Home Care,253.44,168.71,280.0,0.0,37.908942868774595,1.0,Markdown / Clear,0.0,23012.357036132813
SKU00128,124,53,25,0.25,2.62158203125,CrispKing Footwear 2L,Apparel & Footwear,741.97,459.21,496.0,0.0,46.29968336747998,1.0,Markdown / Clear,0.0,55738.183315429684
SKU00133,365,133,52,0.875,11.128662109375,PurePlus Small Appliances Pack of 12,Electronics & Accessories,1722.93,996.57,417.14285714285717,0.0,31.79819230853608,1.0,Markdown / Clear,0.0,352657.55920166016
SKU00138,495,315,106,0.625,0.700439453125,SmartBuy Ready Meals Pack of 12,Frozen Foods,668.4,504.37,792.0,0.0,705.6991983269431,1.0,Markdown / Clear,0.0,249309.86935302734
SKU00146,381,230,56,0.25,1.310791015625,SunriseFoods Ready Meals 250ml,Frozen Foods,703.46,478.32,1524.0,0.0,289.66418327435275,1.0,Markdown / Clear,0.0,181612.94244140625
SKU00151,261,89,22,0.375,3.932373046875,PurePlus Skin Care Pack of 12,Personal Care,201.86,115.36,696.0,0.0,65.37213633823804,1.0,Markdown / Clear,0.0,29655.3214453125
SKU00156,171,159,36,0.625,6.553955078125,SunriseFoods Coffee 1L,Beverages,164.3,103.08,273.6,0.0,25.09111566399702,1.0,Markdown / Clear,0.0,16951.098310546873
SKU00160,76,46,14,0.5,5.2431640625,PurePlus Bottled Water 1kg,Beverages,202.06,136.38,152.0,0.0,13.495064257776122,1.0,Markdown / Clear,0.0,9649.81728515625
SKU00163,179,60,23,0.375,1.799072265625,PrimeCare Juices 1kg,Beverages,151.67,109.94,477.3333333333333,0.0,98.49572533586647,1.0,Markdown / Clear,0.0,19481.469995117186
SKU00166,167,90,39,1.0,10.79443359375,EliteHome First Aid Small,Health & Wellness,830.77,621.98,167.0,0.0,14.470936807346089,1.0,Markdown / Clear,0.0,97156.73819335937
SKU00171,113,97,47,0.5,2.8017578125,CityFresh Cheese Small,Dairy & Bakery,253.93,181.29,226.0,0.0,39.331822934820494,1.0,Markdown / Clear,0.0,19977.839326171874
SKU00177,54,1142,419,0.375,5.388237809524537,FamilyChoice Chocolates Pack of 12,Snacks & Confectionery,114.65,77.09,144.0,0.0,9.021829382613127,1.0,Markdown / Clear,0.0,3747.4807472637535
SKU00178,265,120,52,0.625,0.700439453125,PrimeCare Pulses & Lentils Family Pack,Grocery,527.32,350.05,424.0,0.0,377.3339142558383,1.0,Markdown / Clear,0.0,92518.0611694336
SKU00183,84,73,36,0.625,6.553955078125,MetroBrand Butter & Ghee Small,Dairy & Bakery,252.07,165.28,134.4,0.0,11.816688396349413,1.0,Markdown / Clear,0.0,12800.2823046875
SKU00193,79,73,15,0.75,10.069580078125,PremiumSelect First Aid 1kg,Health & Wellness,308.55,192.29,105.33333333333333,0.0,6.845411565038186,1.0,Markdown / Clear,0.0,13254.630446777343
SKU00196,148,100,35,0.375,2.101318359375,PremiumSelect Butter & Ghee Family Pack,Dairy & Bakery,90.98,59.65,394.6666666666667,0.0,69.43197397467178,1.0,Markdown / Clear,0.0,8702.85635986328
SKU00198,537,271,102,0.25,1.310791015625,PurePlus Writing Instruments 500ml,Stationery & Office,340.46,229.65,2148.0,0.0,408.676289811883,1.0,Markdown / Clear,0.0,123021.02684326172
SKU00201,376,180,73,0.75,1.40087890625,FamilyChoice Frozen Vegetables 100g,Frozen Foods,848.32,470.89,501.3333333333333,0.0,267.4029278494249,1.0,Markdown / Clear,0.0,176394.98013183594
SKU00202,314,174,63,0.25,2.49951171875,PurePlus Flour & Atta 1L,Grocery,349.86,203.65,1256.0,0.0,124.62453604219574,1.0,Markdown / Clear,0.0,63437.074438476564
SKU00216,374,204,71,0.375,1.799072265625,NovaFresh Frozen Vegetables 500ml,Frozen Foods,678.4,406.14,997.3333333333334,0.0,206.88492332745284,1.0,Markdown / Clear,0.0,151165.68479003906
SKU00218,450,284,99,0.125,0.700439453125,PureLife Bread Medium,Dairy & Bakery,229.94,178.86,3600.0,0.0,641.4538166608575,1.0,Markdown / Clear,0.0,80361.71939941407
SKU00220,313,157,46,0.625,2.101318359375,PurePlus Women's Wear 100g,Apparel & Footwear,733.09,540.87,500.8,0.0,147.95410712210992,1.0,Markdown / Clear,0.0,168155.76993896483
SKU00227,374,237,72,0.5,8.7587890625,EverydayPlus Mobile Accessories Pack of 6,Electronics & Accessories,2851.22,1737.2,748.0,0.0,41.69996655145501,1.0,Markdown / Clear,0.0,634497.031640625
SKU00230,163,128,39,0.125,2.189697265625,EliteHome Bread 250ml,Dairy & Bakery,116.56,88.21,1304.0,0.0,73.43951388114617,1.0,Markdown / Clear,0.0,14185.076804199218
SKU00232,260,159,57,0.125,1.799072265625,NutriPlus Office Supplies 100g,Stationery & Office,96.13,75.15,2080.0,0.0,143.51893065544851,1.0,Markdown / Clear,0.0,19403.799719238283
SKU00234,70,61,21,0.125,2.189697265625,PureLife Biscuits & Cookies 500ml,Snacks & Confectionery,100.0,76.44,560.0,0.0,30.967889396811238,1.0,Markdown / Clear,0.0,5183.419541015624
SKU00243,53,28,8,0.5,5.397216796875,PureLife Men's Grooming 2kg,Personal Care,483.9,372.11,106.0,0.0,8.819876057357398,1.0,Markdown / Clear,0.0,17713.471657714843
SKU00248,409,162,53,0.375,1.310791015625,TrueTaste Biscuits & Cookies 250g,Snacks & Confectionery,56.31,41.86,1090.6666666666667,0.0,311.0253306016018,1.0,Markdown / Clear,0.0,17065.87028808594
SKU00253,87,129,49,0.125,0.700439453125,PureLife Eggs 100g,Dairy & Bakery,279.38,194.6,696.0,0.0,123.20773788776577,1.0,Markdown / Clear,0.0,16793.894482421874
SKU00254,79,1231,425,1.875,16.52587890625,HomeStyle Writing Instruments 1L,Stationery & Office,105.55,79.69,42.13333333333333,0.0,3.780381149357364,1.0,Markdown / Clear,0.0,4978.562709960937
SKU00255,92,139,45,0.75,3.932373046875,PremiumSelect Laundry Family Pack,Home Care,158.86,125.36,122.66666666666667,0.0,22.395542310796547,1.0,Markdown / Clear,0.0,11040.15771484375
SKU00259,542,220,57,0.5,4.6328125,SoftTouch Writing Instruments 100g,Stationery & Office,249.48,176.24,1084.0,0.0,115.99156829679595,1.0,Markdown / Clear,0.0,94705.593125
SKU00260,87,85,31,0.75,7.530517578125,HomeStyle Spices & Seasoning 500ml,Grocery,139.74,93.49,116.0,0.0,10.552990760252877,1.0,Markdown / Clear,0.0,7429.601911621094
SKU00262,7920,1785,612,0.5,6.7080078125,NovaFresh Chocolates 1L,Snacks & Confectionery,170.92,128.94,15840.0,0.0,1179.6784102489446,1.0,Markdown / Clear,0.0,1020339.8694726563
SKU00263,110,1069,387,0.375,6.062066455522456,CityFresh Bread 500g,Dairy & Bakery,443.51,327.3,293.3333333333333,0.0,17.145627535935635,1.0,Markdown / Clear,0.0,34018.8856491075
SKU00264,223,1664,572,2.0,6.675163956767033,PurePlus Energy Drinks 500g,Beverages,242.74,153.51,111.5,0.0,32.40741912023463,1.0,Markdown / Clear,0.0,33208.02558099669
SKU00269,158,72,21,0.5,5.2431640625,TrueTaste Bread 250ml,Dairy & Bakery,170.73,125.25,316.0,0.0,29.13447569379773,1.0,Markdown / Clear,0.0,19132.793701171875
SKU00272,46,59,23,0.375,2.101318359375,EverydayPlus Small Appliances 500ml,Electronics & Accessories,1227.28,905.59,122.66666666666667,0.0,20.89101893807366,1.0,Markdown / Clear,0.0,39754.207106933594
SKU00273,204,180,63,0.375,5.397216796875,FamilyChoice Men's Wear 250ml,Apparel & Footwear,403.23,256.73,544.0,0.0,36.79725878680961,1.0,Markdown / Clear,0.0,50987.29253173828
SKU00274,79,42,14,1.125,5.2431640625,GoldenHarvest Frozen Vegetables Small,Frozen Foods,1066.8,817.34,70.22222222222223,0.0,14.067237846898864,1.0,Markdown / Clear,0.0,60284.41228515625
SKU00276,215,221,71,0.5,3.932373046875,NatureBlend Biscuits & Cookies 500ml,Snacks & Confectionery,50.27,39.39,430.0,0.0,53.67436518283976,1.0,Markdown / Clear,0.0,8313.953825683593
SKU00278,85,52,16,0.125,2.189697265625,SmartBuy Men's Wear 1kg,Apparel & Footwear,1807.84,1052.14,680.0,0.0,37.81815141041365,1.0,Markdown / Clear,0.0,87128.03191894531
SKU00283,521,307,109,0.125,1.799072265625,GoldenHarvest Women's Wear 100g,Apparel & Footwear,560.13,385.56,4168.0,0.0,288.59370335187947,1.0,Markdown / Clear,0.0,200183.10969726564
SKU00286,161,1166,473,1.25,12.747500147976563,PurePlus Energy Drinks Medium,Beverages,64.45,51.29,128.8,0.0,11.629927290140559,1.0,Markdown / Clear,0.0,7603.870717410283
SKU00287,191,68,31,0.375,5.397216796875,CleanWave Frozen Meat Small,Frozen Foods,881.37,656.18,509.3333333333333,0.0,34.38860994255213,1.0,Markdown / Clear,0.0,121788.83428222655
SKU00293,156,178,86,0.75,10.948486328125,CleanWave Energy Drinks 2L,Beverages,132.02,75.66,208.0,0.0,13.248544988293009,1.0,Markdown / Clear,0.0,10974.597524414063
SKU00301,233,113,30,0.375,3.932373046875,HealthFirst Notebooks Family Pack,Stationery & Office,316.89,184.91,621.3333333333334,0.0,58.25175389582169,1.0,Markdown / Clear,0.0,42356.89489990234
SKU00303,115,53,20,0.25,3.59814453125,NatureBlend Pest Control Large,Home Care,257.35,175.61,460.0,0.0,30.960917356493418,1.0,Markdown / Clear,0.0,19563.279838867187
SKU00310,223,125,36,0.25,0.700439453125,GoldenHarvest Energy Drinks 500g,Beverages,77.52,57.1,892.0,0.0,317.3715580341582,1.0,Markdown / Clear,0.0,12693.304907226562
SKU00311,87,53,12,0.375,3.932373046875,CityFresh Small Appliances Small,Electronics & Accessories,2295.88,1415.33,232.0,0.0,21.124045446079343,1.0,Markdown / Clear,0.0,117568.1044555664
SKU00315,299,119,50,0.5,2.01123046875,CrispKing Pulses & Lentils 500g,Grocery,384.54,231.67,598.0,0.0,147.66521000242778,1.0,Markdown / Clear,0.0,68803.38823730468
SKU00319,583,330,103,0.625,4.600830078125,TrueTaste Chocolates 250g,Snacks & Confectionery,129.05,88.97,932.8,0.0,125.71626426107721,1.0,Markdown / Clear,0.0,51460.17414794922
SKU00321,110,54,18,0.25,1.40087890625,EliteHome Batteries 1L,Electronics & Accessories,736.71,534.34,440.0,0.0,77.52213314743813,1.0,Markdown / Clear,0.0,58028.85436523438
SKU00323,256,193,56,0.125,1.799072265625,SparkleClean Air Fresheners 2L,Home Care,270.82,200.19,2048.0,0.0,141.29556249151852,1.0,Markdown / Clear,0.0,50888.48372314453
SKU00328,72,1490,546,0.75,2.49951171875,EverydayPlus Spices & Seasoning 250g,Grocery,204.97,157.47,96.0,0.0,27.80562609884743,1.0,Markdown / Clear,0.0,10944.241889648438
SKU00331,7350,1598,537,0.875,6.553955078125,FreshFarm Yogurt 2L,Dairy & Bakery,150.41,107.74,8400.0,0.0,1120.4602346805736,1.0,Markdown / Clear,0.0,791182.8768798828
SKU00333,574,329,109,0.125,1.799072265625,CityFresh Cheese Small,Dairy & Bakery,61.52,47.93,4592.0,0.0,318.05333152395167,1.0,Markdown / Clear,0.0,27425.590466308593
SKU00334,217,155,45,0.25,3.59814453125,FreshFarm Footwear 500ml,Apparel & Footwear,1477.45,823.32,868.0,0.0,59.30886144660062,1.0,Markdown / Clear,0.0,175698.01564453126
SKU00337,265,178,54,0.25,3.59814453125,SmartBuy Hair Care Pack of 6,Personal Care,376.07,279.75,1060.0,0.0,72.64907043018049,1.0,Markdown / Clear,0.0,73127.16906738281
SKU00339,311,176,76,0.375,5.397216796875,CityFresh Footwear 1kg,Apparel & Footwear,1884.44,1181.23,829.3333333333334,0.0,56.622291581851904,1.0,Markdown / Clear,0.0,360987.17560302734
SKU00346,74,153,47,0.25,2.62158203125,CrispKing Skin Care Pack of 6,Personal Care,379.17,235.83,296.0,0.0,27.22723039672192,1.0,Markdown / Clear,0.0,16833.172309570313
SKU00353,120,129,53,0.5,7.1962890625,QuickBite Notebooks Small,Stationery & Office,69.57,41.01,240.0,0.0,15.675261229474827,1.0,Markdown / Clear,0.0,4626.080185546874
SKU00357,299,178,62,0.125,1.310791015625,PurePlus Frozen Vegetables 2L,Frozen Foods,395.07,268.1,2392.0,0.0,227.10653753026634,1.0,Markdown / Clear,0.0,79810.47692871094
SKU00358,115,41,11,0.25,3.10986328125,BasicNeeds Chips & Crisps Medium,Snacks & Confectionery,165.98,108.39,460.0,0.0,35.979117600879256,1.0,Markdown / Clear,0.0,12127.771918945313
SKU00366,47,76,22,0.125,1.310791015625,PrimeCare Coffee 100g,Beverages,197.31,154.68,376.0,0.0,34.85621158502514,1.0,Markdown / Clear,0.0,7067.2068457031255
SKU00367,774,348,153,0.125,0.700439453125,BasicNeeds Storage & Containers 2kg,Home & Kitchen,1853.07,1201.33,6192.0,0.0,1104.0205646566749,1.0,Markdown / Clear,0.0,928987.9610717773
SKU00373,133,66,28,0.25,2.62158203125,ZestyCo Namkeen Small,Snacks & Confectionery,84.32,63.63,532.0,0.0,49.732724902216425,1.0,Markdown / Clear,0.0,8295.978735351562
SKU00374,69,118,28,1.0,13.123046875,EliteHome Footwear Family Pack,Apparel & Footwear,1189.97,820.33,69.0,0.0,4.257925286500967,1.0,Markdown / Clear,0.0,45837.540957031255
SKU00376,76,1332,428,2.0,6.8537204826087414,UrbanBite Milk 1kg,Dairy & Bakery,207.45,152.54,38.0,0.0,10.088867746043826,1.0,Markdown / Clear,0.0,10547.573477582862
SKU00377,557,250,78,0.125,1.310791015625,FamilyChoice Writing Instruments Pack of 12,Stationery & Office,209.39,134.63,4456.0,0.0,423.9342521884895,1.0,Markdown / Clear,0.0,74812.4382055664
SKU00383,181,83,39,0.25,1.310791015625,SparkleClean Tea Medium,Beverages,124.69,78.59,724.0,0.0,137.08455950828832,1.0,Markdown / Clear,0.0,14121.774934082032
SKU00387,89,43,9,0.375,3.932373046875,GreenValley Laundry 1kg,Home Care,632.96,441.19,237.33333333333334,0.0,21.632644191966225,1.0,Markdown / Clear,0.0,37530.98633544922
SKU00393,340,188,77,0.375,0.700439453125,QuickBite Biscuits & Cookies 1kg,Snacks & Confectionery,88.75,62.28,906.6666666666666,0.0,484.4095503659812,1.0,Markdown / Clear,0.0,21131.576630859374
SKU00396,111,45,16,0.25,3.59814453125,BasicNeeds Sugar & Salt 250g,Grocery,394.96,269.2,444.0,0.0,29.84923327452843,1.0,Markdown / Clear,0.0,28912.5794921875
SKU00400,300,144,54,0.5,2.8017578125,SoftTouch Small Appliances Pack of 12,Electronics & Accessories,1799.17,1381.15,600.0,0.0,106.07563611014291,1.0,Markdown / Clear,0.0,410475.35219726566
SKU00405,326,221,74,0.875,8.995361328125,SmartBuy Writing Instruments 500ml,Stationery & Office,125.94,88.45,372.57142857142856,0.0,35.24090107205863,1.0,Markdown / Clear,0.0,28039.060290527344
SKU00418,409,178,61,0.625,7.1962890625,SoftTouch Biscuits & Cookies 1kg,Snacks & Confectionery,55.14,39.58,654.4,0.0,55.834848690460035,1.0,Markdown / Clear,0.0,15903.39087890625
SKU00426,215,263,83,0.625,1.40087890625,ValueChoice Oral Care Medium,Personal Care,605.61,395.71,344.0,0.0,152.47507842453817,1.0,Markdown / Clear,0.0,84523.3082080078
SKU00427,73,148,44,0.125,1.310791015625,PremiumSelect Writing Instruments Pack of 12,Stationery & Office,290.82,162.29,584.0,0.0,54.69156267461352,1.0,Markdown / Clear,0.0,11634.441726074218
SKU00429,84,52,11,0.375,1.310791015625,MetroBrand Storage & Containers Family Pack,Home & Kitchen,582.88,414.48,224.0,0.0,63.08344198174707,1.0,Markdown / Clear,0.0,34273.02333984375
SKU00432,425,176,57,1.0,5.513427734375,ZestyCo Home Decor Pack of 12,Home & Kitchen,1977.65,1128.66,425.0,0.0,76.0845326130275,1.0,Markdown / Clear,0.0,473457.7146533203
SKU00440,100,113,37,0.5,5.2431640625,TrueTaste Home Decor Pack of 6,Home & Kitchen,398.41,253.21,200.0,0.0,18.072452970758057,1.0,Markdown / Clear,0.0,23993.378427734377
SKU00443,326,157,57,0.25,4.37939453125,FreshFarm Chocolates 100g,Snacks & Confectionery,89.0,53.43,1304.0,0.0,73.43951388114617,1.0,Markdown / Clear,0.0,17184.188950195312
SKU00450,146,224,94,0.125,0.700439453125,DailyBest OTC Medicine 2kg,Health & Wellness,828.83,571.43,1168.0,0.0,207.44057162774484,1.0,Markdown / Clear,0.0,83028.52788330078
SKU00458,140,162,68,0.625,4.37939453125,CleanWave Ice Cream 1L,Frozen Foods,452.69,294.28,224.0,0.0,30.967889396811238,1.0,Markdown / Clear,0.0,39910.43177734374
SKU00463,53,33,12,0.375,1.40087890625,PurePlus Kids Wear 1L,Apparel & Footwear,1727.58,1018.15,141.33333333333334,0.0,36.83339142558383,1.0,Markdown / Clear,0.0,52535.64514160156
SKU00469,223,147,66,0.5,4.0224609375,NatureBlend Sugar & Salt Family Pack,Grocery,152.95,113.32,446.0,0.0,54.43869871327992,1.0,Markdown / Clear,0.0,24814.5347265625
SKU00471,13,43,16,0.125,1.799072265625,SoftTouch Laundry Small,Home Care,344.74,211.16,104.0,0.0,6.225946532772425,1.0,Markdown / Clear,0.0,2365.187900390625
SKU00473,73,35,16,0.25,3.59814453125,CityFresh Juices Medium,Beverages,111.63,86.19,292.0,0.0,19.28823449586104,1.0,Markdown / Clear,0.0,5981.745922851563
SKU00478,157,145,63,0.375,2.711669921875,QuickBite Skin Care 1kg,Personal Care,449.91,339.9,418.6666666666667,0.0,56.89790222382281,1.0,Markdown / Clear,0.0,52442.60339355469
SKU00482,14,22,5,0.375,2.101318359375,SoftTouch Bread 2kg,Dairy & Bakery,212.18,125.31,37.333333333333336,0.0,5.662484024631114,1.0,Markdown / Clear,0.0,1491.0237963867187
SKU00493,724,334,125,0.125,1.310791015625,HealthFirst Home Decor Pack of 6,Home & Kitchen,391.9,217.64,5792.0,0.0,551.3382380331533,1.0,Markdown / Clear,0.0,157286.07944335937
SKU00496,93,71,21,0.25,2.62158203125,PremiumSelect Milk 2kg,Dairy & Bakery,313.44,230.13,372.0,0.0,34.47476252560998,1.0,Markdown / Clear,0.0,20798.78532714844
SKU00499,277,106,32,0.75,2.101318359375,CleanWave Office Supplies 2L,Stationery & Office,110.32,83.23,369.3333333333333,0.0,130.82200534448705,1.0,Markdown / Clear,0.0,22879.81727294922
SKU00500,100,1499,531,1.75,7.098990503238337,UrbanBite Home Decor Family Pack,Home & Kitchen,1264.58,781.21,57.142857142857146,0.0,13.086509899454455,1.0,Markdown / Clear,0.0,72575.19762896518
SKU00506,102,1338,448,1.25,10.542724609375,SmartBuy Frozen Vegetables 500g,Frozen Foods,319.73,243.03,81.6,0.0,8.674918370655119,1.0,Markdown / Clear,0.0,22226.861638183593
SKU00507,8834,1906,654,0.5,7.1962890625,HealthFirst Footwear 500ml,Apparel & Footwear,1588.92,1152.62,17668.0,0.0,1226.5771475098386,1.0,Markdown / Clear,0.0,10173950.49330078
SKU00508,28,28,9,0.125,0.700439453125,EverydayPlus OTC Medicine Medium,Health & Wellness,567.86,343.68,224.0,0.0,38.97490414778669,1.0,Markdown / Clear,0.0,9382.31296875
SKU00510,81,139,44,0.25,3.59814453125,CleanWave Eggs 500g,Dairy & Bakery,208.61,116.09,324.0,0.0,21.511602659791016,1.0,Markdown / Clear,0.0,8985.581401367188
SKU00516,6036,1410,441,0.375,3.59814453125,GoldenHarvest Batteries 250g,Electronics & Accessories,2155.25,1441.14,16096.0,0.0,1676.5312796851676,1.0,Markdown / Clear,0.0,8693535.609990235
SKU00520,104,84,36,0.25,1.40087890625,CleanWave Coffee Pack of 6,Beverages,47.04,30.48,416.0,0.0,73.23910770303242,1.0,Markdown / Clear,0.0,3127.2212109375
SKU00524,8181,1784,582,0.125,0.700439453125,PureLife Tea 1kg,Beverages,353.73,259.64,65448.0,0.0,11678.810386894389,1.0,Markdown / Clear,0.0,2123932.9779003905
SKU00526,241,127,29,0.625,1.310791015625,QuickBite Mobile Accessories Pack of 12,Electronics & Accessories,2874.88,1833.85,385.6,0.0,182.85844663810767,1.0,Markdown / Clear,0.0,439554.05589599605
SKU00531,67,1482,568,1.5,5.8816234935678136,FamilyChoice Mobile Accessories Large,Electronics & Accessories,2949.96,1920.98,44.666666666666664,0.0,10.391412604576217,1.0,Markdown / Clear,0.0,117407.1789013261
SKU00534,219,329,104,0.125,1.310791015625,PurePlus Writing Instruments 2kg,Stationery & Office,171.95,124.58,1752.0,0.0,166.07468802384057,1.0,Markdown / Clear,0.0,27119.721655273435
SKU00536,199,83,25,0.5,7.1962890625,FamilyChoice Women's Wear 250g,Apparel & Footwear,3347.29,2163.93,398.0,0.0,26.653141538879087,1.0,Markdown / Clear,0.0,415049.80420898437
SKU00538,104,1099,359,0.75,7.9775390625,EliteHome Vitamins & Supplements 2L,Health & Wellness,1101.07,799.48,138.66666666666666,0.0,12.03660178724446,1.0,Markdown / Clear,0.0,76768.03707031251
SKU00539,72,1312,457,1.25,6.051288395019066,PremiumSelect Air Fresheners Pack of 12,Home Care,199.63,143.49,57.6,0.0,10.898292611415547,1.0,Markdown / Clear,0.0,9462.980628198715
SKU00540,129,69,33,0.125,1.310791015625,FreshFarm Men's Wear 250g,Apparel & Footwear,3406.69,2521.52,1032.0,0.0,97.41385732911156,1.0,Markdown / Clear,0.0,321970.89423828124
SKU00542,703,470,177,0.75,8.35302734375,DailyBest Kids Wear 2kg,Apparel & Footwear,1367.3,1004.76,937.3333333333334,0.0,83.16110364178407,1.0,Markdown / Clear,0.0,697953.4922460937
SKU00544,65,79,17,0.375,1.799072265625,SparkleClean Notebooks 1L,Stationery & Office,198.03,150.83,173.33333333333334,0.0,35.12973266386213,1.0,Markdown / Clear,0.0,9532.595930175781
SKU00545,408,299,105,0.375,3.59814453125,TrueTaste Tea Large,Beverages,88.18,55.82,1088.0,0.0,112.39177636042882,1.0,Markdown / Clear,0.0,22573.711572265624
SKU00551,6844,1554,517,0.125,0.700439453125,SunriseFoods Ice Cream 1kg,Frozen Foods,771.74,614.32,54752.0,0.0,9770.008713837575,1.0,Markdown / Clear,0.0,4203975.786035157
SKU00569,14,39,13,0.125,1.799072265625,FreshFarm Chips & Crisps 100g,Snacks & Confectionery,44.86,24.72,112.0,0.0,6.781788573754919,1.0,Markdown / Clear,0.0,301.60693359375
SKU00580,291,161,35,0.25,4.37939453125,FamilyChoice First Aid Small,Health & Wellness,998.77,750.25,1164.0,0.0,65.44754153194336,1.0,Markdown / Clear,0.0,215037.1092529297
SKU00583,128,165,60,0.375,1.310791015625,GoldenHarvest Office Supplies 2kg,Stationery & Office,249.78,138.42,341.3333333333333,0.0,96.65095921028124,1.0,Markdown / Clear,0.0,17536.320307617185
SKU00586,89,144,58,0.125,0.700439453125,HealthFirst Batteries 500g,Electronics & Accessories,2458.28,1705.17,712.0,0.0,126.06308818403625,1.0,Markdown / Clear,0.0,150565.76165771484
SKU00595,357,142,51,0.25,1.40087890625,BasicNeeds Men's Wear Family Pack,Apparel & Footwear,2693.97,1772.0,1428.0,0.0,253.84001394214013,1.0,Markdown / Clear,0.0,630121.642578125
SKU00596,143,154,71,1.125,8.507080078125,NovaFresh Skin Care 1kg,Personal Care,468.99,308.16,127.11111111111111,0.0,15.80952790931267,1.0,Markdown / Clear,0.0,41445.338203125
SKU00599,358,161,62,0.875,3.900390625,DailyBest Yogurt 500ml,Dairy & Bakery,46.97,25.96,409.14285714285717,0.0,90.78567851777666,1.0,Markdown / Clear,0.0,9192.425859375
SKU00601,26,46,22,0.75,3.322021484375,MetroBrand Office Supplies Family Pack,Stationery & Office,208.17,135.24,34.666666666666664,0.0,6.8265598588961565,1.0,Markdown / Clear,0.0,3066.9698144531253
SKU00602,60,97,45,0.125,1.799072265625,PureLife Juices 250g,Beverages,122.87,69.25,480.0,0.0,32.350522458949655,1.0,Markdown / Clear,0.0,4030.4142456054688
SKU00603,240,120,44,0.375,3.932373046875,FreshFarm Soft Drinks 100g,Beverages,89.72,58.2,640.0,0.0,60.03184950642578,1.0,Markdown / Clear,0.0,13739.135888671875
SKU00605,584,345,118,0.125,1.310791015625,TrueTaste Frozen Vegetables 100g,Frozen Foods,420.44,278.06,4672.0,0.0,444.5325013969082,1.0,Markdown / Clear,0.0,162022.56145019532
SKU00611,255,204,65,0.25,0.700439453125,CrispKing Chips & Crisps 250g,Snacks & Confectionery,114.26,64.38,1020.0,0.0,363.0571627744859,1.0,Markdown / Clear,0.0,16371.80570800781
SKU00628,42,1059,344,1.0,5.610189326528017,EverydayPlus Soft Drinks Pack of 12,Beverages,135.8,98.43,42.0,0.0,6.486378365414733,1.0,Markdown / Clear,0.0,3581.849064589848
SKU00629,284,293,106,0.125,2.189697265625,FreshFarm Eggs 1L,Dairy & Bakery,227.4,169.53,2272.0,0.0,128.6982941242056,1.0,Markdown / Clear,0.0,47775.30062255859
SKU00630,87,45,11,0.375,3.932373046875,SmartBuy Cookware Pack of 6,Home & Kitchen,1408.73,1098.85,232.0,0.0,21.124045446079343,1.0,Markdown / Clear,0.0,91278.86187744139
SKU00632,282,186,67,0.25,1.799072265625,ValueChoice Vitamins & Supplements 2L,Health & Wellness,1003.77,725.21,1128.0,0.0,155.74745555706338,1.0,Markdown / Clear,0.0,203204.5148022461
SKU00633,705,392,102,0.625,7.896728515625,EverydayPlus Energy Drinks 500ml,Beverages,189.01,106.51,1128.0,0.0,88.27747719894883,1.0,Markdown / Clear,0.0,74248.46944580079
SKU00639,83,71,30,0.125,1.799072265625,GreenValley Ice Cream Large,Frozen Foods,853.59,573.5,664.0,0.0,45.13488940154702,1.0,Markdown / Clear,0.0,46568.73205566406
SKU00641,267,108,31,0.25,1.799072265625,NutriPlus Coffee Small,Beverages,164.18,103.81,1068.0,0.0,147.40982494232597,1.0,Markdown / Clear,0.0,27530.50830810547
SKU00644,162,91,44,0.625,10.557861328125,ZestyCo Footwear 2L,Apparel & Footwear,942.82,623.16,259.2,0.0,14.34401664932362,1.0,Markdown / Clear,0.0,94372.68313476563
SKU00666,17,65,32,0.5,5.2431640625,UrbanBite Cookware Medium,Home & Kitchen,1825.63,1431.43,34.0,0.0,2.242317005028869,1.0,Markdown / Clear,0.0,16829.087666015625
SKU00668,144,104,33,1.0,1.799072265625,CrispKing Energy Drinks 1L,Beverages,219.45,167.7,144.0,0.0,79.04125390147917,1.0,Markdown / Clear,0.0,23847.095581054688
SKU00669,347,258,75,0.375,2.189697265625,MetroBrand First Aid 500g,Health & Wellness,631.77,427.05,925.3333333333334,0.0,157.4693945813357,1.0,Markdown / Clear,0.0,147251.23978271484
SKU00671,566,309,123,0.375,5.397216796875,FamilyChoice Flour & Atta Family Pack,Grocery,315.04,193.04,1509.3333333333333,0.0,103.8688650653639,1.0,Markdown / Clear,0.0,108218.76126953124
SKU00672,129,77,35,0.25,2.49951171875,FreshFarm OTC Medicine Family Pack,Health & Wellness,756.53,501.54,516.0,0.0,50.61008009376832,1.0,Markdown / Clear,0.0,63445.054892578126
SKU00677,394,380,120,0.375,5.397216796875,EliteHome Mobile Accessories 500ml,Electronics & Accessories,3238.81,2495.92,1050.6666666666667,0.0,72.00058804903425,1.0,Markdown / Clear,0.0,969921.4586523438
SKU00678,526,194,74,0.75,7.1962890625,HomeStyle Home Decor Large,Home & Kitchen,627.15,481.81,701.3333333333334,0.0,72.09322838919799,1.0,Markdown / Clear,0.0,249964.8159667969
SKU00683,78,45,19,0.375,2.101318359375,CleanWave Pest Control Pack of 12,Home Care,247.21,165.28,208.0,0.0,36.11955385151621,1.0,Markdown / Clear,0.0,12544.5341015625
SKU00685,244,204,73,1.125,8.995361328125,GreenValley Cookware 2L,Home & Kitchen,2583.23,1816.98,216.88888888888889,0.0,26.12509159994572,1.0,Markdown / Clear,0.0,426998.72837402346
SKU00686,683,287,106,0.625,2.49951171875,NatureBlend Footwear 100g,Apparel & Footwear,1242.49,822.82,1092.8,0.0,272.2533697987888,1.0,Markdown / Clear,0.0,559929.4117675781
SKU00690,115,94,44,0.25,1.799072265625,CleanWave Home Decor 500ml,Home & Kitchen,492.94,314.39,460.0,0.0,62.921834712986836,1.0,Markdown / Clear,0.0,35589.239670410156
SKU00696,32,24,6,0.375,5.397216796875,HealthFirst Rice & Grains Medium,Grocery,246.47,163.48,85.33333333333333,0.0,4.928981770479939,1.0,Markdown / Clear,0.0,4349.022998046875
SKU00705,86,68,15,0.375,5.397216796875,FreshFarm Butter & Ghee Pack of 12,Dairy & Bakery,86.46,55.55,229.33333333333334,0.0,14.934138508164835,1.0,Markdown / Clear,0.0,4477.484606933594
SKU00710,412,243,100,0.125,1.799072265625,NutriPlus Kids Wear Pack of 12,Apparel & Footwear,1549.12,966.43,3296.0,0.0,228.00692088478763,1.0,Markdown / Clear,0.0,396430.482590332
SKU00714,42,72,25,0.625,1.40087890625,EverydayPlus Men's Wear 2L,Apparel & Footwear,1659.76,1305.17,67.2,0.0,28.981178110840013,1.0,Markdown / Clear,0.0,52988.75487792969
SKU00721,6548,1403,491,0.25,3.59814453125,GoldenHarvest Air Fresheners 100g,Home Care,182.86,117.84,26192.0,0.0,1818.8268421766861,1.0,Markdown / Clear,0.0,771192.3146484375
SKU00724,78,36,8,1.0,8.13330078125,BasicNeeds Juices 1kg,Beverages,69.99,52.27,78.0,0.0,8.59020231734406,1.0,Markdown / Clear,0.0,3651.9323681640626
SKU00726,136,166,74,0.375,0.700439453125,CrispKing Frozen Vegetables 1kg,Frozen Foods,974.67,538.72,362.6666666666667,0.0,193.16382014639248,1.0,Markdown / Clear,0.0,72888.5792578125
SKU00729,366,254,85,0.375,1.799072265625,TrueTaste Ice Cream 250g,Frozen Foods,242.64,168.98,976.0,0.0,202.4381869995929,1.0,Markdown / Clear,0.0,61542.67276855469
SKU00733,272,148,42,0.625,8.995361328125,SoftTouch Pest Control Pack of 12,Home Care,434.34,266.82,435.2,0.0,29.237807029447687,1.0,Markdown / Clear,0.0,70174.89769042969
SKU00743,105,68,16,0.375,0.700439453125,GoldenHarvest Frozen Vegetables Small,Frozen Foods,759.3,443.99,280.0,0.0,148.90589055420006,1.0,Markdown / Clear,0.0,46307.961887207035
SKU00744,60,52,15,0.5,7.1962890625,BasicNeeds Notebooks Large,Stationery & Office,185.96,136.14,120.0,0.0,7.337630614737414,1.0,Markdown / Clear,0.0,7188.6972070312495
SKU00747,74,61,13,0.25,1.40087890625,TrueTaste Frozen Vegetables Large,Frozen Foods,807.23,461.95,296.0,0.0,51.82398048100384,1.0,Markdown / Clear,0.0,33537.16398925781
SKU00752,103,146,47,0.125,2.189697265625,NovaFresh Rice & Grains Pack of 6,Grocery,417.09,296.62,824.0,0.0,46.038465826736534,1.0,Markdown / Clear,0.0,29902.351997070313
SKU00754,432,200,53,0.25,3.59814453125,EliteHome Home Decor Pack of 6,Home & Kitchen,2674.24,1559.58,1728.0,0.0,119.06188085221875,1.0,Markdown / Clear,0.0,668126.9657519531
SKU00756,241,119,50,0.125,0.700439453125,TrueTaste Mobile Accessories Large,Electronics & Accessories,2637.39,2043.1,1928.0,0.0,343.06971070059257,1.0,Markdown / Clear,0.0,490956.03215332027
SKU00764,112,65,30,0.625,8.995361328125,HomeStyle Notebooks 250ml,Stationery & Office,31.66,20.05,179.2,0.0,11.450861718007872,1.0,Markdown / Clear,0.0,2065.2430053710937
SKU00768,267,161,59,0.25,3.59814453125,HomeStyle Men's Wear 250g,Apparel & Footwear,831.66,621.9,1068.0,0.0,73.20491247116298,1.0,Markdown / Clear,0.0,163809.61391601563
SKU00770,53,40,19,0.875,3.932373046875,PurePlus OTC Medicine Family Pack,Health & Wellness,994.68,790.31,60.57142857142857,0.0,12.477866766002359,1.0,Markdown / Clear,0.0,38778.636257324215
SKU00782,249,146,49,0.125,0.700439453125,BasicNeeds Batteries Medium,Electronics & Accessories,1731.92,1152.96,1992.0,0.0,354.49111188567446,1.0,Markdown / Clear,0.0,286279.46132812503
SKU00787,468,374,113,0.125,1.799072265625,NatureBlend Soft Drinks Medium,Beverages,134.46,96.32,3744.0,0.0,259.1340751798073,1.0,Markdown / Clear,0.0,44904.473359375
SKU00795,113,102,37,0.25,1.40087890625,NutriPlus Juices 1L,Beverages,51.36,39.9,452.0,0.0,79.66364586964099,1.0,Markdown / Clear,0.0,4452.804931640625
SKU00799,408,172,59,0.125,2.189697265625,SmartBuy Office Supplies 1kg,Stationery & Office,164.49,102.86,3264.0,0.0,185.3271267699855,1.0,Markdown / Clear,0.0,41741.64773925781
SKU00804,269,356,124,0.25,3.59814453125,CrispKing Air Fresheners Medium,Home Care,120.97,74.42,1076.0,0.0,73.76075451214547,1.0,Markdown / Clear,0.0,19751.206083984376
SKU00805,185,124,32,0.5,2.101318359375,DailyBest Kids Wear 1L,Apparel & Footwear,959.48,576.89,370.0,0.0,87.03996746833973,1.0,Markdown / Clear,0.0,105512.42045166016
SKU00808,28,47,18,0.5,2.8017578125,EliteHome OTC Medicine Large,Health & Wellness,1221.51,892.87,56.0,0.0,8.993726036946672,1.0,Markdown / Clear,0.0,22498.754501953124
SKU00820,269,94,38,0.25,2.62158203125,FamilyChoice Rice & Grains Small,Grocery,487.11,294.5,1076.0,0.0,101.60979698267833,1.0,Markdown / Clear,0.0,78448.44409179688
SKU00827,337,192,65,0.125,2.189697265625,NutriPlus Energy Drinks Medium,Beverages,194.95,113.49,2696.0,0.0,152.9025532389341,1.0,Markdown / Clear,0.0,37997.621257324216
SKU00829,145,166,51,0.625,1.40087890625,NutriPlus Hair Care 1L,Personal Care,648.89,390.73,232.0,0.0,102.50644823980481,1.0,Markdown / Clear,0.0,56108.48458496094
SKU00831,27,66,28,0.125,0.700439453125,MetroBrand First Aid 500g,Health & Wellness,950.49,575.51,216.0,0.0,37.547228999651445,1.0,Markdown / Clear,0.0,15135.66009033203
SKU00844,252,155,57,0.25,2.62158203125,NatureBlend Air Fresheners 500g,Home Care,246.71,144.83,1008.0,0.0,95.1251629726206,1.0,Markdown / Clear,0.0,36117.47627441407
SKU00845,128,1158,398,5.125,27.85755746041814,ZestyCo Frozen Vegetables 1L,Frozen Foods,670.83,490.52,24.975609756097562,0.0,3.594803409518974,1.0,Markdown / Clear,0.0,49121.8709145157
SKU00851,246,223,63,0.5,3.412109375,PremiumSelect Kids Wear Family Pack,Apparel & Footwear,2160.89,1657.87,492.0,0.0,71.0961648540355,1.0,Markdown / Clear,0.0,402179.18623046874
SKU00874,4280,974,383,0.25,1.40087890625,ValueChoice Home Decor Pack of 12,Home & Kitchen,872.01,578.74,17120.0,0.0,3054.224817009411,1.0,Markdown / Clear,0.0,2476196.455341797
SKU00877,14,43,15,0.25,2.62158203125,SparkleClean Cooking Oil 250g,Grocery,157.68,98.0,56.0,0.0,4.340286831812255,1.0,Markdown / Clear,0.0,1115.0849609375
SKU00883,230,154,42,0.375,2.101318359375,NutriPlus Small Appliances 1L,Electronics & Accessories,3121.32,1981.96,613.3333333333334,0.0,108.4550946903683,1.0,Markdown / Clear,0.0,451686.0710644531
SKU00888,294,207,66,0.625,5.2431640625,UrbanBite Pulses & Lentils 2kg,Grocery,244.92,192.76,470.4,0.0,55.07301173402868,1.0,Markdown / Clear,0.0,55660.7676953125
SKU00889,275,100,33,0.125,1.310791015625,NutriPlus Surface Cleaners 2L,Home Care,437.44,251.67,2200.0,0.0,208.79698267833862,1.0,Markdown / Clear,0.0,68879.36322509765
SKU00891,113,89,21,0.125,0.700439453125,QuickBite Batteries Pack of 6,Electronics & Accessories,900.14,514.82,904.0,0.0,160.32729173928197,1.0,Markdown / Clear,0.0,57814.059760742195
SKU00892,141,183,64,0.625,6.553955078125,EverydayPlus Storage & Containers 500g,Home & Kitchen,1679.83,1106.81,225.6,0.0,20.513726951015087,1.0,Markdown / Clear,0.0,148806.22697998045
SKU00893,107,984,378,2.0,7.941876937332509,FreshFarm Hair Care 2L,Personal Care,690.66,488.07,53.5,0.0,12.472885672280235,1.0,Markdown / Clear,0.0,48347.298123196124
SKU00896,115,64,28,0.125,2.189697265625,PrimeCare Bottled Water Family Pack,Beverages,194.43,140.2,920.0,0.0,51.51867543761846,1.0,Markdown / Clear,0.0,15816.004443359374
SKU00897,180,144,61,1.0,12.927734375,EverydayPlus Chips & Crisps 250g,Snacks & Confectionery,88.62,62.91,180.0,0.0,12.923553406859043,1.0,Markdown / Clear,0.0,10510.51623046875
SKU00902,364,198,72,0.375,1.799072265625,SmartBuy Skin Care 1L,Personal Care,535.55,416.08,970.6666666666666,0.0,201.3265029176279,1.0,Markdown / Clear,0.0,150704.56201171875
SKU00904,207,83,41,0.375,2.101318359375,ZestyCo Notebooks 250ml,Stationery & Office,161.57,123.59,552.0,0.0,97.50958522133148,1.0,Markdown / Clear,0.0,25323.428063964846
SKU00908,124,110,40,0.25,1.799072265625,NatureBlend Kids Wear Family Pack,Apparel & Footwear,2108.67,1210.94,496.0,0.0,67.92441308182929,1.0,Markdown / Clear,0.0,147977.99143066406
SKU00913,117,83,39,0.5,7.1962890625,SunriseFoods Bottled Water Pack of 12,Beverages,77.47,50.24,234.0,0.0,15.258379698737958,1.0,Markdown / Clear,0.0,5516.5384375
SKU00915,171,171,47,0.25,3.59814453125,BasicNeeds Women's Wear 500g,Apparel & Footwear,771.32,572.02,684.0,0.0,46.52449450400326,1.0,Markdown / Clear,0.0,95757.20936523438
SKU00917,172,97,35,1.375,7.100341796875,PremiumSelect Writing Instruments Medium,Stationery & Office,182.25,105.35,125.0909090909091,0.0,23.224185950555306,1.0,Markdown / Clear,0.0,17372.178991699217
SKU00921,86,81,26,0.625,3.932373046875,SoftTouch Mobile Accessories Pack of 12,Electronics & Accessories,3363.82,1875.04,137.6,0.0,20.869746073135904,1.0,Markdown / Clear,0.0,153880.0832421875
SKU00926,275,262,101,0.625,5.397216796875,NutriPlus Soft Drinks 1L,Beverages,285.44,204.55,440.0,0.0,49.95218709006197,1.0,Markdown / Clear,0.0,55147.24930419922
SKU00929,171,1480,532,1.0,7.188720703125,TrueTaste Surface Cleaners 1kg,Home Care,158.05,125.47,171.0,0.0,22.7872643912379,1.0,Markdown / Clear,0.0,20553.401213378907
SKU00935,7070,1609,586,0.375,3.59814453125,NovaFresh Namkeen 2L,Snacks & Confectionery,108.32,77.98,18853.333333333332,0.0,1963.901614873117,1.0,Markdown / Clear,0.0,551038.0166894532
SKU00938,80,64,27,0.25,3.10986328125,EliteHome Writing Instruments 500ml,Stationery & Office,47.74,36.49,320.0,0.0,24.724603548437745,1.0,Markdown / Clear,0.0,2805.7210888671875
SKU00945,430,230,87,0.625,2.62158203125,SparkleClean Cheese 1kg,Dairy & Bakery,131.35,80.84,688.0,0.0,163.02309554851928,1.0,Markdown / Clear,0.0,34549.27130859375
SKU00955,246,159,71,0.125,0.700439453125,ZestyCo Eggs Family Pack,Dairy & Bakery,364.87,277.85,1968.0,0.0,350.20808644126873,1.0,Markdown / Clear,0.0,68156.48289794923
SKU00964,86,108,31,0.5,4.37939453125,ZestyCo Bread 2L,Dairy & Bakery,229.0,152.63,172.0,0.0,18.637417772326902,1.0,Markdown / Clear,0.0,12457.753012695312
SKU00965,7641,1718,592,0.5,3.932373046875,ValueChoice Chips & Crisps 250ml,Snacks & Confectionery,92.42,62.98,15282.0,0.0,1942.1015086608306,1.0,Markdown / Clear,0.0,480982.5191455078
SKU00967,119,51,11,0.25,2.62158203125,CleanWave Office Supplies Large,Stationery & Office,64.98,45.29,476.0,0.0,44.392438070404175,1.0,Markdown / Clear,0.0,5270.778549804688
SKU00970,267,169,64,1.0,1.40087890625,UrbanBite Dishwashing Large,Home Care,354.04,240.01,267.0,0.0,189.59463227605437,1.0,Markdown / Clear,0.0,63746.44505371094
SKU00973,466,274,82,0.25,2.62158203125,GoldenHarvest Eggs 500g,Dairy & Bakery,150.35,96.62,1864.0,0.0,176.75526168746507,1.0,Markdown / Clear,0.0,44771.62274414063
SKU00975,413,196,58,0.25,1.310791015625,NutriPlus Cookware 500g,Home & Kitchen,2037.35,1210.67,1652.0,0.0,314.0769230769231,1.0,Markdown / Clear,0.0,498419.7746411133
SKU00976,234,1327,472,1.0,7.1962890625,GreenValley Cookware 2L,Home & Kitchen,268.42,212.7,234.0,0.0,31.516759397475916,1.0,Markdown / Clear,0.0,48241.14931640625
SKU00980,62,151,62,0.625,6.212158203125,SmartBuy First Aid Family Pack,Health & Wellness,726.14,528.73,99.2,0.0,8.980428374926312,1.0,Markdown / Clear,0.0,29496.70559326172
SKU00984,150,181,50,0.125,1.310791015625,QuickBite Women's Wear 250g,Apparel & Footwear,1782.02,1138.8,1200.0,0.0,113.43471782454833,1.0,Markdown / Clear,0.0,169327.27119140624
SKU00988,61,30,13,0.25,1.310791015625,HomeStyle Bath & Body 250g,Personal Care,227.17,156.64,244.0,0.0,45.53678524864966,1.0,Markdown / Clear,0.0,9349.7176953125
SKU00993,64,29,6,1.5,7.1962890625,BasicNeeds Writing Instruments 500g,Stationery & Office,230.79,140.43,42.666666666666664,0.0,7.893472655719908,1.0,Markdown / Clear,0.0,7976.9451269531255
SKU00997,339,213,72,1.0,8.044921875,CleanWave Ice Cream 250ml,Frozen Foods,284.15,214.26,339.0,0.0,41.13838310269483,1.0,Markdown / Clear,0.0,70910.4350390625
SKU01001,281,150,54,0.125,1.310791015625,NovaFresh Skin Care 250g,Personal Care,496.66,336.86,2248.0,0.0,213.37437139132055,1.0,Markdown / Clear,0.0,94216.10693847657
SKU01008,118,72,16,0.375,3.932373046875,PremiumSelect Storage & Containers Family Pack,Home & Kitchen,830.92,629.42,314.6666666666667,0.0,29.007326007326007,1.0,Markdown / Clear,0.0,71796.44575683594
SKU01010,67,201,49,0.25,4.37939453125,TrueTaste Hair Care Family Pack,Personal Care,439.53,283.72,268.0,0.0,14.298918497045378,1.0,Markdown / Clear,0.0,17766.71818359375
SKU01018,221,113,51,1.0,3.502197265625,SparkleClean Bath & Body 2L,Personal Care,242.43,141.2,221.0,0.0,62.103241547577554,1.0,Markdown / Clear,0.0,30710.689746093747
SKU01022,228,210,73,0.125,1.799072265625,NatureBlend Vitamins & Supplements Medium,Health & Wellness,859.9,658.79,1824.0,0.0,125.73198534400869,1.0,Markdown / Clear,0.0,149018.9091821289
SKU01041,44,134,51,0.875,6.920166015625,GoldenHarvest Men's Grooming 100g,Personal Care,395.7,235.77,50.285714285714285,0.0,5.358228964544011,1.0,Markdown / Clear,0.0,8742.312458496093
SKU01043,150,123,48,0.125,1.799072265625,PureLife Biscuits & Cookies 500ml,Snacks & Confectionery,89.02,61.83,1200.0,0.0,82.37630614737414,1.0,Markdown / Clear,0.0,9163.263361816405
SKU01046,7262,1695,554,0.25,1.310791015625,PrimeCare First Aid 1L,Health & Wellness,708.58,560.42,29048.0,0.0,5539.1661389458,1.0,Markdown / Clear,0.0,4069035.446499023
SKU01048,70,1251,470,0.625,5.984010031266841,EliteHome Notebooks 500ml,Stationery & Office,96.18,54.31,112.0,0.0,10.69784135291309,1.0,Markdown / Clear,0.0,3476.7084152018974
SKU01054,271,119,46,0.125,1.310791015625,DailyBest Men's Wear 500g,Apparel & Footwear,583.57,350.42,2168.0,0.0,205.7453902030173,1.0,Markdown / Clear,0.0,94504.49261230469
SKU01064,371,166,67,0.75,7.86474609375,PurePlus Cookware 1kg,Home & Kitchen,211.61,147.08,494.6666666666667,0.0,46.172533681008254,1.0,Markdown / Clear,0.0,53409.93314453126
SKU01067,499,286,100,0.25,2.62158203125,ValueChoice Frozen Meat 500g,Frozen Foods,429.35,240.67,1996.0,0.0,189.3430806481654,1.0,Markdown / Clear,0.0,119463.39385253905
SKU01070,7217,1643,561,0.125,1.310791015625,SparkleClean Pest Control Pack of 6,Home Care,202.07,133.29,57736.0,0.0,5504.835723598436,1.0,Markdown / Clear,0.0,961779.2146655273
SKU01081,696,376,113,0.25,1.40087890625,FamilyChoice Women's Wear Small,Apparel & Footwear,2680.16,1703.0,2784.0,0.0,495.8309515510631,1.0,Markdown / Clear,0.0,1182902.3032226562
SKU01082,363,223,87,0.5,4.9990234375,CrispKing Batteries Family Pack,Electronics & Accessories,513.43,358.94,726.0,0.0,71.61418245751123,1.0,Markdown / Clear,0.0,128500.87052734375
SKU01085,360,213,78,0.375,5.397216796875,DailyBest OTC Medicine Small,Health & Wellness,263.64,178.76,960.0,0.0,65.70104491789931,1.0,Markdown / Clear,0.0,63388.793525390625
SKU01088,185,126,37,0.25,0.700439453125,NutriPlus Juices 250ml,Beverages,183.33,129.11,740.0,0.0,263.11990240501916,1.0,Markdown / Clear,0.0,23794.916262207033
SKU01092,459,286,87,0.375,0.700439453125,EverydayPlus Men's Wear 250ml,Apparel & Footwear,1883.52,1152.13,1224.0,0.0,654.3028929940746,1.0,Markdown / Clear,0.0,528020.6726928712
SKU01100,304,183,78,0.625,6.553955078125,NovaFresh Notebooks Family Pack,Stationery & Office,170.38,96.66,486.4,0.0,45.38420562488359,1.0,Markdown / Clear,0.0,28751.134702148436
SKU01101,90,55,18,0.375,3.932373046875,FamilyChoice Namkeen 100g,Snacks & Confectionery,126.22,96.64,240.0,0.0,21.886943564909668,1.0,Markdown / Clear,0.0,8317.57546875
SKU01106,71,87,27,0.25,3.59814453125,HealthFirst Soft Drinks Pack of 12,Beverages,115.88,66.3,284.0,0.0,18.732392454878546,1.0,Markdown / Clear,0.0,4468.743017578125
SKU01110,79,97,36,0.375,1.799072265625,ZestyCo Footwear 500ml,Apparel & Footwear,1608.9,1034.8,210.66666666666666,0.0,42.911521237617045,1.0,Markdown / Clear,0.0,79887.52001953125
SKU01113,153,95,35,0.875,4.20263671875,SparkleClean Dishwashing Large,Home Care,298.97,186.15,174.85714285714286,0.0,35.40571627744859,1.0,Markdown / Clear,0.0,27698.62917480469
SKU01122,20,97,27,0.375,4.37939453125,PureLife Coffee 500ml,Beverages,145.52,103.44,53.333333333333336,0.0,3.566841342401606,1.0,Markdown / Clear,0.0,1615.7954296875
SKU01125,173,158,46,0.75,1.799072265625,GreenValley Kids Wear 250g,Apparel & Footwear,1145.77,715.98,230.66666666666666,0.0,95.1606730899715,1.0,Markdown / Clear,0.0,122576.44023925782
SKU01127,197,244,109,0.625,8.995361328125,SunriseFoods Vitamins & Supplements 500ml,Health & Wellness,817.54,649.66,315.2,0.0,20.900176414710273,1.0,Markdown / Clear,0.0,122139.0935595703
SKU01133,7078,1686,614,0.125,1.799072265625,GreenValley Oral Care 2kg,Personal Care,347.45,276.24,56624.0,0.0,3933.249966074094,1.0,Markdown / Clear,0.0,1954729.7442773439
SKU01135,176,82,28,0.375,5.397216796875,NutriPlus Oral Care 250ml,Personal Care,184.19,134.23,469.3333333333333,0.0,31.609399737639663,1.0,Markdown / Clear,0.0,22900.01158935547
SKU01137,401,171,73,0.375,2.711669921875,PurePlus Cookware Pack of 12,Home & Kitchen,1286.53,798.87,1069.3333333333333,0.0,146.87935536148376,1.0,Markdown / Clear,0.0,318180.59824951174
SKU01140,541,255,97,0.125,0.700439453125,NutriPlus OTC Medicine Pack of 6,Health & Wellness,467.27,275.98,4328.0,0.0,771.3722551411641,1.0,Markdown / Clear,0.0,149111.87271972658
SKU01157,454,199,59,0.375,2.101318359375,HomeStyle Eggs 1L,Dairy & Bakery,228.88,141.99,1210.6666666666667,0.0,215.05483908446612,1.0,Markdown / Clear,0.0,64165.09380615235
SKU01161,120,70,26,0.125,1.799072265625,NatureBlend Frozen Meat 2kg,Frozen Foods,440.73,259.83,960.0,0.0,65.70104491789931,1.0,Markdown / Clear,0.0,30712.147053222656
SKU01162,186,98,37,0.5,7.1962890625,CrispKing Hair Care Family Pack,Personal Care,154.8,85.18,372.0,0.0,24.84665490568598,1.0,Markdown / Clear,0.0,15230.500097656251
SKU01164,323,1090,362,0.875,6.483223369776786,SmartBuy Cookware Large,Home & Kitchen,241.81,152.68,369.14285714285717,0.0,48.820896424107126,1.0,Markdown / Clear,0.0,48325.781455902485
SKU01165,203,158,71,0.75,3.932373046875,HealthFirst Home Decor Pack of 6,Home & Kitchen,996.52,715.04,270.6666666666667,0.0,50.62277270751847,1.0,Markdown / Clear,0.0,142341.3159765625
SKU01168,51,79,29,0.125,0.700439453125,GreenValley OTC Medicine 1kg,Health & Wellness,269.77,176.59,408.0,0.0,71.81143255489718,1.0,Markdown / Clear,0.0,8882.399396972656
SKU01171,8117,1805,635,0.125,0.700439453125,TrueTaste Coffee Pack of 12,Beverages,83.0,56.64,64936.0,0.0,11587.439177413733,1.0,Markdown / Clear,0.0,459707.207109375
SKU01175,260,148,53,0.125,2.189697265625,FreshFarm Home Decor 500g,Home & Kitchen,618.29,340.63,2080.0,0.0,117.73787490244175,1.0,Markdown / Clear,0.0,87817.92342041015
SKU01179,7122,1622,605,0.125,1.310791015625,PurePlus Mobile Accessories Large,Electronics & Accessories,1331.57,735.54,56976.0,0.0,5432.360402309555,1.0,Markdown / Clear,0.0,5237551.740776367
SKU01183,152,119,48,0.375,3.932373046875,NatureBlend Dishwashing Small,Home Care,228.38,149.11,405.3333333333333,0.0,37.65350468740299,1.0,Markdown / Clear,0.0,22078.36385498047
SKU01184,8,56,26,0.25,2.189697265625,GoldenHarvest Men's Wear Pack of 12,Apparel & Footwear,891.4,587.09,32.0,0.0,2.6534730739212846,1.0,Markdown / Clear,0.0,3411.170632324219
SKU01190,58,45,13,0.125,0.700439453125,BasicNeeds Bath & Body 250ml,Personal Care,346.48,249.98,464.0,0.0,81.80515859184385,1.0,Markdown / Clear,0.0,14323.744145507811
SKU01195,521,371,124,0.25,4.37939453125,PureLife Chips & Crisps 1kg,Snacks & Confectionery,191.61,135.37,2084.0,0.0,117.96621696956183,1.0,Markdown / Clear,0.0,69934.93136230469
SKU01202,100,78,36,0.125,2.189697265625,SmartBuy Skin Care Large,Personal Care,330.45,250.32,800.0,0.0,44.66841342401605,1.0,Markdown / Clear,0.0,24483.87498046875
SKU01203,264,251,84,0.375,2.62158203125,EliteHome Laundry Pack of 12,Home Care,505.24,320.79,704.0,0.0,99.70255168560253,1.0,Markdown / Clear,0.0,83847.58270019531
SKU01205,317,175,54,0.25,4.37939453125,CityFresh Namkeen 1kg,Snacks & Confectionery,71.98,51.87,1268.0,0.0,71.38443527706545,1.0,Markdown / Clear,0.0,16215.630805664061
SKU01208,241,146,54,0.75,5.2431640625,TrueTaste Soft Drinks 2L,Beverages,116.35,66.73,321.3333333333333,0.0,44.964611659526916,1.0,Markdown / Clear,0.0,15732.053662109376
SKU01215,377,138,33,0.125,1.310791015625,PremiumSelect Ready Meals Large,Frozen Foods,268.96,180.07,3016.0,0.0,286.61259079903147,1.0,Markdown / Clear,0.0,67650.35586181641
SKU01226,92,47,15,0.125,2.189697265625,HomeStyle Office Supplies 500ml,Stationery & Office,148.05,112.53,736.0,0.0,41.01494035009477,1.0,Markdown / Clear,0.0,10106.353366699219
SKU01228,137,97,29,0.25,4.37939453125,HealthFirst Men's Wear Pack of 6,Apparel & Footwear,1373.33,1028.0,548.0,0.0,30.282863195450997,1.0,Markdown / Clear,0.0,136333.982421875
SKU01234,244,98,34,0.125,1.310791015625,GreenValley Cookware Medium,Home & Kitchen,2427.07,1431.69,1952.0,0.0,185.14714099459863,1.0,Markdown / Clear,0.0,347455.71361083986
SKU01241,207,95,38,0.25,3.59814453125,NovaFresh Eggs 500g,Dairy & Bakery,192.42,139.57,828.0,0.0,56.52965124168815,1.0,Markdown / Clear,0.0,28388.796967773436
SKU01242,349,202,64,0.5,7.1962890625,FreshFarm Frozen Meat 1L,Frozen Foods,414.93,322.4,698.0,0.0,47.49721807572262,1.0,Markdown / Clear,0.0,110197.51640625
SKU01243,202,85,39,0.875,2.101318359375,HomeStyle Notebooks Pack of 12,Stationery & Office,208.57,115.3,230.85714285714286,0.0,95.13012664110607,1.0,Markdown / Clear,0.0,23048.317993164062
SKU01248,82,88,42,0.375,4.37939453125,PremiumSelect Vitamins & Supplements 500ml,Health & Wellness,381.79,272.19,218.66666666666666,0.0,17.724049503846583,1.0,Markdown / Clear,0.0,21127.55260253906
SKU01254,180,118,33,0.25,0.700439453125,DailyBest Yogurt Family Pack,Dairy & Bakery,116.86,87.69,720.0,0.0,255.981526664343,1.0,Markdown / Clear,0.0,15722.778464355468
SKU01255,170,150,38,0.125,0.700439453125,PremiumSelect Candy Medium,Snacks & Confectionery,182.77,123.6,1360.0,0.0,241.7047751829906,1.0,Markdown / Clear,0.0,20925.42568359375
SKU01263,273,94,41,0.25,3.59814453125,BasicNeeds Milk Pack of 12,Dairy & Bakery,185.0,105.97,1092.0,0.0,74.87243859411046,1.0,Markdown / Clear,0.0,28548.51462402344
SKU01265,99,86,21,0.25,4.37939453125,EverydayPlus Vitamins & Supplements Pack of 12,Health & Wellness,1099.45,840.62,396.0,0.0,21.605864644887948,1.0,Markdown / Clear,0.0,79539.97336914063
SKU01268,513,294,99,0.375,1.40087890625,PurePlus Laundry Pack of 6,Home Care,336.73,187.34,1368.0,0.0,365.19867549668874,1.0,Markdown / Clear,0.0,95842.97934570313
SKU01272,107,134,33,0.625,6.553955078125,HealthFirst Writing Instruments 500ml,Stationery & Office,386.08,248.57,171.2,0.0,15.326019742968896,1.0,Markdown / Clear,0.0,24967.87338623047
SKU01276,114,177,55,0.375,5.397216796875,CityFresh Footwear Pack of 12,Apparel & Footwear,1990.24,1395.07,304.0,0.0,20.12199755733478,1.0,Markdown / Clear,0.0,151508.48476318357
SKU01277,221,115,48,0.5,7.5869140625,NatureBlend Small Appliances Medium,Electronics & Accessories,1564.08,1111.82,442.0,0.0,28.12910284463895,1.0,Markdown / Clear,0.0,237276.93720703124
SKU01278,367,209,81,0.875,6.39990234375,PureLife Storage & Containers Pack of 6,Home & Kitchen,1156.55,900.78,419.42857142857144,0.0,56.34462500953689,1.0,Markdown / Clear,0.0,324821.35596679687
SKU01280,364,245,69,0.125,1.799072265625,GreenValley Men's Wear 1kg,Apparel & Footwear,593.19,417.54,2912.0,0.0,201.3265029176279,1.0,Markdown / Clear,0.0,151233.37536621094
SKU01281,133,116,37,0.125,0.700439453125,PrimeCare Pest Control 250g,Home Care,181.51,123.56,1064.0,0.0,188.88079470198676,1.0,Markdown / Clear,0.0,16346.933701171874
SKU01287,8837,1877,690,0.125,1.310791015625,GreenValley Pest Control 250g,Home Care,399.07,302.1,70696.0,0.0,6740.730676103557,1.0,Markdown / Clear,0.0,2669261.71003418
SKU01288,140,97,42,0.25,2.62158203125,DailyBest Vitamins & Supplements 500ml,Health & Wellness,393.1,224.78,560.0,0.0,52.40286831812256,1.0,Markdown / Clear,0.0,30879.920791015626
SKU01294,44,106,29,0.75,1.40087890625,PurePlus Pest Control Small,Home Care,441.87,326.44,58.666666666666664,0.0,30.408853258975252,1.0,Markdown / Clear,0.0,13906.057089843749
SKU01302,368,262,92,0.375,3.932373046875,FamilyChoice Spices & Seasoning 500g,Grocery,251.67,147.39,981.3333333333334,0.0,92.58216924318619,1.0,Markdown / Clear,0.0,53659.927536621086
SKU01306,39,55,13,0.375,6.569091796875,ZestyCo Pulses & Lentils 500g,Grocery,271.58,213.41,104.0,0.0,4.936893745122087,1.0,Markdown / Clear,0.0,6921.080119628906
SKU01317,142,1566,558,1.25,5.873837449720387,TrueTaste First Aid 2kg,Health & Wellness,644.83,438.36,113.6,0.0,23.174996535997032,1.0,Markdown / Clear,0.0,59672.264615540575
SKU01324,80,74,29,0.25,2.189697265625,NutriPlus Candy Large,Snacks & Confectionery,63.63,50.43,320.0,0.0,35.53473073921285,1.0,Markdown / Clear,0.0,3923.9735668945314
SKU01325,46,103,41,0.375,5.397216796875,NatureBlend Notebooks 2kg,Stationery & Office,267.7,198.61,122.66666666666667,0.0,7.522911295064912,1.0,Markdown / Clear,0.0,8064.118771972657
SKU01331,633,258,91,0.625,2.189697265625,GoldenHarvest Tea Large,Beverages,87.75,69.69,1012.8,0.0,288.08105697402164,1.0,Markdown / Clear,0.0,43961.169997558594
SKU01332,158,99,38,0.125,1.310791015625,SparkleClean Sugar & Salt 100g,Grocery,66.62,49.24,1264.0,0.0,119.53790277519091,1.0,Markdown / Clear,0.0,7715.376650390625
SKU01343,85,128,55,0.875,9.32958984375,NovaFresh Pulses & Lentils 1L,Grocery,332.15,217.25,97.14285714285714,0.0,8.110797090071701,1.0,Markdown / Clear,0.0,16439.396606445312
SKU01349,64,65,30,0.75,6.553955078125,PurePlus Dishwashing 100g,Home Care,342.9,256.84,85.33333333333333,0.0,8.765095921028124,1.0,Markdown / Clear,0.0,14754.442177734374
SKU01351,537,263,86,0.375,0.700439453125,CrispKing Frozen Vegetables 1L,Frozen Foods,488.78,336.67,1432.0,0.0,765.6615545486233,1.0,Markdown / Clear,0.0,180555.9730493164
SKU01352,149,108,32,0.125,1.799072265625,PurePlus Yogurt 250ml,Dairy & Bakery,149.83,88.89,1192.0,0.0,81.82046410639164,1.0,Markdown / Clear,0.0,13084.690466308593
SKU01356,6931,1502,517,0.125,1.310791015625,TrueTaste Biscuits & Cookies Pack of 12,Snacks & Confectionery,188.2,119.86,55448.0,0.0,5286.646861612963,1.0,Markdown / Clear,0.0,830592.5485888672
SKU01357,295,172,56,0.625,4.722900390625,ZestyCo Home Decor Pack of 6,Home & Kitchen,1062.03,614.61,472.0,0.0,61.46161798914448,1.0,Markdown / Clear,0.0,178407.20819091797
SKU01359,172,167,54,0.875,2.62158203125,HomeStyle Home Decor 250g,Home & Kitchen,303.38,222.76,196.57142857142858,0.0,64.60923821940771,1.0,Markdown / Clear,0.0,37730.736386718745
SKU01360,610,278,85,0.375,1.310791015625,DailyBest Mobile Accessories Pack of 12,Electronics & Accessories,1309.57,944.88,1626.6666666666667,0.0,464.36785248649653,1.0,Markdown / Clear,0.0,575138.2597851562
SKU01374,99,127,44,0.25,2.62158203125,SmartBuy Coffee 250g,Beverages,77.09,52.83,396.0,0.0,36.76345688210095,1.0,Markdown / Clear,0.0,5091.671821289062
SKU01377,43,41,12,0.375,5.397216796875,CleanWave Milk 500ml,Dairy & Bakery,131.24,76.8,114.66666666666667,0.0,6.967069254082418,1.0,Markdown / Clear,0.0,2887.8937499999997
SKU01379,264,99,41,0.625,10.069580078125,BasicNeeds Sugar & Salt Large,Grocery,193.26,107.81,422.4,0.0,25.217577888228877,1.0,Markdown / Clear,0.0,27376.238571777343
SKU01383,292,203,66,0.625,5.397216796875,NatureBlend Writing Instruments Pack of 6,Stationery & Office,201.63,146.11,467.2,0.0,53.10195865562944,1.0,Markdown / Clear,0.0,41875.5326538086
SKU01399,224,134,36,0.375,3.932373046875,ZestyCo Surface Cleaners Large,Home Care,278.2,158.18,597.3333333333334,0.0,55.96305953933073,1.0,Markdown / Clear,0.0,34810.297231445315
SKU01401,874,367,129,0.125,2.189697265625,CleanWave Bread Pack of 6,Dairy & Bakery,200.09,159.44,6992.0,0.0,398.1419333259003,1.0,Markdown / Clear,0.0,139001.43466796874
SKU01402,584,268,88,1.5,7.0927734375,PurePlus Home Decor 250ml,Home & Kitchen,1239.24,693.84,389.3333333333333,0.0,81.3373261737574,1.0,Markdown / Clear,0.0,400281.31007812504
SKU01406,122,138,42,0.125,1.799072265625,ValueChoice Tea Small,Beverages,135.53,93.02,976.0,0.0,66.81272899986429,1.0,Markdown / Clear,0.0,11181.090297851562
SKU01407,7961,1735,631,0.375,3.932373046875,CleanWave Cookware Small,Home & Kitchen,1357.33,1082.62,21229.333333333332,0.0,2023.4773080027317,1.0,Markdown / Clear,0.0,8614480.554291992
SKU01411,116,69,20,0.125,1.310791015625,SoftTouch Bread 1L,Dairy & Bakery,218.18,167.58,928.0,0.0,87.49618178431737,1.0,Markdown / Clear,0.0,19219.617641601562
SKU01416,213,175,56,0.75,7.86474609375,EverydayPlus Dishwashing 250ml,Home Care,183.25,104.64,284.0,0.0,26.08288321847644,1.0,Markdown / Clear,0.0,21465.35296875
SKU01425,347,263,102,0.25,2.62158203125,CityFresh Soft Drinks 250ml,Beverages,43.38,28.79,1388.0,0.0,131.3628236170609,1.0,Markdown / Clear,0.0,9914.654653320313
SKU01429,339,187,52,0.25,2.62158203125,CityFresh Soft Drinks Small,Beverages,73.13,49.78,1356.0,0.0,128.31123114173963,1.0,Markdown / Clear,0.0,16744.917646484377
SKU01439,156,71,24,0.375,5.397216796875,FamilyChoice Cookware 500ml,Home & Kitchen,987.75,712.28,416.0,0.0,27.9037861310897,1.0,Markdown / Clear,0.0,107271.35041992187
SKU01444,415,204,75,0.125,0.700439453125,MetroBrand Spices & Seasoning Pack of 12,Grocery,346.92,272.69,3320.0,0.0,591.4851864761241,1.0,Markdown / Clear,0.0,112975.34716552735
SKU01445,325,161,58,0.375,2.101318359375,NutriPlus Small Appliances 100g,Electronics & Accessories,3469.54,2161.17,866.6666666666666,0.0,153.66480771465086,1.0,Markdown / Clear,0.0,697838.9438012695
SKU01446,143,212,61,0.25,2.189697265625,SmartBuy Bottled Water 2kg,Beverages,192.93,131.99,572.0,0.0,64.30583119634296,1.0,Markdown / Clear,0.0,18585.55185791016
SKU01455,423,382,110,0.125,1.799072265625,PureLife Bottled Water Family Pack,Beverages,98.09,57.25,3384.0,0.0,234.12118333559505,1.0,Markdown / Clear,0.0,24113.75311279297
SKU01462,168,85,35,0.625,1.310791015625,SparkleClean Soft Drinks 250g,Beverages,64.6,48.5,268.8,0.0,127.16688396349414,1.0,Markdown / Clear,0.0,8084.4266357421875
SKU01468,490,334,125,0.125,0.700439453125,PurePlus Ice Cream 250ml,Frozen Foods,645.85,484.21,3920.0,0.0,698.560822586267,1.0,Markdown / Clear,0.0,236923.74021240234
SKU01470,274,134,47,0.125,1.310791015625,TrueTaste Notebooks Family Pack,Stationery & Office,138.68,103.9,2192.0,0.0,208.0340845595083,1.0,Markdown / Clear,0.0,28332.408813476562
SKU01471,373,155,46,0.25,1.40087890625,BasicNeeds Milk Medium,Dairy & Bakery,98.1,65.01,1492.0,0.0,265.26141512722205,1.0,Markdown / Clear,0.0,24157.65886230469
SKU01476,121,43,21,0.375,6.569091796875,PureLife Writing Instruments 100g,Stationery & Office,259.28,163.94,322.6666666666667,0.0,17.41959341435314,1.0,Markdown / Clear,0.0,18759.80309082031
SKU01477,68,40,11,0.375,3.59814453125,MetroBrand Ready Meals 500g,Frozen Foods,296.17,167.26,181.33333333333334,0.0,17.898629393404804,1.0,Markdown / Clear,0.0,10771.854345703125
SKU01480,48,60,29,0.25,4.37939453125,MetroBrand Juices 1kg,Beverages,136.33,83.8,192.0,0.0,9.960419221763853,1.0,Markdown / Clear,0.0,3655.40673828125
SKU01486,164,136,49,0.375,2.101318359375,CrispKing Frozen Vegetables Large,Frozen Foods,571.01,435.99,437.3333333333333,0.0,77.04624143139306,1.0,Markdown / Clear,0.0,70586.20620849609
SKU01489,56,74,16,0.625,3.932373046875,ZestyCo Namkeen Small,Snacks & Confectionery,110.32,84.17,89.6,0.0,13.240764884832682,1.0,Markdown / Clear,0.0,4382.532160644531
SKU01494,623,394,146,0.375,2.101318359375,PremiumSelect First Aid 2L,Health & Wellness,1136.73,646.36,1661.3333333333333,0.0,295.48053909608456,1.0,Markdown / Clear,0.0,401324.0718652344
SKU01501,164,83,33,0.125,1.799072265625,SunriseFoods Biscuits & Cookies Small,Snacks & Confectionery,99.7,55.18,1312.0,0.0,90.15809472112906,1.0,Markdown / Clear,0.0,8950.247192382812
SKU01507,108,1518,523,0.875,5.966639648793881,CleanWave Home Decor Pack of 6,Home & Kitchen,220.84,153.68,123.42857142857143,0.0,17.100640621364075,1.0,Markdown / Clear,0.0,15680.486818773355
SKU01514,509,257,91,0.25,1.310791015625,FreshFarm Frozen Meat Pack of 6,Frozen Foods,870.11,614.97,2036.0,0.0,387.315142484634,1.0,Markdown / Clear,0.0,312213.6328491211
SKU01523,254,111,36,0.125,0.700439453125,SmartBuy Butter & Ghee 2kg,Dairy & Bakery,291.48,214.94,2032.0,0.0,361.6294876263506,1.0,Markdown / Clear,0.0,54444.20754394531
SKU01525,40,27,12,0.25,2.62158203125,FamilyChoice Batteries 250ml,Electronics & Accessories,1885.36,1293.63,160.0,0.0,14.257962376606445,1.0,Markdown / Clear,0.0,48353.84283691407
SKU01526,299,138,38,0.75,1.40087890625,MetroBrand Office Supplies 250g,Stationery & Office,199.18,152.23,398.6666666666667,0.0,212.4374346462182,1.0,Markdown / Clear,0.0,45303.51420410156
SKU01529,349,224,82,0.5,2.62158203125,DailyBest Office Supplies 500ml,Stationery & Office,112.23,65.85,698.0,0.0,132.12572173589123,1.0,Markdown / Clear,0.0,22809.018823242186
SKU01534,495,172,45,0.375,5.690185546875,ZestyCo Footwear 2L,Apparel & Footwear,2964.57,2016.22,1320.0,0.0,85.99189084824302,1.0,Markdown / Clear,0.0,986556.2340966797
SKU01535,154,81,35,0.75,2.101318359375,NutriPlus Hair Care 250ml,Personal Care,296.6,212.84,205.33333333333334,0.0,72.28732427094225,1.0,Markdown / Clear,0.0,32330.115400390627
SKU01537,13,61,29,0.125,0.700439453125,QuickBite Laundry Large,Home Care,499.72,391.43,104.0,0.0,17.559776925758104,1.0,Markdown / Clear,0.0,4814.416984863281
SKU01542,9288,1985,666,0.125,2.189697265625,FamilyChoice Home Decor 1L,Home & Kitchen,2612.73,1593.84,74304.0,0.0,4240.682238822611,1.0,Markdown / Clear,0.0,14800095.892910156
SKU01544,64,42,15,0.5,2.101318359375,NatureBlend Bath & Body Pack of 6,Personal Care,131.34,77.01,128.0,0.0,29.457069826885093,1.0,Markdown / Clear,0.0,4766.8174731445315
SKU01547,160,1397,480,0.625,5.333251953125,SparkleClean Pest Control 500g,Home Care,165.64,97.6,256.0,0.0,29.0004577706569,1.0,Markdown / Clear,0.0,15095.474609375
SKU01549,317,231,74,0.5,3.932373046875,NatureBlend Hair Care 100g,Personal Care,235.17,160.77,634.0,0.0,79.61290122307071,1.0,Markdown / Clear,0.0,50331.882385253906
SKU01551,275,141,49,0.375,1.310791015625,PureLife Yogurt Pack of 12,Dairy & Bakery,179.55,133.68,733.3333333333334,0.0,208.79698267833862,1.0,Markdown / Clear,0.0,36586.77345703125
SKU01555,11,41,19,1.0,1.40087890625,GreenValley Office Supplies Pack of 12,Stationery & Office,110.36,77.96,11.0,0.0,6.852213314743813,1.0,Markdown / Clear,0.0,748.34748046875
SKU01558,7335,1616,560,0.375,6.569091796875,GoldenHarvest Cookware 500g,Home & Kitchen,541.45,423.1,19560.0,0.0,1115.5927082171925,1.0,Markdown / Clear,0.0,3100659.1172607425
SKU01562,81,95,23,0.375,3.10986328125,BasicNeeds Dishwashing Small,Home Care,474.21,366.56,216.0,0.0,25.046161092793216,1.0,Markdown / Clear,0.0,28551.408515625
SKU01568,7425,1729,551,0.375,3.932373046875,ValueChoice Bath & Body Large,Personal Care,363.73,231.36,19800.0,0.0,1887.1728441050475,1.0,Markdown / Clear,0.0,1716938.2061718751
SKU01570,395,202,92,0.25,2.62158203125,GoldenHarvest Ice Cream 500g,Frozen Foods,760.34,605.14,1580.0,0.0,149.67237846898863,1.0,Markdown / Clear,0.0,237443.87584960938
SKU01572,199,69,14,0.25,1.310791015625,NutriPlus Mobile Accessories 500g,Electronics & Accessories,1183.62,931.63,796.0,0.0,150.8167256472341,1.0,Markdown / Clear,0.0,184173.19776611327
SKU01575,254,226,77,0.375,5.397216796875,FreshFarm Frozen Meat 1L,Frozen Foods,500.0,339.34,677.3333333333334,0.0,46.061292803184514,1.0,Markdown / Clear,0.0,84360.86845214842
SKU01576,25,97,47,0.5,7.1962890625,QuickBite Kids Wear 1L,Apparel & Footwear,709.54,471.58,50.0,0.0,2.474012756140589,1.0,Markdown / Clear,0.0,8395.87400390625
SKU01585,261,135,43,0.125,0.700439453125,SunriseFoods Cookware 2kg,Home & Kitchen,1147.66,846.09,2088.0,0.0,371.6232136632973,1.0,Markdown / Clear,0.0,220236.85518310548
SKU01590,438,399,129,0.5,2.8017578125,HomeStyle Chocolates 250g,Snacks & Confectionery,92.68,64.45,876.0,0.0,155.33042872080864,1.0,Markdown / Clear,0.0,28048.526708984376
SKU01596,311,254,102,0.125,1.799072265625,GreenValley Office Supplies 1kg,Stationery & Office,251.23,193.1,2488.0,0.0,171.86687474555572,1.0,Markdown / Clear,0.0,59706.69914550781
SKU01601,127,81,39,1.0,7.49853515625,GreenValley Office Supplies 2L,Stationery & Office,137.22,99.46,127.0,0.0,15.93664127108159,1.0,Markdown / Clear,0.0,11885.615693359374
SKU01608,416,226,79,0.375,0.700439453125,SparkleClean First Aid 500ml,Health & Wellness,171.7,106.28,1109.3333333333333,0.0,592.9128616242593,1.0,Markdown / Clear,0.0,44138.03729492187
SKU01610,264,120,28,0.75,11.57568359375,FreshFarm Ready Meals 500ml,Frozen Foods,579.62,399.28,352.0,0.0,21.806428481039354,1.0,Markdown / Clear,0.0,100787.9810546875
SKU01618,233,82,23,0.125,1.310791015625,NatureBlend Surface Cleaners 2kg,Home Care,283.48,182.79,1864.0,0.0,176.75526168746507,1.0,Markdown / Clear,0.0,42350.4705102539
SKU01619,315,239,73,0.375,2.101318359375,CleanWave Flour & Atta 2L,Grocery,237.98,150.52,840.0,0.0,148.90589055420006,1.0,Markdown / Clear,0.0,47097.50956054688
SKU01628,179,142,48,0.75,1.310791015625,PremiumSelect Bottled Water 500ml,Beverages,156.18,101.09,238.66666666666666,0.0,135.55876327062768,1.0,Markdown / Clear,0.0,17962.60213623047
SKU01631,236,111,40,0.25,2.62158203125,GreenValley Sugar & Salt 250g,Grocery,301.59,203.02,944.0,0.0,89.02197802197803,1.0,Markdown / Clear,0.0,47380.48641601563
SKU01632,199,213,79,0.125,0.700439453125,NatureBlend Skin Care Pack of 12,Personal Care,354.51,274.81,1592.0,0.0,283.1073544789125,1.0,Markdown / Clear,0.0,54494.70223388672
SKU01652,47,102,42,0.625,8.995361328125,BasicNeeds Laundry 1L,Home Care,193.07,117.33,75.2,0.0,4.224915185235446,1.0,Markdown / Clear,0.0,4459.084255371094
SKU01657,282,173,53,0.125,1.310791015625,HealthFirst Cooking Oil 1L,Grocery,230.15,182.07,2256.0,0.0,214.13726951015087,1.0,Markdown / Clear,0.0,51105.08427978515
SKU01660,228,163,50,0.25,2.62158203125,EverydayPlus Office Supplies Large,Stationery & Office,138.0,78.7,912.0,0.0,85.97038554665673,1.0,Markdown / Clear,0.0,17737.281494140625
SKU01671,255,219,92,0.375,6.569091796875,SparkleClean Eggs Family Pack,Dairy & Bakery,102.7,60.6,680.0,0.0,37.81815141041365,1.0,Markdown / Clear,0.0,15054.913037109376
SKU01673,85,53,19,0.5,5.7802734375,EliteHome Yogurt 500g,Dairy & Bakery,150.17,111.24,170.0,0.0,13.705186686940362,1.0,Markdown / Clear,0.0,8812.4023828125
SKU01677,189,1398,498,0.75,5.566459116114781,ValueChoice Tea Pack of 6,Beverages,127.3,74.18,252.0,0.0,32.95336174352723,1.0,Markdown / Clear,0.0,13607.100062766607
SKU01679,279,166,65,0.375,0.700439453125,NutriPlus First Aid 2kg,Health & Wellness,1739.03,1157.07,744.0,0.0,397.32136632973163,1.0,Markdown / Clear,0.0,322012.07252197264
SKU01681,76,158,54,0.5,2.62158203125,ValueChoice Bath & Body 2kg,Personal Care,544.45,370.14,152.0,0.0,27.990128515552243,1.0,Markdown / Clear,0.0,27160.287626953123
SKU01682,336,235,72,0.75,5.397216796875,EliteHome Notebooks Medium,Stationery & Office,254.03,178.16,448.0,0.0,61.25430859003935,1.0,Markdown / Clear,0.0,58900.19185546875
SKU01685,202,1201,417,0.375,2.101318359375,FamilyChoice Skin Care Large,Personal Care,135.27,77.19,538.6666666666666,0.0,95.13012664110607,1.0,Markdown / Clear,0.0,15430.179235839843
SKU01688,17,54,16,0.25,3.10986328125,FamilyChoice Milk 250ml,Dairy & Bakery,158.65,100.64,68.0,0.0,4.466478254043021,1.0,Markdown / Clear,0.0,1397.903359375
SKU01690,187,112,30,1.0,9.175537109375,FreshFarm Ready Meals 250g,Frozen Foods,721.65,397.68,187.0,0.0,19.380278317324322,1.0,Markdown / Clear,0.0,70717.23240234375
SKU01694,209,81,18,0.375,3.59814453125,NovaFresh Storage & Containers Medium,Home & Kitchen,985.32,544.09,557.3333333333334,0.0,57.08549328267065,1.0,Markdown / Clear,0.0,111757.0955419922
SKU01699,162,174,61,0.125,0.700439453125,ZestyCo Frozen Meat 500g,Frozen Foods,228.35,139.46,1296.0,0.0,230.28337399790868,1.0,Markdown / Clear,0.0,22494.83671386719
SKU01714,99,119,34,0.875,5.397216796875,GoldenHarvest Oral Care 100g,Personal Care,336.72,190.75,113.14285714285714,0.0,17.34278735242231,1.0,Markdown / Clear,0.0,17854.730895996094
SKU01719,287,97,33,0.125,1.310791015625,DailyBest Spices & Seasoning Medium,Grocery,460.32,349.47,2296.0,0.0,217.95176010430248,1.0,Markdown / Clear,0.0,99839.80786376954
SKU01723,254,107,38,0.125,1.799072265625,NovaFresh OTC Medicine 2kg,Health & Wellness,156.57,104.86,2032.0,0.0,140.18387840955353,1.0,Markdown / Clear,0.0,26445.789282226564
SKU01724,91,34,10,0.25,3.59814453125,GoldenHarvest Notebooks 500ml,Stationery & Office,291.92,215.0,364.0,0.0,24.290812864703486,1.0,Markdown / Clear,0.0,18791.39892578125
SKU01725,148,147,46,0.625,7.1962890625,EliteHome Oral Care 250ml,Personal Care,237.47,182.13,236.8,0.0,19.566155516352286,1.0,Markdown / Clear,0.0,25644.579873046874
SKU01730,131,88,27,0.25,0.700439453125,PremiumSelect Tea 500g,Beverages,100.9,65.19,524.0,0.0,186.02544440571629,1.0,Markdown / Clear,0.0,8494.22835205078
SKU01731,102,50,24,0.75,3.502197265625,CrispKing Hair Care Pack of 12,Personal Care,224.15,139.96,136.0,0.0,28.12457302195887,1.0,Markdown / Clear,0.0,13785.752470703126
SKU01734,462,221,91,0.125,2.189697265625,EliteHome Cookware 2kg,Home & Kitchen,2832.13,2074.54,3696.0,0.0,209.98807001895418,1.0,Markdown / Clear,0.0,953894.8654345702
SKU01739,158,99,49,0.125,0.700439453125,FamilyChoice Rice & Grains Large,Grocery,501.28,335.99,1264.0,0.0,224.57267340536774,1.0,Markdown / Clear,0.0,52851.079348144536
SKU01740,146,109,45,0.125,2.189697265625,PurePlus Pest Control Medium,Home Care,535.95,324.61,1168.0,0.0,65.67588359906344,1.0,Markdown / Clear,0.0,46682.26237060547
SKU01743,221,84,23,0.375,1.799072265625,HomeStyle Cookware 250g,Home & Kitchen,1398.86,953.78,589.3333333333334,0.0,121.84109105713122,1.0,Markdown / Clear,0.0,209069.46085449218
SKU01746,369,185,47,0.125,1.310791015625,PureLife Home Decor Pack of 12,Home & Kitchen,1073.45,630.2,2952.0,0.0,280.5094058483889,1.0,Markdown / Clear,0.0,231717.73950195315
SKU01751,170,1522,500,0.5,4.6328125,SmartBuy Frozen Vegetables Family Pack,Frozen Foods,459.81,304.45,340.0,0.0,35.694772344013494,1.0,Markdown / Clear,0.0,50346.040234374996
SKU01754,7380,1605,580,0.25,4.37939453125,EverydayPlus Chocolates 250g,Snacks & Confectionery,85.71,51.7,29520.0,0.0,1684.1644553461924,1.0,Markdown / Clear,0.0,381319.5853027344
SKU01756,872,408,159,0.875,3.502197265625,EverydayPlus Chips & Crisps 500g,Snacks & Confectionery,147.79,108.83,996.5714285714286,0.0,247.98654583478563,1.0,Markdown / Clear,0.0,94518.61587158203
SKU01760,117,119,46,0.625,2.189697265625,PrimeCare Office Supplies 500g,Stationery & Office,257.59,176.48,187.2,0.0,52.43204370609878,1.0,Markdown / Clear,0.0,20261.7222265625
SKU01764,322,114,47,0.375,5.397216796875,ValueChoice Footwear Family Pack,Apparel & Footwear,2017.27,1173.71,858.6666666666666,0.0,58.66037906545438,1.0,Markdown / Clear,0.0,371599.85267333983
SKU01768,157,75,24,0.125,0.700439453125,PureLife Laundry Pack of 6,Home Care,361.67,210.55,1256.0,0.0,223.1449982572325,1.0,Markdown / Clear,0.0,32908.87247314453
SKU01774,240,144,45,0.625,4.420654296875,UrbanBite Air Fresheners Pack of 6,Home Care,129.33,77.17,384.0,0.0,53.290605843044126,1.0,Markdown / Clear,0.0,18179.658107910156
SKU01776,362,152,60,0.375,6.569091796875,SunriseFoods Soft Drinks Pack of 6,Beverages,149.32,90.22,965.3333333333334,0.0,54.106552198312706,1.0,Markdown / Clear,0.0,32066.976538085935
SKU01778,201,133,45,0.75,4.5107421875,ZestyCo Juices Medium,Beverages,125.27,86.33,268.0,0.0,43.56029443602512,1.0,Markdown / Clear,0.0,16962.917626953124
SKU01788,165,88,38,0.25,3.59814453125,NutriPlus Frozen Meat 1L,Frozen Foods,627.45,365.29,660.0,0.0,44.85696838105577,1.0,Markdown / Clear,0.0,58958.48378417969
SKU01790,5176,1228,453,0.25,2.62158203125,HealthFirst Candy 250ml,Snacks & Confectionery,128.94,101.51,20704.0,0.0,1973.380331532874,1.0,Markdown / Clear,0.0,525149.6432080078
SKU01794,74,88,31,0.625,2.101318359375,PurePlus Cooking Oil Medium,Grocery,397.99,275.65,118.4,0.0,34.21598698733589,1.0,Markdown / Clear,0.0,19818.87159423828
SKU01798,221,110,30,0.25,4.37939453125,CityFresh Writing Instruments 100g,Stationery & Office,146.72,96.84,884.0,0.0,49.46359683353774,1.0,Markdown / Clear,0.0,20977.53943359375
SKU01804,233,171,55,0.875,4.37939453125,TrueTaste Pest Control Small,Home Care,220.92,148.59,266.2857142857143,0.0,52.20370163897871,1.0,Markdown / Clear,0.0,33970.73576660157
SKU01810,220,175,60,0.5,6.09765625,QuickBite Chocolates Medium,Snacks & Confectionery,129.49,101.5,440.0,0.0,35.07943625880846,1.0,Markdown / Clear,0.0,21711.087890625
SKU01811,65,49,20,0.625,1.799072265625,SmartBuy Cookware 250g,Home & Kitchen,1351.94,865.14,104.0,0.0,35.12973266386213,1.0,Markdown / Clear,0.0,54677.65062011719
SKU01815,44,91,24,0.75,1.310791015625,GoldenHarvest Men's Wear 2L,Apparel & Footwear,1240.67,931.93,58.666666666666664,0.0,32.56751722853418,1.0,Markdown / Clear,0.0,39783.354528808595
SKU01817,436,215,58,0.5,2.8017578125,NutriPlus Men's Grooming Small,Personal Care,321.17,199.48,872.0,0.0,154.61659114674103,1.0,Markdown / Clear,0.0,86414.3853515625
SKU01821,87,61,23,0.625,3.502197265625,PureLife Men's Wear Pack of 12,Apparel & Footwear,2543.99,1468.0,139.2,0.0,23.841547577553154,1.0,Markdown / Clear,0.0,122574.7744140625
SKU01823,216,139,58,0.5,1.40087890625,EliteHome Mobile Accessories 1L,Electronics & Accessories,1248.39,928.4,432.0,0.0,153.18891599860578,1.0,Markdown / Clear,0.0,199233.82402343748
SKU01824,164,59,12,0.25,0.700439453125,PurePlus Bath & Body Family Pack,Personal Care,324.93,215.83,656.0,0.0,233.13872429417916,1.0,Markdown / Clear,0.0,35244.94415283203
SKU01829,145,112,52,1.125,9.75390625,NatureBlend Flour & Atta 250g,Grocery,385.77,256.67,128.88888888888889,0.0,13.86583900680817,1.0,Markdown / Clear,0.0,34713.6148828125
SKU01832,313,124,45,0.125,0.700439453125,GreenValley First Aid 1kg,Health & Wellness,193.39,119.36,2504.0,0.0,445.86232136632975,1.0,Markdown / Clear,0.0,37276.075546875
SKU01835,244,165,50,0.625,7.1962890625,PureLife OTC Medicine Large,Health & Wellness,1074.02,674.0,390.4,0.0,32.906364499932145,1.0,Markdown / Clear,0.0,159605.701171875
SKU01836,126,67,26,1.75,11.616943359375,NatureBlend Footwear 500ml,Apparel & Footwear,1656.58,945.28,72.0,0.0,9.846226593531304,1.0,Markdown / Clear,0.0,108124.01578125
SKU01837,120,126,44,0.375,2.101318359375,EverydayPlus Kids Wear 100g,Apparel & Footwear,1716.89,1105.91,320.0,0.0,56.10700592540955,1.0,Markdown / Clear,0.0,130385.3310131836
SKU01838,374,164,67,0.25,2.62158203125,SmartBuy Namkeen Large,Snacks & Confectionery,125.59,86.43,1496.0,0.0,141.66194822127025,1.0,Markdown / Clear,0.0,32098.236665039065
SKU01840,344,163,50,0.5,7.1962890625,EliteHome Notebooks Pack of 6,Stationery & Office,117.69,75.55,688.0,0.0,46.802415524494506,1.0,Markdown / Clear,0.0,25445.520361328123
SKU01847,92,45,15,0.25,1.40087890625,PurePlus Frozen Meat 100g,Frozen Foods,723.74,457.02,368.0,0.0,64.67305681422098,1.0,Markdown / Clear,0.0,41405.610322265624
SKU01856,295,161,41,0.375,2.101318359375,EliteHome Soft Drinks 500g,Beverages,195.51,128.08,786.6666666666666,0.0,139.38805623329847,1.0,Markdown / Clear,0.0,37514.463144531255
SKU01860,28,67,33,0.125,0.700439453125,PurePlus OTC Medicine Pack of 12,Health & Wellness,211.67,148.23,224.0,0.0,38.97490414778669,1.0,Markdown / Clear,0.0,4046.613859863281
SKU01863,5913,1353,501,0.375,1.799072265625,NutriPlus Coffee 2kg,Beverages,56.57,35.08,15768.0,0.0,3285.6939883294885,1.0,Markdown / Clear,0.0,207364.92854492186
SKU01864,130,59,27,0.125,0.700439453125,QuickBite Writing Instruments 2L,Stationery & Office,228.71,170.38,1040.0,0.0,184.59776925758104,1.0,Markdown / Clear,0.0,22030.05912597656
SKU01870,152,94,26,0.75,3.10986328125,PremiumSelect Dishwashing Medium,Home Care,226.16,158.21,202.66666666666666,0.0,47.87674674203171,1.0,Markdown / Clear,0.0,23555.90853027344
SKU01872,157,91,36,0.125,1.799072265625,TrueTaste OTC Medicine 2kg,Health & Wellness,577.52,338.12,1256.0,0.0,86.26720043425159,1.0,Markdown / Clear,0.0,52476.53768554688
SKU01876,95,83,38,0.25,2.62158203125,NovaFresh Pest Control 1L,Home Care,282.4,223.6,380.0,0.0,35.237660644440304,1.0,Markdown / Clear,0.0,20655.8142578125
SKU01885,193,224,77,0.25,3.10986328125,EverydayPlus Office Supplies 1kg,Stationery & Office,307.39,173.51,772.0,0.0,61.06060606060606,1.0,Markdown / Clear,0.0,32947.837622070314
SKU01897,356,157,60,0.375,4.298583984375,QuickBite Surface Cleaners 1L,Home Care,492.22,323.03,949.3333333333334,0.0,81.81797012551826,1.0,Markdown / Clear,0.0,113610.10841552733
SKU01900,701,355,128,0.375,6.569091796875,PremiumSelect First Aid 500g,Health & Wellness,330.24,234.38,1869.3333333333333,0.0,105.71185936745086,1.0,Markdown / Clear,0.0,162760.71626464842
SKU01902,291,191,66,1.5,6.03369140625,FamilyChoice Butter & Ghee Medium,Dairy & Bakery,65.43,44.77,194.0,0.0,47.22918184025249,1.0,Markdown / Clear,0.0,12757.941635742189
SKU01904,165,85,34,0.125,1.310791015625,UrbanBite Notebooks Medium,Stationery & Office,280.72,205.69,1320.0,0.0,124.87818960700316,1.0,Markdown / Clear,0.0,33669.233395996096
SKU01916,324,160,61,0.375,2.62158203125,GreenValley Frozen Meat 500g,Frozen Foods,572.96,391.3,864.0,0.0,122.5894952505122,1.0,Markdown / Clear,0.0,125755.37495117188
SKU01922,62,26,10,0.125,1.310791015625,FamilyChoice OTC Medicine 1kg,Health & Wellness,810.44,614.73,496.0,0.0,46.29968336747998,1.0,Markdown / Clear,0.0,37307.477438964845
SKU01927,21,22,9,0.375,3.932373046875,TrueTaste Pest Control Small,Home Care,234.12,130.86,56.0,0.0,4.340286831812255,1.0,Markdown / Clear,0.0,2233.4696630859376
SKU01933,104,152,52,0.125,0.700439453125,HealthFirst Eggs 2L,Dairy & Bakery,226.4,166.55,832.0,0.0,147.47821540606483,1.0,Markdown / Clear,0.0,17204.54180908203
SKU01937,239,105,32,1.375,8.580322265625,BasicNeeds Batteries Family Pack,Electronics & Accessories,1685.23,1286.62,173.8181818181818,0.0,26.854431640347133,1.0,Markdown / Clear,0.0,296462.56576660153
SKU01942,208,147,43,0.375,1.310791015625,SoftTouch Butter & Ghee 1L,Dairy & Bakery,85.64,59.78,554.6666666666666,0.0,157.68280871670703,1.0,Markdown / Clear,0.0,12355.880913085937
SKU01948,148,99,40,0.25,1.799072265625,GoldenHarvest Cookware Small,Home & Kitchen,1592.06,1248.7,592.0,0.0,81.26462206540914,1.0,Markdown / Clear,0.0,182561.09846191408
SKU01953,288,149,65,1.25,8.8994140625,UrbanBite Namkeen 250ml,Snacks & Confectionery,309.85,245.97,230.4,0.0,31.361681114890814,1.0,Markdown / Clear,0.0,68650.37112304688
SKU01956,148,64,28,0.5,3.59814453125,PremiumSelect Butter & Ghee Small,Dairy & Bakery,260.31,159.3,296.0,0.0,40.13231103270457,1.0,Markdown / Clear,0.0,23003.215576171875
SKU01962,403,287,110,0.625,6.553955078125,PurePlus Small Appliances 500g,Electronics & Accessories,1750.03,1143.12,644.8,0.0,60.48958837772397,1.0,Markdown / Clear,0.0,453185.4028710937
SKU01963,295,182,78,0.125,1.310791015625,NatureBlend Home Decor 250ml,Home & Kitchen,522.2,405.77,2360.0,0.0,224.05494505494505,1.0,Markdown / Clear,0.0,119170.27032958984
SKU01966,158,88,25,0.25,2.62158203125,EliteHome Candy Small,Snacks & Confectionery,110.6,87.1,632.0,0.0,59.26895138759546,1.0,Markdown / Clear,0.0,13533.460205078125
SKU01967,280,166,61,0.375,3.932373046875,GoldenHarvest Writing Instruments 1L,Stationery & Office,206.98,157.43,746.6666666666666,0.0,70.2038244241634,1.0,Markdown / Clear,0.0,43461.32651123047
SKU01974,135,108,35,0.125,2.189697265625,PrimeCare First Aid 1kg,Health & Wellness,998.87,609.91,1080.0,0.0,60.652358122421674,1.0,Markdown / Clear,0.0,81002.33174072266
SKU01982,236,123,32,1.25,6.7080078125,FamilyChoice Office Supplies 250ml,Stationery & Office,88.35,63.53,188.8,0.0,34.181831416508956,1.0,Markdown / Clear,0.0,14566.920263671875
SKU01988,44,1077,384,0.75,10.20849609375,FreshFarm Sugar & Salt Pack of 12,Grocery,331.12,186.02,58.666666666666664,0.0,3.3101353613622235,1.0,Markdown / Clear,0.0,6285.895556640626
SKU01989,421,183,64,0.125,1.310791015625,EliteHome Frozen Vegetables 500g,Frozen Foods,367.67,222.28,3368.0,0.0,320.18010802756567,1.0,Markdown / Clear,0.0,93288.51737304688
SKU01990,44,35,15,0.5,3.932373046875,UrbanBite Hair Care Small,Personal Care,161.94,114.87,88.0,0.0,10.189172409511393,1.0,Markdown / Clear,0.0,4602.5683081054685
SKU02001,293,124,27,0.125,1.799072265625,GreenValley Bread 1kg,Dairy & Bakery,79.68,49.09,2344.0,0.0,161.86171800787082,1.0,Markdown / Clear,0.0,14295.05354248047
SKU02002,76,32,15,0.5,2.711669921875,MetroBrand Butter & Ghee 1L,Dairy & Bakery,251.48,194.29,152.0,0.0,27.027009993697668,1.0,Markdown / Clear,0.0,14239.189650878905
SKU02007,409,218,92,0.125,1.310791015625,FamilyChoice Air Fresheners 2kg,Home Care,237.34,142.46,3272.0,0.0,311.0253306016018,1.0,Markdown / Clear,0.0,58079.40471191407
SKU02021,122,138,50,0.625,10.069580078125,PureLife Sugar & Salt 2L,Grocery,296.61,175.75,195.2,0.0,11.115698872590617,1.0,Markdown / Clear,0.0,19671.77130126953
SKU02024,147,99,26,1.25,5.397216796875,SunriseFoods Women's Wear 500g,Apparel & Footwear,1610.6,899.92,117.6,0.0,26.236260008142217,1.0,Markdown / Clear,0.0,127431.17666015624
SKU02028,211,114,31,0.25,4.37939453125,CleanWave Air Fresheners 1L,Home Care,349.07,236.24,844.0,0.0,47.18017616233694,1.0,Markdown / Clear,0.0,48812.0518359375
SKU02030,222,187,66,0.25,1.310791015625,SparkleClean Dishwashing Pack of 6,Home Care,339.2,251.36,888.0,0.0,168.36338238033153,1.0,Markdown / Clear,0.0,55472.439570312505
SKU02033,46,87,36,0.25,3.59814453125,PurePlus Vitamins & Supplements 2L,Health & Wellness,939.05,656.42,184.0,0.0,11.784366942597368,1.0,Markdown / Clear,0.0,27833.425966796873
SKU02037,143,133,49,0.125,2.189697265625,GreenValley Butter & Ghee 250ml,Dairy & Bakery,223.51,145.73,1144.0,0.0,64.30583119634296,1.0,Markdown / Clear,0.0,20520.285417480467
SKU02040,99,214,87,0.375,2.62158203125,CityFresh Vitamins & Supplements 250g,Health & Wellness,1563.18,1157.98,264.0,0.0,36.76345688210095,1.0,Markdown / Clear,0.0,111604.28043945313
SKU02047,362,177,64,0.625,8.995361328125,NovaFresh Cheese Pack of 6,Dairy & Bakery,319.7,218.63,579.2,0.0,39.24296376713258,1.0,Markdown / Clear,0.0,77177.40415283202
SKU02050,90,177,59,0.625,2.8017578125,UrbanBite Chocolates 500ml,Snacks & Confectionery,90.73,60.97,144.0,0.0,31.122690833042874,1.0,Markdown / Clear,0.0,5316.476826171875
SKU02056,105,41,13,0.25,1.40087890625,PremiumSelect Kids Wear 2kg,Apparel & Footwear,1399.72,878.95,420.0,0.0,73.95294527710003,1.0,Markdown / Clear,0.0,91058.44748535157
SKU02062,63,39,9,0.25,1.40087890625,CityFresh Men's Wear 500ml,Apparel & Footwear,1854.01,1133.64,252.0,0.0,43.97176716626002,1.0,Markdown / Clear,0.0,69831.22763671876
SKU02068,53,1048,398,0.625,1.310791015625,SoftTouch Notebooks 1kg,Stationery & Office,249.89,149.93,84.8,0.0,39.43360029800708,1.0,Markdown / Clear,0.0,7749.763103027344
SKU02071,365,285,129,0.75,5.397216796875,NutriPlus Writing Instruments 1kg,Stationery & Office,179.94,141.8,486.6666666666667,0.0,66.6274483195368,1.0,Markdown / Clear,0.0,50991.67465820313
SKU02077,4,31,13,0.75,0.700439453125,CrispKing Cookware Medium,Home & Kitchen,448.21,336.6,5.333333333333333,0.0,4.710700592540955,1.0,Markdown / Clear,0.0,1110.632080078125
SKU02082,73,97,34,0.625,1.310791015625,TrueTaste Spices & Seasoning Pack of 6,Grocery,218.25,140.63,116.8,0.0,54.69156267461352,1.0,Markdown / Clear,0.0,10081.653459472656
SKU02084,239,126,34,0.25,1.40087890625,SoftTouch Bottled Water 2L,Beverages,118.48,82.36,956.0,0.0,169.60718020216103,1.0,Markdown / Clear,0.0,19568.66361328125
SKU02087,159,170,67,0.375,5.397216796875,MetroBrand Candy Medium,Snacks & Confectionery,62.98,34.88,424.0,0.0,28.459628172072193,1.0,Markdown / Clear,0.0,5357.665078125
SKU02088,43,1288,460,1.25,8.3681640625,PremiumSelect Cheese 500g,Dairy & Bakery,69.31,53.42,34.4,0.0,4.138522581398063,1.0,Markdown / Clear,0.0,1850.03267578125
SKU02091,557,288,99,0.5,2.8017578125,CrispKing Chocolates 250g,Snacks & Confectionery,50.34,28.48,1114.0,0.0,197.803764377832,1.0,Markdown / Clear,0.0,15783.5659375
SKU02094,4523,1048,360,0.125,2.189697265625,CleanWave Juices Pack of 6,Beverages,242.58,192.47,36184.0,0.0,2064.582339168246,1.0,Markdown / Clear,0.0,870120.3589672851
SKU02100,469,199,64,0.5,1.40087890625,PurePlus Air Fresheners 250ml,Home Care,358.76,254.73,938.0,0.0,333.7898222377135,1.0,Markdown / Clear,0.0,119111.52411621093
SKU02105,218,178,62,0.75,3.322021484375,CityFresh Cheese Pack of 6,Dairy & Bakery,149.15,107.64,290.6666666666667,0.0,64.62269420151392,1.0,Markdown / Clear,0.0,23107.937607421874
SKU02106,44,81,27,0.125,1.799072265625,NovaFresh Small Appliances Large,Electronics & Accessories,478.22,331.79,352.0,0.0,23.457049803229747,1.0,Markdown / Clear,0.0,14001.845812988282
SKU02107,345,264,85,0.75,6.39990234375,NatureBlend Footwear 1kg,Apparel & Footwear,810.91,570.51,460.0,0.0,52.90707255664912,1.0,Markdown / Clear,0.0,193174.74171386717
SKU02109,49,204,84,0.5,4.291015625,PurePlus Rice & Grains Medium,Grocery,420.37,329.43,98.0,0.0,10.419208010923986,1.0,Markdown / Clear,0.0,14728.48072265625
SKU02112,8479,1789,579,0.625,1.40087890625,FreshFarm Notebooks 1L,Stationery & Office,164.09,123.35,13566.4,0.0,6051.628790519345,1.0,Markdown / Clear,0.0,1045711.851586914
SKU02114,6008,1508,523,0.125,0.700439453125,QuickBite Ready Meals 1L,Frozen Foods,712.38,473.75,48064.0,0.0,8576.472289996515,1.0,Markdown / Clear,0.0,2845958.166809082
SKU02130,160,225,74,0.5,7.8798828125,EverydayPlus Batteries 100g,Electronics & Accessories,749.78,547.31,320.0,0.0,19.304870492006444,1.0,Markdown / Clear,0.0,83256.86133789062
SKU02131,173,84,31,0.5,3.59814453125,PureLife Kids Wear 250g,Apparel & Footwear,1106.07,660.7,346.0,0.0,47.08033654498575,1.0,Markdown / Clear,0.0,111923.80590820314
SKU02133,56,41,13,0.5,2.8017578125,TrueTaste Eggs 1L,Dairy & Bakery,212.7,124.31,112.0,0.0,18.987452073893344,1.0,Markdown / Clear,0.0,6613.073486328125
SKU02134,116,60,17,0.75,4.81298828125,UrbanBite Men's Wear Family Pack,Apparel & Footwear,658.37,501.25,154.66666666666666,0.0,23.10145074566298,1.0,Markdown / Clear,0.0,55732.48962402344
SKU02135,144,79,17,0.125,1.799072265625,HealthFirst Mobile Accessories 1kg,Electronics & Accessories,1205.61,886.88,1152.0,0.0,79.04125390147917,1.0,Markdown / Clear,0.0,126115.1587890625
SKU02138,175,131,51,0.5,5.2431640625,QuickBite Men's Wear 2kg,Apparel & Footwear,799.69,607.05,350.0,0.0,32.3767926988266,1.0,Markdown / Clear,0.0,103050.88725585937
SKU02141,208,1143,415,5.375,24.09863031278287,PureLife Bath & Body Family Pack,Personal Care,471.88,351.16,38.69767441860465,0.0,7.63119593521747,1.0,Markdown / Clear,0.0,64578.80497936317
SKU02146,13,67,29,0.25,2.189697265625,ZestyCo Women's Wear 1kg,Apparel & Footwear,2331.97,1456.76,52.0,0.0,4.936893745122087,1.0,Markdown / Clear,0.0,15748.016611328125
SKU02147,99,91,25,0.125,1.310791015625,TrueTaste Biscuits & Cookies 500ml,Snacks & Confectionery,136.69,88.13,792.0,0.0,74.5269137642019,1.0,Markdown / Clear,0.0,8609.349987792968
SKU02153,351,159,47,0.25,1.799072265625,FreshFarm Ready Meals Pack of 6,Frozen Foods,676.92,397.82,1404.0,0.0,194.10055638485548,1.0,Markdown / Clear,0.0,138919.11307128906
SKU02154,481,330,111,0.25,2.62158203125,SparkleClean Cookware Family Pack,Home & Kitchen,1876.53,1217.23,1924.0,0.0,182.4769975786925,1.0,Markdown / Clear,0.0,582296.5617041016
SKU02160,137,47,14,0.25,3.10986328125,PrimeCare Frozen Meat 250ml,Frozen Foods,305.2,202.78,548.0,0.0,43.05338357669964,1.0,Markdown / Clear,0.0,27150.241923828125
SKU02161,206,69,17,0.5,1.310791015625,CrispKing Yogurt 2kg,Dairy & Bakery,130.68,95.13,412.0,0.0,156.1570124790464,1.0,Markdown / Clear,0.0,19472.084450683593
SKU02167,202,98,31,0.25,3.59814453125,FreshFarm Coffee 100g,Beverages,189.86,118.27,808.0,0.0,55.14004613923192,1.0,Markdown / Clear,0.0,23464.987446289062
SKU02177,163,70,25,0.125,0.700439453125,HomeStyle Hair Care 250ml,Personal Care,488.47,370.61,1304.0,0.0,231.7110491460439,1.0,Markdown / Clear,0.0,60149.84013427734
SKU02179,487,298,98,0.5,7.4892578125,FreshFarm Cooking Oil Medium,Grocery,195.37,130.79,974.0,0.0,64.0264702047203,1.0,Markdown / Clear,0.0,62715.20997070312
SKU02182,80,56,21,0.625,0.700439453125,QuickBite Storage & Containers Pack of 6,Home & Kitchen,972.74,686.7,128.0,0.0,113.2140118508191,1.0,Markdown / Clear,0.0,54455.00822753907
SKU02198,26,132,47,0.625,2.49951171875,PrimeCare Women's Wear 500g,Apparel & Footwear,734.76,560.08,41.6,0.0,9.402031646806018,1.0,Markdown / Clear,0.0,13162.1534765625
SKU02201,364,171,53,0.625,3.932373046875,CrispKing Ready Meals 1L,Frozen Foods,1064.05,649.94,582.4,0.0,91.56497175141243,1.0,Markdown / Clear,0.0,234022.35346191408
SKU02204,219,156,60,0.5,2.8017578125,SparkleClean Dishwashing Small,Home Care,616.79,405.71,438.0,0.0,77.16521436040432,1.0,Markdown / Clear,0.0,87713.78883789062
SKU02208,358,153,43,0.75,13.13818359375,SoftTouch Biscuits & Cookies Small,Snacks & Confectionery,162.14,105.08,477.3333333333333,0.0,26.248820009662914,1.0,Markdown / Clear,0.0,36238.07966796875
SKU02213,321,206,89,0.125,1.799072265625,CityFresh Notebooks 250ml,Stationery & Office,187.12,114.77,2568.0,0.0,177.42529515538064,1.0,Markdown / Clear,0.0,36634.69047607422
SKU02216,150,158,47,0.125,1.310791015625,BasicNeeds Bottled Water Small,Beverages,204.24,123.77,1200.0,0.0,113.43471782454833,1.0,Markdown / Clear,0.0,18403.263395996095
SKU02219,64,115,47,0.625,4.9990234375,PureLife Soft Drinks 500ml,Beverages,164.19,118.72,102.4,0.0,11.802500488376635,1.0,Markdown / Clear,0.0,7004.5959375
SKU02234,518,298,82,0.25,2.62158203125,UrbanBite Bath & Body 2kg,Personal Care,309.33,208.96,2072.0,0.0,196.59061277705345,1.0,Markdown / Clear,0.0,107693.47421875001
SKU02235,114,104,46,0.25,1.40087890625,FamilyChoice Namkeen 500g,Snacks & Confectionery,179.19,134.31,456.0,0.0,80.37748344370861,1.0,Markdown / Clear,0.0,15123.187954101562
SKU02249,59,27,10,0.875,6.734130859375,NatureBlend Milk 1kg,Dairy & Bakery,154.96,98.63,67.42857142857143,0.0,7.761338505601277,1.0,Markdown / Clear,0.0,5154.982673339843
SKU02257,310,170,46,0.5,2.8017578125,SunriseFoods Men's Grooming Pack of 12,Personal Care,809.38,496.23,620.0,0.0,109.64482398048101,1.0,Markdown / Clear,0.0,152440.98372070314
SKU02258,120,136,42,0.25,0.700439453125,HomeStyle Small Appliances 250ml,Electronics & Accessories,2619.48,1723.14,480.0,0.0,170.32101777622864,1.0,Markdown / Clear,0.0,205569.8447607422
SKU02259,148,97,43,0.5,6.178466796875,FreshFarm Surface Cleaners 250ml,Home Care,246.16,148.77,296.0,0.0,22.954162879835618,1.0,Markdown / Clear,0.0,21098.78949462891
SKU02270,297,233,93,0.125,1.310791015625,PremiumSelect Air Fresheners 250ml,Home Care,153.74,102.63,2376.0,0.0,225.5807412926057,1.0,Markdown / Clear,0.0,30346.583518066403
SKU02277,8463,1866,649,0.25,2.62158203125,NutriPlus Tea 250g,Beverages,122.83,85.7,33852.0,0.0,3227.2033898305085,1.0,Markdown / Clear,0.0,725054.4304199219
SKU02283,629,335,106,0.875,3.932373046875,QuickBite Bottled Water 250ml,Beverages,87.82,54.11,718.8571428571429,0.0,158.95430558142422,1.0,Markdown / Clear,0.0,33822.40929443359
SKU02288,277,141,50,0.625,6.1220703125,HomeStyle Small Appliances 1L,Electronics & Accessories,2814.12,2067.99,443.2,0.0,44.246131759451266,1.0,Markdown / Clear,0.0,560172.849814453
SKU02295,412,293,93,0.125,0.700439453125,FreshFarm OTC Medicine Medium,Health & Wellness,1019.04,593.28,3296.0,0.0,587.2021610317183,1.0,Markdown / Clear,0.0,244015.80328125
SKU02297,97,101,35,0.625,8.995361328125,PurePlus Men's Wear 2kg,Apparel & Footwear,1276.77,838.18,155.2,0.0,9.783335595060388,1.0,Markdown / Clear,0.0,73763.72804199219
SKU02298,438,266,101,1.375,15.898681640625,UrbanBite First Aid Small,Health & Wellness,759.4,543.64,318.54545454545456,0.0,26.549454093149674,1.0,Markdown / Clear,0.0,229471.16071289062
SKU02300,147,81,21,0.125,0.700439453125,MetroBrand Candy 1L,Snacks & Confectionery,95.66,55.18,1176.0,0.0,208.8682467758801,1.0,Markdown / Clear,0.0,8072.809750976562
SKU02301,155,120,42,0.625,3.932373046875,QuickBite Home Decor 500ml,Home & Kitchen,1021.41,637.55,248.0,0.0,38.416402806233314,1.0,Markdown / Clear,0.0,96313.16556396484
SKU02314,32,79,28,2.25,2.62158203125,SunriseFoods OTC Medicine 1L,Health & Wellness,471.33,262.56,14.222222222222221,0.0,11.206369901285155,1.0,Markdown / Clear,0.0,7713.597421875
SKU02315,291,138,39,0.625,7.042236328125,NatureBlend Surface Cleaners 2L,Home Care,569.66,372.61,465.6,0.0,40.322100884035365,1.0,Markdown / Clear,0.0,105805.50232177734
SKU02320,165,65,22,0.25,0.700439453125,CleanWave Chips & Crisps Small,Snacks & Confectionery,107.86,62.48,660.0,0.0,234.5663994423144,1.0,Markdown / Clear,0.0,10265.43654296875
SKU02323,273,112,47,0.5,8.7587890625,NutriPlus Hair Care Small,Personal Care,422.47,317.23,546.0,0.0,30.16869216189096,1.0,Markdown / Clear,0.0,83825.23934570313
SKU02325,213,90,39,0.625,3.10986328125,BasicNeeds Bottled Water Small,Beverages,166.16,123.49,340.8,0.0,67.4917569477155,1.0,Markdown / Clear,0.0,25919.332983398435
SKU02336,123,183,62,0.125,0.700439453125,PurePlus Men's Grooming 500g,Personal Care,337.07,269.19,984.0,0.0,174.60404322063437,1.0,Markdown / Clear,0.0,32921.81870361328
SKU02339,71,41,20,0.125,1.799072265625,UrbanBite Frozen Vegetables Medium,Frozen Foods,395.4,225.4,568.0,0.0,38.46478490975709,1.0,Markdown / Clear,0.0,15597.889111328126
SKU02345,312,169,78,0.125,1.310791015625,NutriPlus Pest Control Small,Home Care,335.5,251.12,2496.0,0.0,237.02421307506054,1.0,Markdown / Clear,0.0,78020.27416015624
SKU02351,7177,1579,534,0.125,1.799072265625,HomeStyle Small Appliances 1L,Electronics & Accessories,1847.9,1044.31,57416.0,0.0,3988.278328131361,1.0,Markdown / Clear,0.0,7493134.0808422845
SKU02355,92,1399,509,2.0,2.189697265625,EverydayPlus Spices & Seasoning Medium,Grocery,321.17,198.69,46.0,0.0,41.01494035009477,1.0,Markdown / Clear,0.0,17844.40905029297
SKU02356,345,162,64,0.75,1.799072265625,PrimeCare Bottled Water Small,Beverages,160.36,127.5,460.0,0.0,190.76550413896052,1.0,Markdown / Clear,0.0,43758.11828613281
SKU02369,39,31,15,0.125,1.310791015625,SparkleClean Juices 1kg,Beverages,162.77,118.4,312.0,0.0,28.753026634382568,1.0,Markdown / Clear,0.0,4462.40234375
SKU02374,227,132,51,0.25,4.37939453125,UrbanBite Hair Care 250g,Personal Care,317.99,189.49,908.0,0.0,50.833649236258225,1.0,Markdown / Clear,0.0,42184.37853027344
SKU02382,249,147,48,0.5,5.2431640625,PremiumSelect Footwear 500ml,Apparel & Footwear,1233.79,983.37,498.0,0.0,46.49040789718756,1.0,Markdown / Clear,0.0,239703.15975585938
SKU02392,125,69,31,0.75,4.37939453125,EverydayPlus Office Supplies 250g,Stationery & Office,132.22,77.09,166.66666666666666,0.0,27.542758390010036,1.0,Markdown / Clear,0.0,9298.642475585937
SKU02394,192,196,74,0.5,7.1962890625,CrispKing Men's Grooming Family Pack,Personal Care,490.42,361.31,384.0,0.0,25.680417967159723,1.0,Markdown / Clear,0.0,66771.42879882813
SKU02403,221,111,32,0.125,0.700439453125,QuickBite Chocolates 1L,Snacks & Confectionery,200.51,142.65,1768.0,0.0,314.5162077378878,1.0,Markdown / Clear,0.0,31425.73231201172
SKU02404,219,177,52,0.25,2.189697265625,CrispKing Namkeen 500ml,Snacks & Confectionery,28.16,17.56,876.0,0.0,99.01382539859516,1.0,Markdown / Clear,0.0,3807.1889160156247
SKU02407,137,200,83,1.125,7.042236328125,HomeStyle Footwear 2kg,Apparel & Footwear,496.3,292.45,121.77777777777777,0.0,18.454047495233144,1.0,Markdown / Clear,0.0,38006.147985839845
SKU02417,169,100,34,0.125,0.700439453125,EverydayPlus Women's Wear 500g,Apparel & Footwear,1108.44,844.05,1352.0,0.0,240.27710003485535,1.0,Markdown / Clear,0.0,142053.24407958984
SKU02422,151,55,27,0.625,1.310791015625,ValueChoice Office Supplies 1kg,Stationery & Office,377.53,249.75,241.6,0.0,114.19761594337865,1.0,Markdown / Clear,0.0,37384.879943847656
SKU02423,382,223,72,0.5,1.799072265625,HealthFirst Mobile Accessories 1kg,Electronics & Accessories,3672.71,2717.56,764.0,0.0,211.3316596553128,1.0,Markdown / Clear,0.0,1033218.8331738281
SKU02429,78,91,39,0.25,1.40087890625,SoftTouch Writing Instruments Medium,Stationery & Office,56.48,36.77,312.0,0.0,54.67933077727431,1.0,Markdown / Clear,0.0,2816.549682617188
SKU02431,121,45,21,0.375,3.322021484375,MetroBrand Skin Care Medium,Personal Care,430.58,240.08,322.6666666666667,0.0,35.42360549717058,1.0,Markdown / Clear,0.0,28252.12908203125
SKU02434,203,100,39,0.125,1.310791015625,SmartBuy Vitamins & Supplements Medium,Health & Wellness,733.61,509.2,1624.0,0.0,153.86831812255542,1.0,Markdown / Clear,0.0,102700.14521484375
SKU02435,118,51,17,0.5,0.700439453125,PremiumSelect Skin Care 500g,Personal Care,309.55,234.23,236.0,0.0,167.46566747995817,1.0,Markdown / Clear,0.0,27475.07606689453
SKU02445,184,64,25,0.125,0.700439453125,NatureBlend Butter & Ghee 2L,Dairy & Bakery,122.76,70.45,1472.0,0.0,261.69222725688394,1.0,Markdown / Clear,0.0,12913.454040527344
SKU02449,147,1486,499,0.75,5.36871328248909,EverydayPlus Notebooks 2kg,Stationery & Office,137.83,99.61,196.0,0.0,26.38086246465495,1.0,Markdown / Clear,0.0,14107.892469931261
SKU02450,511,234,100,0.75,2.101318359375,NatureBlend Hair Care 500ml,Personal Care,252.84,165.92,681.3333333333334,0.0,242.18066689903566,1.0,Markdown / Clear,0.0,84436.4692578125
SKU02457,210,194,62,0.25,3.59814453125,NutriPlus Ice Cream Family Pack,Frozen Foods,822.17,631.31,840.0,0.0,57.363414303161896,1.0,Markdown / Clear,0.0,130303.55537597655
SKU02461,38,24,10,0.125,1.310791015625,PremiumSelect Notebooks 1kg,Stationery & Office,230.1,131.98,304.0,0.0,27.990128515552243,1.0,Markdown / Clear,0.0,4842.241801757812
SKU02470,101,72,27,0.25,2.62158203125,SparkleClean Office Supplies Large,Stationery & Office,163.41,116.71,404.0,0.0,37.526355000931275,1.0,Markdown / Clear,0.0,11481.745161132812
SKU02478,146,122,43,0.75,7.1962890625,UrbanBite Rice & Grains Family Pack,Grocery,74.15,48.89,194.66666666666666,0.0,19.28823449586104,1.0,Markdown / Clear,0.0,6786.113427734375
SKU02479,29,100,27,0.5,5.2431640625,UrbanBite OTC Medicine 2L,Health & Wellness,872.55,648.64,58.0,0.0,4.531011361519836,1.0,Markdown / Clear,0.0,15409.6340625
SKU02484,167,1588,576,1.0,8.995361328125,MetroBrand Frozen Meat Medium,Frozen Foods,567.26,344.19,167.0,0.0,17.565124168815306,1.0,Markdown / Clear,0.0,54383.61658447266
SKU02486,15,172,79,0.125,2.189697265625,SparkleClean Pulses & Lentils Small,Grocery,279.85,181.54,120.0,0.0,5.850262013602408,1.0,Markdown / Clear,0.0,2325.5823583984375
SKU02488,351,331,114,0.5,7.1962890625,SunriseFoods Small Appliances Small,Electronics & Accessories,3504.3,2419.46,702.0,0.0,47.77513909621387,1.0,Markdown / Clear,0.0,831819.3264648438
SKU02498,138,67,16,0.5,3.932373046875,GreenValley Men's Wear Small,Apparel & Footwear,2379.11,1627.91,276.0,0.0,34.09331346619482,1.0,Markdown / Clear,0.0,218250.03059326173
SKU02501,5819,1276,468,0.125,2.189697265625,SoftTouch Storage & Containers 2L,Home & Kitchen,490.38,358.61,46552.0,0.0,2656.4449771434943,1.0,Markdown / Clear,0.0,2085966.3426635743
SKU02504,215,137,40,0.25,1.40087890625,PremiumSelect Hair Care Pack of 12,Personal Care,737.52,505.89,860.0,0.0,152.47507842453817,1.0,Markdown / Clear,0.0,108057.65937011718
SKU02507,64,40,15,0.5,2.8017578125,GoldenHarvest Spices & Seasoning 1L,Grocery,156.76,91.42,128.0,0.0,21.84280237016382,1.0,Markdown / Clear,0.0,5594.74330078125
SKU02511,361,164,61,0.75,5.943603515625,EverydayPlus Air Fresheners 100g,Home Care,171.29,130.0,481.3333333333333,0.0,59.737564181556785,1.0,Markdown / Clear,0.0,46157.33154296875
SKU02512,368,228,88,0.25,4.37939453125,EverydayPlus Women's Wear 100g,Apparel & Footwear,1609.19,905.23,1472.0,0.0,83.02988070018954,1.0,Markdown / Clear,0.0,329160.2806884766
SKU02513,439,291,88,0.125,0.700439453125,DailyBest Bottled Water Pack of 6,Beverages,101.57,73.13,3512.0,0.0,625.7493900313698,1.0,Markdown / Clear,0.0,32052.846862792965
SKU02517,265,94,45,0.375,5.397216796875,EverydayPlus Chocolates 2L,Snacks & Confectionery,84.6,46.99,706.6666666666666,0.0,48.09938028678699,1.0,Markdown / Clear,0.0,12198.734782714844
SKU02521,84,34,8,0.75,3.502197265625,FamilyChoice Men's Wear 250ml,Apparel & Footwear,1790.1,1418.71,112.0,0.0,22.98494248867201,1.0,Markdown / Clear,0.0,114203.03771728516
SKU02524,116,58,25,0.375,2.101318359375,PrimeCare Namkeen Pack of 6,Snacks & Confectionery,108.12,83.09,309.3333333333333,0.0,54.20343906122923,1.0,Markdown / Clear,0.0,9463.841457519531
SKU02526,35,1311,471,1.0,6.317189096543891,CleanWave Vitamins & Supplements Pack of 12,Health & Wellness,698.11,423.86,35.0,0.0,4.540438866892296,1.0,Markdown / Clear,0.0,12157.496229538907
SKU02532,144,1327,474,0.25,1.310791015625,FamilyChoice Coffee 500g,Beverages,115.67,88.01,576.0,0.0,108.8573291115664,1.0,Markdown / Clear,0.0,12558.077282714845
SKU02538,73,1425,471,1.25,6.380850305399613,EverydayPlus Ice Cream 2L,Frozen Foods,216.58,121.13,58.4,0.0,10.440481519872959,1.0,Markdown / Clear,0.0,8069.577602506944
SKU02540,20,41,14,0.25,3.59814453125,FreshFarm Office Supplies Small,Stationery & Office,309.18,238.43,80.0,0.0,4.558420409824942,1.0,Markdown / Clear,0.0,3910.6943994140624
SKU02541,8329,1893,699,0.375,2.101318359375,FamilyChoice Small Appliances 100g,Electronics & Accessories,2807.09,1551.99,22210.666666666668,0.0,3962.7021029394677,1.0,Markdown / Clear,0.0,12923263.484919434
SKU02546,7365,1553,555,0.125,1.310791015625,SparkleClean Bath & Body 2L,Personal Care,521.52,295.34,58920.0,0.0,5617.744645185323,1.0,Markdown / Clear,0.0,2174791.970981445
SKU02549,262,145,50,0.875,0.700439453125,TrueTaste Soft Drinks 500g,Beverages,201.08,120.24,299.42857142857144,0.0,373.05088881143257,1.0,Markdown / Clear,0.0,31418.65916015625
SKU02550,86,75,23,1.0,6.553955078125,PureLife Juices Family Pack,Beverages,200.42,124.59,86.0,0.0,12.121847643881543,1.0,Markdown / Clear,0.0,9898.182736816407
SKU02555,236,123,51,0.25,2.01123046875,GreenValley Sugar & Salt 1kg,Grocery,473.51,323.44,944.0,0.0,116.3411022092741,1.0,Markdown / Clear,0.0,75681.3276171875
SKU02577,191,154,65,0.25,2.49951171875,PrimeCare Soft Drinks 500ml,Beverages,120.46,75.94,764.0,0.0,75.41492478999804,1.0,Markdown / Clear,0.0,14314.727080078124
SKU02585,186,107,36,0.5,7.1962890625,GoldenHarvest Laundry Medium,Home Care,322.59,219.51,372.0,0.0,24.84665490568598,1.0,Markdown / Clear,0.0,39249.20258789062
SKU02591,46,74,25,0.125,0.700439453125,EverydayPlus Chips & Crisps Small,Snacks & Confectionery,124.36,95.12,368.0,0.0,64.67305681422098,1.0,Markdown / Clear,0.0,4308.89419921875
SKU02599,20,33,13,0.125,1.799072265625,PremiumSelect Oral Care 250ml,Personal Care,600.09,362.67,160.0,0.0,10.116840819649884,1.0,Markdown / Clear,0.0,6600.930461425782
SKU02600,212,233,93,0.125,0.700439453125,FreshFarm Office Supplies 100g,Stationery & Office,69.72,50.58,1696.0,0.0,301.6671314046706,1.0,Markdown / Clear,0.0,10687.531772460938
SKU02606,300,195,85,0.125,1.310791015625,FamilyChoice Home Decor Pack of 12,Home & Kitchen,1572.99,909.2,2400.0,0.0,227.86943564909666,1.0,Markdown / Clear,0.0,271568.22880859376
SKU02622,39,90,42,0.625,9.776611328125,FamilyChoice Rice & Grains 500g,Grocery,346.96,232.26,62.4,0.0,2.9891122487201898,1.0,Markdown / Clear,0.0,6787.424252929687
SKU02626,5154,1055,351,0.625,8.995361328125,GreenValley Yogurt 2L,Dairy & Bakery,197.77,118.99,8246.4,0.0,571.9619758447551,1.0,Markdown / Clear,0.0,612204.1019555663
SKU02642,188,135,46,0.125,0.700439453125,TrueTaste Tea 250g,Beverages,191.59,134.4,1504.0,0.0,267.4029278494249,1.0,Markdown / Clear,0.0,25173.060937500002
SKU02644,105,40,19,0.125,1.799072265625,HealthFirst Frozen Meat 1kg,Frozen Foods,721.55,557.16,840.0,0.0,57.363414303161896,1.0,Markdown / Clear,0.0,57499.42889648437
SKU02645,187,180,47,0.125,1.799072265625,EverydayPlus Rice & Grains 2L,Grocery,272.08,190.08,1496.0,0.0,102.94246166372642,1.0,Markdown / Clear,0.0,35202.992343750004
SKU02648,115,1510,508,0.875,6.476020628239797,ValueChoice Frozen Vegetables 2kg,Frozen Foods,883.45,591.38,131.42857142857142,0.0,16.75781866699479,1.0,Markdown / Clear,0.0,64178.91092087155
SKU02649,28,97,23,0.625,7.1962890625,ValueChoice Batteries Large,Electronics & Accessories,1521.83,988.46,44.8,0.0,2.8908942868774594,1.0,Markdown / Clear,0.0,20563.63611328125
SKU02655,128,74,23,1.125,8.84130859375,GreenValley Namkeen 500g,Snacks & Confectionery,66.91,53.32,113.77777777777777,0.0,13.477494891478434,1.0,Markdown / Clear,0.0,6353.54142578125
SKU02656,99,51,15,0.25,4.37939453125,NovaFresh Office Supplies Small,Stationery & Office,188.76,127.21,396.0,0.0,21.605864644887948,1.0,Markdown / Clear,0.0,12036.687221679687
SKU02657,174,1114,410,0.25,0.700439453125,DailyBest Cheese Pack of 12,Dairy & Bakery,128.75,72.43,696.0,0.0,247.41547577553155,1.0,Markdown / Clear,0.0,12552.087170410157
SKU02661,125,107,36,0.125,1.310791015625,GreenValley Ice Cream Pack of 12,Frozen Foods,674.41,451.94,1000.0,0.0,94.36226485379028,1.0,Markdown / Clear,0.0,55900.101108398434
SKU02676,190,96,32,0.125,0.700439453125,EverydayPlus Home Decor Pack of 6,Home & Kitchen,1953.1,1102.27,1520.0,0.0,270.2582781456954,1.0,Markdown / Clear,0.0,208659.2266040039
SKU02678,28,21,10,0.125,1.799072265625,NatureBlend Writing Instruments 500ml,Stationery & Office,159.07,124.01,224.0,0.0,14.563577147509838,1.0,Markdown / Clear,0.0,3249.177048339844
SKU02680,200,221,72,0.125,0.700439453125,ValueChoice Bottled Water 500ml,Beverages,268.34,166.19,1600.0,0.0,284.5350296270478,1.0,Markdown / Clear,0.0,33121.59396728515
SKU02683,67,1344,478,0.5,5.397216796875,DailyBest Butter & Ghee Pack of 12,Dairy & Bakery,371.82,211.58,134.0,0.0,11.413805581942372,1.0,Markdown / Clear,0.0,13033.916870117188
SKU02687,204,126,62,0.125,1.799072265625,GreenValley Writing Instruments 500g,Stationery & Office,96.25,70.81,1632.0,0.0,112.39177636042882,1.0,Markdown / Clear,0.0,14317.847692871093
SKU02693,109,178,45,0.25,3.59814453125,NutriPlus Footwear Pack of 6,Apparel & Footwear,1518.89,1040.74,436.0,0.0,29.293391233545936,1.0,Markdown / Clear,0.0,109695.92706054688
SKU02694,5,24,11,0.75,1.310791015625,MetroBrand Pest Control Small,Home Care,219.47,171.47,6.666666666666667,0.0,2.814490594151611,1.0,Markdown / Clear,0.0,632.5886645507812
SKU02697,90,82,25,0.125,1.310791015625,PrimeCare Cookware 250g,Home & Kitchen,292.68,201.27,720.0,0.0,67.660830694729,1.0,Markdown / Clear,0.0,17850.477092285157
SKU02701,80,91,31,0.5,8.7587890625,SmartBuy Biscuits & Cookies Pack of 6,Snacks & Confectionery,182.01,120.03,160.0,0.0,8.133682684803212,1.0,Markdown / Clear,0.0,8551.082548828124
SKU02703,463,299,120,0.25,3.59814453125,FreshFarm Juices 1kg,Beverages,55.42,40.96,1852.0,0.0,127.67743248744742,1.0,Markdown / Clear,0.0,18817.100000000002
SKU02705,119,50,19,0.25,2.62158203125,CrispKing Small Appliances Pack of 12,Electronics & Accessories,3268.55,2065.64,476.0,0.0,44.392438070404175,1.0,Markdown / Clear,0.0,240395.91529296874
SKU02712,29,59,24,0.25,2.49951171875,PrimeCare Writing Instruments Pack of 6,Stationery & Office,168.07,113.59,116.0,0.0,10.602266067591327,1.0,Markdown / Clear,0.0,3010.1904638671876
SKU02713,200,101,47,0.75,0.700439453125,EliteHome Home Decor Medium,Home & Kitchen,2081.15,1191.39,266.6666666666667,0.0,284.5350296270478,1.0,Markdown / Clear,0.0,237443.5034399414
SKU02719,270,210,91,0.25,3.59814453125,MetroBrand Storage & Containers Pack of 6,Home & Kitchen,1796.28,1106.92,1080.0,0.0,74.03867553263672,1.0,Markdown / Clear,0.0,294885.54185546876
SKU02720,234,146,51,0.375,1.40087890625,EliteHome Chocolates Medium,Snacks & Confectionery,139.98,77.25,624.0,0.0,166.03799233182295,1.0,Markdown / Clear,0.0,17968.282104492188
SKU02722,8992,1964,722,0.125,1.310791015625,SoftTouch Notebooks Family Pack,Stationery & Office,225.42,163.76,71936.0,0.0,6858.979884522258,1.0,Markdown / Clear,0.0,1472315.2648632813
SKU02724,221,108,35,0.5,5.2431640625,MetroBrand Biscuits & Cookies 1kg,Snacks & Confectionery,44.98,34.93,442.0,0.0,41.1501210653753,1.0,Markdown / Clear,0.0,7536.386279296875
SKU02733,73,62,26,0.125,2.189697265625,PureLife Ready Meals 500g,Frozen Foods,386.81,232.45,584.0,0.0,32.33794179953172,1.0,Markdown / Clear,0.0,16459.854870605468
SKU02737,39,1186,427,1.125,3.412109375,BasicNeeds Notebooks 1kg,Stationery & Office,315.14,215.3,34.666666666666664,0.0,10.429879793932455,1.0,Markdown / Clear,0.0,7662.072851562501
SKU02745,66,38,15,0.875,5.2431640625,MetroBrand Eggs Large,Dairy & Bakery,241.52,171.86,75.42857142857143,0.0,11.587818960700316,1.0,Markdown / Clear,0.0,10441.66982421875
SKU02747,101,1279,456,0.875,6.869013403590902,NovaFresh OTC Medicine 250ml,Health & Wellness,561.26,443.77,115.42857142857143,0.0,13.703712755488352,1.0,Markdown / Clear,0.0,41772.507921888464
SKU02751,192,106,33,0.5,1.40087890625,GreenValley Frozen Vegetables 1kg,Frozen Foods,648.07,412.59,384.0,0.0,136.05681422098291,1.0,Markdown / Clear,0.0,78639.2913720703
SKU02753,391,160,38,0.625,6.569091796875,PurePlus Storage & Containers 100g,Home & Kitchen,796.75,459.27,625.6,0.0,58.521165495967594,1.0,Markdown / Clear,0.0,176557.5832104492
SKU02754,268,145,40,0.25,1.799072265625,FreshFarm OTC Medicine 1L,Health & Wellness,780.27,550.45,1072.0,0.0,147.96566698330847,1.0,Markdown / Clear,0.0,146530.30067138674
SKU02756,86,196,55,0.25,1.310791015625,SunriseFoods Home Decor 2kg,Home & Kitchen,1906.82,1512.52,344.0,0.0,64.60923821940771,1.0,Markdown / Clear,0.0,128094.12237304688
SKU02767,289,150,58,0.375,2.101318359375,BasicNeeds OTC Medicine 2L,Health & Wellness,1557.51,1224.96,770.6666666666666,0.0,136.532705937028,1.0,Markdown / Clear,0.0,351439.4090625
SKU02769,173,84,30,0.5,7.1962890625,DailyBest Cookware Pack of 6,Home & Kitchen,725.22,489.23,346.0,0.0,23.040168272492874,1.0,Markdown / Clear,0.0,81116.14950195313
SKU02770,35,83,22,0.125,1.799072265625,SparkleClean Hair Care Pack of 6,Personal Care,756.35,508.07,280.0,0.0,18.454471434387298,1.0,Markdown / Clear,0.0,16868.395354003907
SKU02772,217,79,35,0.375,3.59814453125,CrispKing Women's Wear 1kg,Apparel & Footwear,2247.26,1299.27,578.6666666666666,0.0,59.30886144660062,1.0,Markdown / Clear,0.0,277266.6287548828
SKU02776,21,1117,405,2.0,6.578883284932635,SparkleClean Namkeen Pack of 12,Snacks & Confectionery,234.93,178.45,10.5,0.0,2.1920310925861077,1.0,Markdown / Clear,0.0,2573.448277803771
SKU02785,380,217,63,0.625,2.8017578125,PremiumSelect Kids Wear 500ml,Apparel & Footwear,1136.58,744.26,608.0,0.0,134.6291390728477,1.0,Markdown / Clear,0.0,280733.56373046874
SKU02786,14,21,9,0.375,4.37939453125,TrueTaste Chips & Crisps 2kg,Snacks & Confectionery,69.89,55.51,37.333333333333336,0.0,2.1967889396811238,1.0,Markdown / Clear,0.0,534.0398095703125
SKU02790,164,69,23,0.875,13.374755859375,PremiumSelect Chips & Crisps 2L,Snacks & Confectionery,70.96,51.58,187.42857142857142,0.0,11.261906065750324,1.0,Markdown / Clear,0.0,7769.250092773437
SKU02791,82,66,30,1.125,1.799072265625,HealthFirst Batteries 1L,Electronics & Accessories,485.0,361.77,72.88888888888889,0.0,44.57904736056453,1.0,Markdown / Clear,0.0,29014.28962646484
SKU02793,160,118,48,0.5,3.59814453125,PurePlus Kids Wear Medium,Apparel & Footwear,1908.56,1287.68,320.0,0.0,43.467363278599535,1.0,Markdown / Clear,0.0,201395.54125
SKU02796,149,109,40,0.5,0.700439453125,CityFresh Tea Medium,Beverages,123.09,69.83,298.0,0.0,211.72359707215057,1.0,Markdown / Clear,0.0,10355.75831298828
SKU02802,226,163,58,0.75,5.397216796875,PurePlus Frozen Vegetables 250g,Frozen Foods,398.56,314.51,301.3333333333333,0.0,40.87343375401456,1.0,Markdown / Clear,0.0,69381.78134521484
SKU02805,136,136,49,0.125,0.700439453125,GoldenHarvest Bread 500g,Dairy & Bakery,82.43,56.49,1088.0,0.0,193.16382014639248,1.0,Markdown / Clear,0.0,7643.072175292969
SKU02806,238,144,65,0.75,8.018798828125,PrimeCare Notebooks Large,Stationery & Office,82.03,45.97,317.3333333333333,0.0,28.680255746688992,1.0,Markdown / Clear,0.0,10572.235817871093
SKU02807,457,282,101,0.125,1.310791015625,SunriseFoods Coffee Pack of 12,Beverages,185.26,114.74,3656.0,0.0,347.64444030545724,1.0,Markdown / Clear,0.0,52285.77983886719
SKU02808,315,163,60,0.25,2.49951171875,GoldenHarvest Surface Cleaners Pack of 12,Home Care,471.71,315.51,1260.0,0.0,125.02461418245751,1.0,Markdown / Clear,0.0,98597.02905761718
SKU02811,491,272,81,0.125,1.310791015625,PureLife Writing Instruments Small,Stationery & Office,270.53,170.71,3928.0,0.0,373.5829763456882,1.0,Markdown / Clear,0.0,83594.84486572265
SKU02812,402,223,87,0.25,0.700439453125,TrueTaste Laundry 1L,Home Care,300.07,194.1,1608.0,0.0,572.925409550366,1.0,Markdown / Clear,0.0,77892.24470214844
SKU02815,365,168,48,0.25,2.189697265625,CityFresh Mobile Accessories 2kg,Electronics & Accessories,689.01,446.34,1460.0,0.0,165.6897089976586,1.0,Markdown / Clear,0.0,161936.75052246093
SKU02816,294,207,80,0.25,2.89013671875,FamilyChoice First Aid Pack of 6,Health & Wellness,1306.34,734.19,1176.0,0.0,100.72529143436391,1.0,Markdown / Clear,0.0,213729.95052246095
SKU02818,58,65,28,0.25,1.40087890625,TrueTaste Biscuits & Cookies Medium,Snacks & Confectionery,76.92,49.19,232.0,0.0,40.402579295921925,1.0,Markdown / Clear,0.0,2784.1107666015623
SKU02821,216,184,57,0.375,2.62158203125,TrueTaste Vitamins & Supplements Family Pack,Health & Wellness,965.81,608.89,576.0,0.0,81.3929968336748,1.0,Markdown / Clear,0.0,129923.98491699218
SKU02826,12,1328,397,0.625,0.700439453125,QuickBite Surface Cleaners Family Pack,Home Care,438.33,282.2,19.2,0.0,16.132101777622864,1.0,Markdown / Clear,0.0,3188.735986328125
SKU02827,100,72,21,0.5,7.8798828125,EverydayPlus Laundry 250g,Home Care,129.22,72.57,200.0,0.0,11.690544057504027,1.0,Markdown / Clear,0.0,6685.156904296874
SKU02830,162,148,63,0.125,2.189697265625,CityFresh Pest Control 250ml,Home Care,150.61,87.37,1296.0,0.0,72.982829746906,1.0,Markdown / Clear,0.0,13962.626149902344
SKU02833,143,1453,532,0.875,3.412109375,QuickBite Kids Wear Large,Apparel & Footwear,3924.53,2468.33,163.42857142857142,0.0,40.90955924441901,1.0,Markdown / Clear,0.0,344548.9780664062
SKU02837,91,140,49,0.625,6.553955078125,EliteHome Small Appliances Small,Electronics & Accessories,2677.22,1673.66,145.6,0.0,12.884745762711864,1.0,Markdown / Clear,0.0,141333.96754394533
SKU02840,71,1061,317,0.75,5.8143657206219475,PremiumSelect Dishwashing 500ml,Home Care,267.04,174.46,94.66666666666667,0.0,11.211134182389427,1.0,Markdown / Clear,0.0,11372.285756380295
SKU02844,108,81,29,0.125,0.700439453125,EverydayPlus Cookware Medium,Home & Kitchen,1381.98,1053.71,864.0,0.0,153.18891599860578,1.0,Markdown / Clear,0.0,113062.61994384766
SKU02847,64,50,12,0.25,2.62158203125,HomeStyle Eggs 250g,Dairy & Bakery,259.88,149.56,256.0,0.0,23.41273980257031,1.0,Markdown / Clear,0.0,9179.75619140625
SKU02848,398,145,52,0.5,3.59814453125,SoftTouch Hair Care Family Pack,Personal Care,334.01,237.05,796.0,0.0,109.61256615551635,1.0,Markdown / Clear,0.0,93492.95983886719
SKU02850,46,71,22,0.875,2.62158203125,EliteHome Vitamins & Supplements Pack of 6,Health & Wellness,261.58,193.74,52.57142857142857,0.0,16.54665673309741,1.0,Markdown / Clear,0.0,8404.134697265625
SKU02858,211,1210,439,4.375,16.974404869194252,FamilyChoice Dishwashing 100g,Home Care,90.7,56.34,48.22857142857143,0.0,11.430479985954042,1.0,Markdown / Clear,0.0,10931.402029669596
SKU02860,405,173,60,0.25,3.59814453125,HealthFirst Kids Wear 100g,Apparel & Footwear,1859.24,1166.95,1620.0,0.0,111.55801329895509,1.0,Markdown / Clear,0.0,468415.89523925784
SKU02865,52,31,15,0.5,6.2197265625,GoldenHarvest Air Fresheners Large,Home Care,522.75,325.2,104.0,0.0,7.360496153242266,1.0,Markdown / Clear,0.0,14887.744921874999
SKU02866,45,47,19,0.375,3.932373046875,PurePlus Laundry 2L,Home Care,94.26,63.63,120.0,0.0,10.443471782454834,1.0,Markdown / Clear,0.0,2613.133103027344
SKU02875,68,28,7,0.75,6.09765625,HealthFirst Skin Care 250g,Personal Care,150.02,105.59,90.66666666666667,0.0,10.151825752722614,1.0,Markdown / Clear,0.0,6536.2684765625
SKU02878,306,128,45,0.25,2.62158203125,TrueTaste Mobile Accessories 2kg,Electronics & Accessories,2895.0,1808.15,1224.0,0.0,115.7234121810393,1.0,Markdown / Clear,0.0,548553.6864501954
SKU02879,142,57,13,0.875,6.553955078125,CrispKing Chocolates 1kg,Snacks & Confectionery,131.72,94.1,162.28571428571428,0.0,20.66630657478115,1.0,Markdown / Clear,0.0,12745.472827148436
SKU02882,378,235,83,1.25,1.40087890625,SunriseFoods Bread Medium,Dairy & Bakery,147.14,102.33,302.4,0.0,268.8306029975601,1.0,Markdown / Clear,0.0,38537.38806152344
SKU02883,185,144,37,0.125,1.310791015625,QuickBite Ice Cream 1kg,Frozen Foods,1040.02,819.68,1480.0,0.0,140.1361519836096,1.0,Markdown / Clear,0.0,150566.3708203125
SKU02885,117,50,18,0.25,3.59814453125,SmartBuy Coffee 250g,Beverages,118.94,84.58,468.0,0.0,31.516759397475916,1.0,Markdown / Clear,0.0,9591.528935546874
SKU02887,67,97,44,0.125,1.799072265625,TrueTaste Footwear Pack of 6,Apparel & Footwear,2074.48,1421.59,536.0,0.0,36.24141674582712,1.0,Markdown / Clear,0.0,92688.98685791015
SKU02895,7,93,46,0.125,1.310791015625,CleanWave Chocolates Pack of 6,Snacks & Confectionery,119.21,69.15,56.0,0.0,4.340286831812255,1.0,Markdown / Clear,0.0,393.4088012695313
SKU02908,85,139,49,0.125,1.799072265625,MetroBrand Bottled Water 100g,Beverages,326.35,196.76,680.0,0.0,46.24657348351201,1.0,Markdown / Clear,0.0,16370.614541015624
SKU02911,5132,1034,393,0.125,0.700439453125,FreshFarm Biscuits & Cookies 250ml,Snacks & Confectionery,133.23,74.22,41056.0,0.0,7325.828860230045,1.0,Markdown / Clear,0.0,380845.0533837891
SKU02912,225,149,44,0.625,8.995361328125,FreshFarm Bread 250ml,Dairy & Bakery,156.0,114.46,360.0,0.0,24.01289184421224,1.0,Markdown / Clear,0.0,24723.89094238281
SKU02916,163,132,58,0.25,1.799072265625,SparkleClean Ice Cream 250ml,Frozen Foods,811.15,610.25,652.0,0.0,89.60225268014656,1.0,Markdown / Clear,0.0,98372.86614990234
SKU02920,143,90,24,0.625,1.799072265625,EverydayPlus Rice & Grains 500ml,Grocery,68.47,48.34,228.8,0.0,78.48541186049667,1.0,Markdown / Clear,0.0,6825.652846679688
SKU02922,112,154,62,0.625,3.59814453125,HomeStyle Dishwashing 2kg,Home Care,213.14,133.22,179.2,0.0,30.127154295019675,1.0,Markdown / Clear,0.0,14441.295185546875
SKU02929,463,251,86,0.5,6.09765625,SmartBuy Chips & Crisps 2kg,Snacks & Confectionery,114.61,71.69,926.0,0.0,74.9308135810378,1.0,Markdown / Clear,0.0,32755.329023437498
SKU02957,311,241,78,0.375,3.932373046875,SmartBuy Storage & Containers 1L,Home & Kitchen,1043.91,769.98,829.3333333333334,0.0,78.08710498541006,1.0,Markdown / Clear,0.0,236435.93140136718
SKU02964,7077,1540,555,0.375,2.101318359375,PremiumSelect Notebooks Pack of 6,Stationery & Office,215.02,148.88,18872.0,0.0,3366.885674451028,1.0,Markdown / Clear,0.0,1053310.9157226563
SKU02968,90,86,22,0.125,1.799072265625,FamilyChoice First Aid 100g,Health & Wellness,1011.61,613.57,720.0,0.0,49.02578368842448,1.0,Markdown / Clear,0.0,54117.443229980476
SKU02978,35,31,10,0.25,3.59814453125,NatureBlend Storage & Containers Small,Home & Kitchen,1811.96,1241.29,140.0,0.0,8.727235717193649,1.0,Markdown / Clear,0.0,38978.809174804686
SKU02980,234,82,31,0.125,1.799072265625,EverydayPlus Men's Wear 500g,Apparel & Footwear,1789.14,1338.46,1872.0,0.0,129.06703758990366,1.0,Markdown / Clear,0.0,310791.6537353516
SKU02987,346,187,57,0.75,3.322021484375,NutriPlus Ready Meals Pack of 12,Frozen Foods,701.69,552.58,461.3333333333333,0.0,103.15345042992577,1.0,Markdown / Clear,0.0,189356.99736816407
SKU02988,688,388,143,0.25,1.310791015625,NutriPlus Pest Control Pack of 12,Home Care,252.98,153.96,2752.0,0.0,523.8739057552617,1.0,Markdown / Clear,0.0,105722.67061523438
SKU02995,159,60,19,0.375,2.101318359375,FamilyChoice Kids Wear Pack of 12,Apparel & Footwear,676.72,407.07,424.0,0.0,74.66678285116765,1.0,Markdown / Clear,0.0,63868.74633544922
SKU02999,7596,1750,638,0.125,1.799072265625,CleanWave Notebooks 500g,Stationery & Office,307.71,230.02,60768.0,0.0,4221.176143303026,1.0,Markdown / Clear,0.0,1746818.097397461
SKU03001,102,77,22,0.125,0.700439453125,CrispKing Small Appliances 2L,Electronics & Accessories,2715.32,2081.57,816.0,0.0,144.62286510979436,1.0,Markdown / Clear,0.0,210862.1262475586
SKU03010,294,129,37,0.25,1.310791015625,NatureBlend Storage & Containers 250ml,Home & Kitchen,768.67,520.54,1176.0,0.0,223.29204693611473,1.0,Markdown / Clear,0.0,152356.44084472655
SKU03016,5,45,18,0.125,1.310791015625,TrueTaste Bath & Body 250g,Personal Care,233.3,171.54,40.0,0.0,2.814490594151611,1.0,Markdown / Clear,0.0,632.8469091796875
SKU03017,194,194,85,0.5,1.310791015625,GoldenHarvest Mobile Accessories Large,Electronics & Accessories,3156.34,2423.56,388.0,0.0,147.0022350530825,1.0,Markdown / Clear,0.0,466993.85932617186
SKU03023,178,96,29,0.25,2.189697265625,ValueChoice Dishwashing 2L,Home Care,497.92,283.89,712.0,0.0,80.28977589474857,1.0,Markdown / Clear,0.0,49910.78684326172
SKU03029,670,361,125,0.625,1.310791015625,ZestyCo Namkeen Small,Snacks & Confectionery,67.29,44.8,1072.0,0.0,510.1417396163159,1.0,Markdown / Clear,0.0,29957.2765625
SKU03030,56,1473,535,0.875,6.246867071154897,MetroBrand Chips & Crisps 500ml,Snacks & Confectionery,108.63,63.46,64.0,0.0,7.964493619302665,1.0,Markdown / Clear,0.0,3157.3338156645104
SKU03033,165,87,39,0.25,1.799072265625,TrueTaste Small Appliances 100g,Electronics & Accessories,1391.33,1077.22,660.0,0.0,90.71393676211154,1.0,Markdown / Clear,0.0,175803.30337402344
SKU03040,413,156,44,0.625,2.8017578125,CityFresh Cookware 1kg,Home & Kitchen,2390.56,1550.9,660.8,0.0,146.4074590449634,1.0,Markdown / Clear,0.0,636176.4538085938
SKU03043,7125,1753,620,0.375,3.932373046875,HealthFirst Mobile Accessories Medium,Electronics & Accessories,4386.71,3398.16,19000.0,0.0,1810.8830322220153,1.0,Markdown / Clear,0.0,24198527.16720703
SKU03055,118,82,30,1.0,10.2421875,CityFresh Butter & Ghee 500g,Dairy & Bakery,130.59,102.42,118.0,0.0,10.5209763539283,1.0,Markdown / Clear,0.0,11036.55515625
SKU03056,188,154,45,0.125,1.799072265625,FreshFarm Batteries 1L,Electronics & Accessories,1070.06,593.22,1504.0,0.0,103.49830370470892,1.0,Markdown / Clear,0.0,110458.11435058594
SKU03060,157,127,60,0.25,2.62158203125,SparkleClean Candy Pack of 12,Snacks & Confectionery,116.18,91.27,628.0,0.0,58.8875023281803,1.0,Markdown / Clear,0.0,14090.118208007812
SKU03066,507,229,76,0.25,2.62158203125,CrispKing Eggs 500ml,Dairy & Bakery,214.65,141.16,2028.0,0.0,192.39467312348668,1.0,Markdown / Clear,0.0,71198.05748046875
SKU03067,129,80,27,0.5,5.2431640625,ValueChoice Flour & Atta 2kg,Grocery,102.08,58.98,258.0,0.0,23.60346433227789,1.0,Markdown / Clear,0.0,7299.17818359375
SKU03068,284,152,51,0.375,5.397216796875,GreenValley Pest Control Medium,Home Care,187.88,137.54,757.3333333333334,0.0,51.619713213009454,1.0,Markdown / Clear,0.0,38319.02680175781
SKU03076,48,87,22,0.25,1.40087890625,MetroBrand Footwear 1L,Apparel & Footwear,1091.52,623.29,192.0,0.0,33.26420355524573,1.0,Markdown / Clear,0.0,29044.766186523437
SKU03077,56,47,17,0.625,4.811279296875,UrbanBite Ice Cream Small,Frozen Foods,377.75,287.13,89.6,0.0,10.639315979093723,1.0,Markdown / Clear,0.0,14697.817375488281
SKU03078,275,216,82,0.125,1.799072265625,GreenValley Oral Care 1L,Personal Care,362.84,210.89,2200.0,0.0,151.85656127018592,1.0,Markdown / Clear,0.0,57615.34364990234
SKU03081,179,193,77,0.5,2.101318359375,SparkleClean Cookware 500ml,Home & Kitchen,1594.44,1239.51,358.0,0.0,84.18461717206925,1.0,Markdown / Clear,0.0,219267.6848803711
SKU03084,352,144,38,0.875,7.1962890625,PrimeCare Flour & Atta 500g,Grocery,114.28,73.5,402.2857142857143,0.0,47.914099606459494,1.0,Markdown / Clear,0.0,25343.07275390625
SKU03100,420,238,74,0.125,1.799072265625,NovaFresh Men's Grooming Medium,Personal Care,403.04,227.16,3360.0,0.0,232.45365721264758,1.0,Markdown / Clear,0.0,94998.52274414062
SKU03108,7868,1742,606,0.625,4.112548828125,CrispKing Namkeen 2kg,Snacks & Confectionery,124.21,76.09,12588.8,0.0,1912.1687741169487,1.0,Markdown / Clear,0.0,598363.196159668
SKU03119,366,134,47,0.375,2.189697265625,CrispKing Soft Drinks 100g,Beverages,37.56,21.37,976.0,0.0,166.14639313189878,1.0,Markdown / Clear,0.0,7774.626169433594
SKU03120,7,37,17,0.5,0.700439453125,HealthFirst Writing Instruments 100g,Stationery & Office,188.39,147.5,14.0,0.0,8.993726036946672,1.0,Markdown / Clear,0.0,929.1851806640625
SKU03121,259,88,42,0.125,1.799072265625,EverydayPlus Bottled Water 500ml,Beverages,50.11,28.39,2072.0,0.0,142.96308861446602,1.0,Markdown / Clear,0.0,7301.934338378906
SKU03122,106,161,39,0.125,0.700439453125,GoldenHarvest Skin Care Pack of 12,Personal Care,263.85,177.79,848.0,0.0,150.3335657023353,1.0,Markdown / Clear,0.0,18721.208869628907
SKU03123,247,96,42,0.375,5.397216796875,SunriseFoods Vitamins & Supplements 250g,Health & Wellness,356.02,277.98,658.6666666666666,0.0,44.764328040892025,1.0,Markdown / Clear,0.0,67160.7416748047
SKU03126,18,75,25,0.125,1.799072265625,SparkleClean Office Supplies Pack of 6,Stationery & Office,130.29,90.98,144.0,0.0,9.005156737684896,1.0,Markdown / Clear,0.0,1473.9604052734376
SKU03128,69,89,21,0.875,7.344482421875,HealthFirst Namkeen 2kg,Snacks & Confectionery,58.56,32.92,78.85714285714286,0.0,8.394807698700262,1.0,Markdown / Clear,0.0,2029.6996386718752
SKU03130,387,181,62,0.375,2.62158203125,SoftTouch Small Appliances 500g,Electronics & Accessories,4194.16,2504.6,1032.0,0.0,146.62078599366734,1.0,Markdown / Clear,0.0,962714.1856445312
SKU03133,199,164,44,0.25,2.01123046875,SparkleClean Notebooks 100g,Stationery & Office,262.89,193.86,796.0,0.0,97.94440398154892,1.0,Markdown / Clear,0.0,38188.24286132813
SKU03135,151,93,34,0.625,6.553955078125,EliteHome Bath & Body Pack of 12,Personal Care,393.82,288.18,241.6,0.0,22.03952318867573,1.0,Markdown / Clear,0.0,41626.46122558594
SKU03144,267,118,44,0.125,1.799072265625,DailyBest Milk 1kg,Dairy & Bakery,383.01,285.24,2136.0,0.0,147.40982494232597,1.0,Markdown / Clear,0.0,75645.91262695313
SKU03156,608,312,131,0.125,1.310791015625,PureLife Butter & Ghee 1L,Dairy & Bakery,200.11,131.93,4864.0,0.0,462.8420562488359,1.0,Markdown / Clear,0.0,80040.50734130859
SKU03160,41,65,21,0.375,1.40087890625,MetroBrand Writing Instruments 1L,Stationery & Office,254.64,151.71,109.33333333333333,0.0,28.267340536772394,1.0,Markdown / Clear,0.0,6007.582661132813
SKU03162,216,100,40,0.5,2.49951171875,SoftTouch Skin Care Large,Personal Care,365.6,279.46,432.0,0.0,85.4168782965423,1.0,Markdown / Clear,0.0,59664.84645507812
SKU03165,179,66,20,0.125,0.700439453125,HealthFirst Skin Care 500g,Personal Care,319.76,246.38,1432.0,0.0,254.55385151620774,1.0,Markdown / Clear,0.0,43929.44572753906
SKU03167,159,60,17,0.125,1.799072265625,ValueChoice OTC Medicine 2kg,Health & Wellness,1255.71,849.31,1272.0,0.0,87.37888451621659,1.0,Markdown / Clear,0.0,133512.319934082
SKU03168,616,285,109,0.75,2.8017578125,HealthFirst Oral Care 1kg,Personal Care,171.75,110.41,821.3333333333334,0.0,218.86197281282676,1.0,Markdown / Clear,0.0,67703.21791992187
SKU03178,169,62,15,0.375,3.932373046875,PremiumSelect Biscuits & Cookies 2L,Snacks & Confectionery,141.29,104.35,450.6666666666667,0.0,41.976594027441486,1.0,Markdown / Clear,0.0,17224.806872558594
SKU03179,7777,1816,665,0.125,1.310791015625,NatureBlend Skin Care 250ml,Personal Care,294.42,187.69,62216.0,0.0,5932.058670143416,1.0,Markdown / Clear,0.0,1459419.1076342773
SKU03180,256,134,47,0.125,0.700439453125,GoldenHarvest Writing Instruments 1L,Stationery & Office,355.01,231.05,2048.0,0.0,364.4848379226211,1.0,Markdown / Clear,0.0,58986.963464355475
SKU03183,47,65,32,0.125,1.799072265625,HealthFirst Namkeen Family Pack,Snacks & Confectionery,204.79,130.2,376.0,0.0,25.12457592617723,1.0,Markdown / Clear,0.0,5885.160791015624
SKU03190,423,292,90,0.25,3.59814453125,PremiumSelect Storage & Containers 2kg,Home & Kitchen,1003.94,791.57,1692.0,0.0,116.56059166779752,1.0,Markdown / Clear,0.0,331985.92673339846
SKU03196,76,31,14,0.5,1.799072265625,MetroBrand Footwear 100g,Apparel & Footwear,837.3,638.93,152.0,0.0,41.24399511466956,1.0,Markdown / Clear,0.0,47409.198757324215
SKU03201,94,116,32,0.25,3.59814453125,PurePlus Soft Drinks Family Pack,Beverages,107.6,79.86,376.0,0.0,25.12457592617723,1.0,Markdown / Clear,0.0,7219.492177734375
SKU03203,162,143,43,1.25,0.700439453125,CleanWave Bottled Water 250g,Beverages,182.62,134.94,129.6,0.0,230.28337399790868,1.0,Markdown / Clear,0.0,21765.76270019531
SKU03209,190,76,28,0.625,4.112548828125,GreenValley Namkeen 250ml,Snacks & Confectionery,76.6,49.01,304.0,0.0,45.20005936479667,1.0,Markdown / Clear,0.0,9110.343981933593
SKU03216,122,72,28,0.25,2.62158203125,EliteHome Small Appliances 500ml,Electronics & Accessories,2157.51,1247.1,488.0,0.0,45.53678524864966,1.0,Markdown / Clear,0.0,148876.82504882812
SKU03219,11,24,9,0.125,1.799072265625,ValueChoice Surface Cleaners 1kg,Home Care,139.02,110.58,88.0,0.0,5.114262450807437,1.0,Markdown / Clear,0.0,1017.4385888671875
SKU03220,5440,1308,431,0.125,0.700439453125,CrispKing Energy Drinks Small,Beverages,83.11,57.62,43520.0,0.0,7765.552805855699,1.0,Markdown / Clear,0.0,313412.44067871093
SKU03221,99,48,18,0.25,2.62158203125,ZestyCo Office Supplies 250g,Stationery & Office,117.16,87.05,396.0,0.0,36.76345688210095,1.0,Markdown / Clear,0.0,8389.741284179687
SKU03227,253,290,105,0.25,1.40087890625,CleanWave Frozen Vegetables 250ml,Frozen Foods,383.56,220.98,1012.0,0.0,179.6009062391077,1.0,Markdown / Clear,0.0,55598.373779296875
SKU03232,41,69,23,0.5,0.700439453125,EverydayPlus Men's Wear 500ml,Apparel & Footwear,2223.84,1462.03,82.0,0.0,57.53468107354479,1.0,Markdown / Clear,0.0,58919.166506347654
SKU03233,304,299,98,0.5,1.799072265625,HealthFirst Writing Instruments 250g,Stationery & Office,334.11,232.11,608.0,0.0,167.97598045867824,1.0,Markdown / Clear,0.0,70143.85733642579
SKU03239,147,220,65,0.25,2.62158203125,SoftTouch Yogurt Pack of 12,Dairy & Bakery,165.27,131.27,588.0,0.0,55.07301173402868,1.0,Markdown / Clear,0.0,18952.554926757814
SKU03241,281,227,73,0.375,1.799072265625,NovaFresh Yogurt 1kg,Dairy & Bakery,112.19,69.23,749.3333333333334,0.0,155.19161351608088,1.0,Markdown / Clear,0.0,19329.08022705078
SKU03246,64,38,14,0.875,2.101318359375,GreenValley Footwear 1kg,Apparel & Footwear,2508.18,1930.04,73.14285714285714,0.0,29.457069826885093,1.0,Markdown / Clear,0.0,119466.93151367188
SKU03248,493,266,88,0.125,0.700439453125,SparkleClean Notebooks 2kg,Stationery & Office,165.37,100.33,3944.0,0.0,702.8438480306727,1.0,Markdown / Clear,0.0,49392.41490966797
SKU03250,194,168,46,0.125,0.700439453125,ValueChoice Mobile Accessories 1L,Electronics & Accessories,972.67,635.2,1552.0,0.0,275.96897873823633,1.0,Markdown / Clear,0.0,122783.88085937501
SKU03258,8,45,11,0.125,1.310791015625,GreenValley First Aid 250ml,Health & Wellness,1275.38,926.98,64.0,0.0,5.103184950642578,1.0,Markdown / Clear,0.0,6200.762944335937
SKU03259,103,1247,395,1.625,12.390625,CleanWave Vitamins & Supplements 100g,Health & Wellness,602.04,478.37,63.38461538461539,0.0,7.312736443883985,1.0,Markdown / Clear,0.0,43344.80671875
SKU03264,234,92,37,0.125,1.310791015625,HomeStyle Juices Pack of 6,Beverages,225.45,154.23,1872.0,0.0,177.5181598062954,1.0,Markdown / Clear,0.0,35887.656701660155
SKU03267,328,178,82,0.125,0.700439453125,EliteHome First Aid 1kg,Health & Wellness,216.74,149.07,2624.0,0.0,467.2774485883583,1.0,Markdown / Clear,0.0,48790.54549072265
SKU03274,164,1535,531,0.375,4.908935546875,PremiumSelect Hair Care 250ml,Personal Care,156.95,113.1,437.3333333333333,0.0,32.40846471378127,1.0,Markdown / Clear,0.0,17993.19938964844
SKU03275,188,158,54,0.25,1.40087890625,FamilyChoice Vitamins & Supplements Pack of 12,Health & Wellness,849.13,605.13,752.0,0.0,133.20146392471244,1.0,Markdown / Clear,0.0,112916.72614746094
SKU03277,6864,1470,505,0.125,1.799072265625,DailyBest Dishwashing 500ml,Home Care,224.28,177.38,54912.0,0.0,3814.2997693038405,1.0,Markdown / Clear,0.0,1217217.2005615234
SKU03278,17,24,10,0.125,0.700439453125,NutriPlus Cookware 250g,Home & Kitchen,1619.2,1026.41,136.0,0.0,23.27047751829906,1.0,Markdown / Clear,0.0,16730.03194091797
SKU03284,6422,1479,523,0.375,3.59814453125,TrueTaste Bath & Body Family Pack,Personal Care,248.67,146.77,17125.333333333332,0.0,1783.808793594789,1.0,Markdown / Clear,0.0,942028.8403271486
SKU03286,6808,1515,502,0.625,3.502197265625,PremiumSelect Vitamins & Supplements Family Pack,Health & Wellness,731.23,434.11,10892.8,0.0,1942.922481700941,1.0,Markdown / Clear,0.0,2953900.5411450197
SKU03288,91,56,14,0.375,2.101318359375,NutriPlus OTC Medicine Small,Health & Wellness,1290.49,884.45,242.66666666666666,0.0,42.306146160102244,1.0,Markdown / Clear,0.0,78626.43897705078
SKU03290,7988,1629,541,0.625,3.502197265625,EverydayPlus Kids Wear 500g,Apparel & Footwear,1672.77,1155.95,12780.8,0.0,2279.8538166608573,1.0,Markdown / Clear,0.0,9229680.2350708
SKU03294,347,169,69,0.25,4.37939453125,SoftTouch Chips & Crisps 2kg,Snacks & Confectionery,96.06,68.62,1388.0,0.0,78.23469729066785,1.0,Markdown / Clear,0.0,23510.625947265627
SKU03295,4460,993,352,0.5,2.62158203125,SoftTouch Office Supplies 250g,Stationery & Office,106.45,62.34,8920.0,0.0,1700.2628049916186,1.0,Markdown / Clear,0.0,277872.9705761719
SKU03297,385,176,74,0.125,0.700439453125,DailyBest Butter & Ghee 100g,Dairy & Bakery,185.56,148.2,3080.0,0.0,548.6549320320669,1.0,Markdown / Clear,0.0,56953.19487304687
SKU03298,447,196,63,0.125,1.310791015625,GreenValley Frozen Vegetables Pack of 12,Frozen Foods,380.92,249.08,3576.0,0.0,340.015459117154,1.0,Markdown / Clear,0.0,111012.26817382812
SKU03299,189,109,47,0.125,1.799072265625,ZestyCo OTC Medicine 250ml,Health & Wellness,1035.55,607.81,1512.0,0.0,104.05414574569141,1.0,Markdown / Clear,0.0,113782.59588623045
SKU03300,251,138,56,0.25,1.40087890625,PrimeCare Dishwashing 100g,Home Care,279.78,169.06,1004.0,0.0,178.17323109097245,1.0,Markdown / Clear,0.0,42197.22741210937
SKU03315,175,65,26,0.375,5.397216796875,TrueTaste Oral Care Small,Personal Care,283.47,207.76,466.6666666666667,0.0,31.42411905731216,1.0,Markdown / Clear,0.0,35236.67423828125
SKU03319,62,33,12,0.125,0.700439453125,EverydayPlus Ice Cream Small,Frozen Foods,397.04,245.81,496.0,0.0,87.51585918438481,1.0,Markdown / Clear,0.0,15068.044978027345
SKU03321,201,163,57,0.125,1.799072265625,NutriPlus Chocolates 1kg,Snacks & Confectionery,86.3,54.93,1608.0,0.0,110.72425023748134,1.0,Markdown / Clear,0.0,10942.106960449219
SKU03322,199,124,43,0.125,1.310791015625,CityFresh Mobile Accessories 2kg,Electronics & Accessories,3565.54,2630.49,1592.0,0.0,150.8167256472341,1.0,Markdown / Clear,0.0,520019.48734130856
SKU03323,151,1221,374,1.25,5.384874398828577,UrbanBite Batteries 250ml,Electronics & Accessories,3001.52,1916.58,120.8,0.0,27.04150827229108,1.0,Markdown / Clear,0.0,279083.0374246931
SKU03325,191,109,49,0.125,1.799072265625,SmartBuy Eggs 1kg,Dairy & Bakery,62.69,36.37,1528.0,0.0,105.1658298276564,1.0,Markdown / Clear,0.0,6881.2377416992185
SKU03330,93,51,25,0.375,3.932373046875,ZestyCo Kids Wear Family Pack,Apparel & Footwear,1155.58,779.22,248.0,0.0,22.64984168373999,1.0,Markdown / Clear,0.0,69403.27627441406
SKU03332,423,226,80,0.25,3.59814453125,EliteHome Namkeen 2kg,Snacks & Confectionery,37.58,29.7,1692.0,0.0,116.56059166779752,1.0,Markdown / Clear,0.0,12456.235107421875
SKU03333,27,48,17,0.25,2.189697265625,UrbanBite Footwear Large,Apparel & Footwear,1220.63,934.48,108.0,0.0,11.330471624484336,1.0,Markdown / Clear,0.0,23184.73169921875
SKU03334,274,221,82,0.125,0.700439453125,CleanWave Candy 1L,Snacks & Confectionery,42.39,27.37,2192.0,0.0,390.1829905890554,1.0,Markdown / Clear,0.0,7480.208972167969
SKU03340,14,27,12,0.75,3.59814453125,DailyBest Small Appliances 250ml,Electronics & Accessories,2111.32,1649.71,18.666666666666668,0.0,2.8908942868774594,1.0,Markdown / Clear,0.0,17160.044985351564
SKU03343,136,68,26,0.25,1.40087890625,SoftTouch Oral Care 1L,Personal Care,294.71,164.46,544.0,0.0,96.08191007319624,1.0,Markdown / Clear,0.0,22136.171455078125
SKU03365,255,106,33,0.25,3.59814453125,FreshFarm Bread 1kg,Dairy & Bakery,236.1,176.42,1020.0,0.0,69.86986022526801,1.0,Markdown / Clear,0.0,44352.31534179687
SKU03368,212,78,22,0.375,2.101318359375,PrimeCare Home Decor 250ml,Home & Kitchen,1766.25,1357.98,565.3333333333334,0.0,99.88904380155687,1.0,Markdown / Clear,0.0,285038.2116943359
SKU03374,63,85,41,0.875,2.101318359375,EliteHome Candy 250g,Snacks & Confectionery,70.93,48.53,72.0,0.0,28.981178110840013,1.0,Markdown / Clear,0.0,2955.4130200195314
SKU03387,72,85,30,0.25,1.40087890625,SunriseFoods Flour & Atta 1L,Grocery,137.3,86.71,288.0,0.0,50.39630533286859,1.0,Markdown / Clear,0.0,6121.649790039062
SKU03390,139,56,24,0.125,1.799072265625,SoftTouch Footwear Large,Apparel & Footwear,1913.05,1303.29,1112.0,0.0,76.26204369656669,1.0,Markdown / Clear,0.0,178812.5971069336
SKU03396,112,50,14,0.875,11.96630859375,EverydayPlus OTC Medicine Large,Health & Wellness,661.74,507.86,128.0,0.0,8.359611539560126,1.0,Markdown / Clear,0.0,50803.11051757813
SKU03397,136,95,27,0.625,9.459228515625,SmartBuy Bath & Body 250g,Personal Care,393.07,220.9,217.6,0.0,13.377493870176798,1.0,Markdown / Clear,0.0,27952.85642089844
SKU03400,357,245,76,0.125,1.799072265625,MetroBrand Vitamins & Supplements Pack of 6,Health & Wellness,256.16,190.6,2856.0,0.0,197.43560863075044,1.0,Markdown / Clear,0.0,67701.29682617188
SKU03405,154,94,27,0.625,6.480712890625,PurePlus Men's Grooming 500g,Personal Care,395.68,274.28,246.4,0.0,22.762817856470146,1.0,Markdown / Clear,0.0,40461.59006835937
SKU03414,6873,1563,546,0.125,0.700439453125,SoftTouch Women's Wear Family Pack,Apparel & Footwear,958.95,604.83,54984.0,0.0,9811.411293133497,1.0,Markdown / Clear,0.0,4156572.9432055666
SKU03418,137,72,25,0.375,2.62158203125,PurePlus Soft Drinks 500g,Beverages,144.08,93.61,365.3333333333333,0.0,51.258521139877075,1.0,Markdown / Clear,0.0,12579.163706054687
SKU03423,187,84,30,0.25,1.40087890625,DailyBest Small Appliances Pack of 6,Electronics & Accessories,387.84,281.3,748.0,0.0,132.48762635064483,1.0,Markdown / Clear,0.0,52209.03276367188
SKU03429,14,65,15,0.5,0.700439453125,GoldenHarvest Home Decor 500g,Home & Kitchen,1112.21,853.08,28.0,0.0,18.987452073893344,1.0,Markdown / Clear,0.0,11345.589111328125
SKU03430,203,139,44,0.25,1.40087890625,PremiumSelect Flour & Atta 250g,Grocery,348.18,265.56,812.0,0.0,143.90902753572672,1.0,Markdown / Clear,0.0,53536.66259765625
SKU03434,266,156,38,0.375,5.690185546875,ZestyCo Milk Medium,Dairy & Bakery,108.68,66.07,709.3333333333334,0.0,45.74715750632857,1.0,Markdown / Clear,0.0,17198.669440917965
SKU03438,126,156,42,0.5,7.1962890625,EliteHome Batteries 250g,Electronics & Accessories,1292.78,824.58,252.0,0.0,16.509024290948567,1.0,Markdown / Clear,0.0,97963.16396484376
SKU03442,102,40,10,0.375,4.908935546875,ValueChoice Butter & Ghee 250ml,Dairy & Bakery,157.67,98.09,272.0,0.0,19.7784353707664,1.0,Markdown / Clear,0.0,9523.66251220703
SKU03445,126,46,15,0.125,1.310791015625,CityFresh Chips & Crisps Pack of 12,Snacks & Confectionery,53.18,41.01,1008.0,0.0,95.1251629726206,1.0,Markdown / Clear,0.0,5113.504460449219
SKU03449,225,93,23,0.5,5.2431640625,NatureBlend Cheese 1L,Dairy & Bakery,350.83,213.77,450.0,0.0,41.91301918420562,1.0,Markdown / Clear,0.0,46977.41881835938
SKU03452,353,215,70,0.5,8.7587890625,PrimeCare First Aid Small,Health & Wellness,1169.31,836.86,706.0,0.0,39.30237484669417,1.0,Markdown / Clear,0.0,288081.69978515623
SKU03453,171,75,29,0.5,0.700439453125,ZestyCo Juices Large,Beverages,219.01,122.21,342.0,0.0,243.13245033112582,1.0,Markdown / Clear,0.0,20812.30929443359
SKU03455,49,23,6,0.625,4.291015625,FreshFarm Notebooks 250g,Stationery & Office,309.96,194.29,78.4,0.0,10.419208010923986,1.0,Markdown / Clear,0.0,8686.50857421875
SKU03460,134,70,18,0.375,3.59814453125,FamilyChoice Mobile Accessories 100g,Electronics & Accessories,3034.93,1689.44,357.3333333333333,0.0,36.24141674582712,1.0,Markdown / Clear,0.0,220306.110703125
SKU03461,192,185,64,0.5,2.101318359375,FreshFarm Frozen Vegetables Small,Frozen Foods,861.75,538.79,384.0,0.0,90.37120948065528,1.0,Markdown / Clear,0.0,102315.51068115234
SKU03466,396,247,80,0.25,3.59814453125,NatureBlend Dishwashing Large,Home Care,352.05,229.0,1584.0,0.0,109.05672411453386,1.0,Markdown / Clear,0.0,89860.02490234375
SKU03479,80,77,24,0.125,1.799072265625,SparkleClean Cookware Small,Home & Kitchen,1227.13,793.02,640.0,0.0,43.467363278599535,1.0,Markdown / Clear,0.0,62014.89971191406
SKU03486,92,84,20,0.5,2.8017578125,HomeStyle Air Fresheners 250ml,Home Care,494.17,342.35,184.0,0.0,31.836528407110492,1.0,Markdown / Clear,0.0,30537.018212890627
SKU03490,110,48,13,0.125,2.189697265625,CityFresh First Aid 250g,Health & Wellness,1217.06,819.17,880.0,0.0,49.23525476641766,1.0,Markdown / Clear,0.0,88314.96569091796
SKU03492,7719,1667,628,0.25,1.40087890625,QuickBite Office Supplies Small,Stationery & Office,71.49,42.9,30876.0,0.0,5509.112234227954,1.0,Markdown / Clear,0.0,331085.00229492184
SKU03494,513,246,90,0.375,5.397216796875,NatureBlend Surface Cleaners 2kg,Home Care,72.09,50.74,1368.0,0.0,94.04898900800652,1.0,Markdown / Clear,0.0,25755.765219726563
SKU03496,246,143,46,0.375,2.101318359375,SunriseFoods Ice Cream 500g,Frozen Foods,377.16,208.59,656.0,0.0,116.06936214708958,1.0,Markdown / Clear,0.0,50874.82600341797
SKU03500,366,180,75,0.375,3.932373046875,EliteHome Mobile Accessories 1L,Electronics & Accessories,1732.5,1341.11,976.0,0.0,92.07357049729931,1.0,Markdown / Clear,0.0,485572.5151831054
SKU03505,280,114,47,0.875,3.932373046875,QuickBite Mobile Accessories Family Pack,Electronics & Accessories,3317.78,2379.12,320.0,0.0,70.2038244241634,1.0,Markdown / Clear,0.0,656798.0126367187
SKU03506,194,149,58,0.5,2.62158203125,PremiumSelect Air Fresheners 100g,Home Care,541.05,310.94,388.0,0.0,73.00111752654125,1.0,Markdown / Clear,0.0,59507.205283203126
SKU03507,89,58,21,0.5,1.310791015625,SparkleClean Frozen Meat 1L,Frozen Foods,695.35,540.24,178.0,0.0,66.89793257589868,1.0,Markdown / Clear,0.0,47373.21826171875
SKU03512,131,77,37,0.5,0.700439453125,SunriseFoods Laundry Pack of 6,Home Care,439.58,248.09,262.0,0.0,186.02544440571629,1.0,Markdown / Clear,0.0,32326.017976074218
SKU03515,586,287,85,0.125,1.799072265625,GreenValley Frozen Meat Family Pack,Frozen Foods,266.34,188.11,4688.0,0.0,324.72343601574164,1.0,Markdown / Clear,0.0,109894.0365161133
SKU03516,248,191,85,0.375,4.37939453125,GoldenHarvest Laundry 250ml,Home Care,143.34,108.53,661.3333333333334,0.0,55.62883264577991,1.0,Markdown / Clear,0.0,26440.144311523436
SKU03522,44,38,14,0.5,5.397216796875,UrbanBite Soft Drinks Medium,Beverages,112.92,72.14,88.0,0.0,7.152349934409916,1.0,Markdown / Clear,0.0,2784.8047802734377
SKU03523,8477,1767,555,0.375,2.101318359375,GoldenHarvest Vitamins & Supplements 500ml,Health & Wellness,348.18,222.52,22605.333333333332,0.0,4033.1340769141398,1.0,Markdown / Clear,0.0,1885834.454638672
SKU03530,204,71,18,0.25,0.700439453125,FamilyChoice Small Appliances 2kg,Electronics & Accessories,2126.37,1261.96,816.0,0.0,290.2457302195887,1.0,Markdown / Clear,0.0,256555.91342773437
SKU03535,267,969,339,1.625,5.6050194113416545,DailyBest Office Supplies 2L,Stationery & Office,178.62,117.63,164.30769230769232,0.0,46.63587427721131,1.0,Markdown / Clear,0.0,30747.891566643884
SKU03536,52,84,34,0.375,3.932373046875,SparkleClean Tea Medium,Beverages,127.11,77.38,138.66666666666666,0.0,12.223567393058918,1.0,Markdown / Clear,0.0,3719.472973632812
SKU03537,181,118,50,0.625,0.700439453125,UrbanBite Soft Drinks 250ml,Beverages,150.25,109.89,289.6,0.0,257.4092018124782,1.0,Markdown / Clear,0.0,19813.118708496095
SKU03538,208,91,24,0.25,2.62158203125,CleanWave Notebooks 1kg,Stationery & Office,85.84,61.98,832.0,0.0,78.34140435835351,1.0,Markdown / Clear,0.0,12729.354345703125
SKU03548,8055,1767,621,0.375,2.101318359375,CrispKing Oral Care Pack of 12,Personal Care,170.33,99.23,21480.0,0.0,3832.307772743116,1.0,Markdown / Clear,0.0,799089.1361791992
SKU03549,479,313,121,0.5,5.397216796875,SoftTouch Butter & Ghee Small,Dairy & Bakery,173.56,135.57,958.0,0.0,87.74944587687158,1.0,Markdown / Clear,0.0,64206.32931884765
SKU03550,162,128,43,0.375,1.310791015625,NatureBlend Footwear 100g,Apparel & Footwear,865.57,503.31,432.0,0.0,122.5894952505122,1.0,Markdown / Clear,0.0,80876.48577392579
SKU03557,72,27,8,0.25,1.799072265625,EverydayPlus Tea Pack of 12,Beverages,154.56,92.07,288.0,0.0,39.02062695073958,1.0,Markdown / Clear,0.0,6463.399416503906
SKU03562,6962,1654,642,0.375,1.40087890625,CleanWave Office Supplies 2kg,Stationery & Office,51.41,31.22,18565.333333333332,0.0,4968.737190658766,1.0,Markdown / Clear,0.0,217309.90456054686
SKU03564,122,150,60,0.625,2.62158203125,GoldenHarvest Candy Family Pack,Snacks & Confectionery,105.88,58.54,195.2,0.0,45.53678524864966,1.0,Markdown / Clear,0.0,6988.412587890625
SKU03566,209,241,68,0.375,3.810302734375,ZestyCo Cheese Pack of 6,Dairy & Bakery,120.06,77.94,557.3333333333334,0.0,53.851284679951306,1.0,Markdown / Clear,0.0,15992.485004882812
SKU03568,658,340,105,0.125,1.310791015625,CrispKing Butter & Ghee Pack of 6,Dairy & Bakery,252.26,150.27,5264.0,0.0,500.986962190352,1.0,Markdown / Clear,0.0,98680.68743408204
SKU03571,50,20,5,1.0,2.01123046875,ZestyCo OTC Medicine Small,Health & Wellness,1043.87,751.91,50.0,0.0,23.860403010439427,1.0,Markdown / Clear,0.0,36083.235698242184
SKU03581,62,48,22,0.375,2.101318359375,ZestyCo Batteries 100g,Electronics & Accessories,2270.43,1545.83,165.33333333333334,0.0,28.505286394794933,1.0,Markdown / Clear,0.0,92593.17904052734
SKU03590,70,51,18,0.125,1.799072265625,ValueChoice Women's Wear Small,Apparel & Footwear,3078.0,2159.29,560.0,0.0,37.908942868774595,1.0,Markdown / Clear,0.0,147265.58124755858
SKU03591,343,192,72,0.625,3.502197265625,MetroBrand Chips & Crisps 1kg,Snacks & Confectionery,128.36,97.26,548.8,0.0,96.93851516207738,1.0,Markdown / Clear,0.0,33019.556293945316
SKU03594,84,71,21,0.25,1.799072265625,EliteHome Laundry 250g,Home Care,477.39,368.67,336.0,0.0,45.69073144252952,1.0,Markdown / Clear,0.0,30305.016027832033
SKU03599,32,37,8,0.125,1.310791015625,UrbanBite Office Supplies 2L,Stationery & Office,160.95,127.27,256.0,0.0,23.41273980257031,1.0,Markdown / Clear,0.0,3905.815627441406
SKU03604,89,105,36,1.25,4.200927734375,NovaFresh Eggs Family Pack,Dairy & Bakery,122.62,85.4,71.2,0.0,20.185796478177487,1.0,Markdown / Clear,0.0,7241.840771484375
SKU03608,217,140,59,0.25,3.10986328125,PureLife Ready Meals 250ml,Frozen Foods,1095.08,835.18,868.0,0.0,68.77798712513739,1.0,Markdown / Clear,0.0,178636.7643847656
SKU03611,47,46,14,0.5,3.932373046875,CityFresh Candy Medium,Snacks & Confectionery,164.98,131.84,94.0,0.0,10.952070528341714,1.0,Markdown / Clear,0.0,5678.0359375
SKU03612,18,49,23,0.125,1.799072265625,PurePlus Ice Cream 500ml,Frozen Foods,290.1,185.25,144.0,0.0,9.005156737684896,1.0,Markdown / Clear,0.0,3001.2218627929688
SKU03615,194,169,50,0.125,1.310791015625,SunriseFoods Hair Care Family Pack,Personal Care,801.2,445.68,1552.0,0.0,147.0022350530825,1.0,Markdown / Clear,0.0,85877.72666015624
SKU03616,223,160,59,0.625,1.40087890625,SoftTouch Hair Care 1L,Personal Care,372.86,260.39,356.8,0.0,158.1857790170791,1.0,Markdown / Clear,0.0,57702.19514160156
SKU03620,89,78,31,0.5,3.59814453125,NatureBlend Men's Grooming 1L,Personal Care,962.2,546.18,178.0,0.0,23.734970823720992,1.0,Markdown / Clear,0.0,46644.78541992187
SKU03622,81,983,367,0.625,6.09765625,NatureBlend Yogurt 1L,Dairy & Bakery,288.6,193.42,129.6,0.0,12.283792440743113,1.0,Markdown / Clear,0.0,14487.611328124998
SKU03623,257,105,49,0.25,1.310791015625,FamilyChoice Ice Cream Large,Frozen Foods,521.36,352.75,1028.0,0.0,195.0648165393928,1.0,Markdown / Clear,0.0,90194.36846923828
SKU03634,6420,1383,489,0.375,3.932373046875,ZestyCo Footwear Medium,Apparel & Footwear,2372.1,1426.85,17120.0,0.0,1631.6019742968895,1.0,Markdown / Clear,0.0,9154766.093518065
SKU03639,197,89,39,1.375,8.7587890625,CrispKing Notebooks 500g,Stationery & Office,137.55,91.19,143.27272727272728,0.0,21.491693611327907,1.0,Markdown / Clear,0.0,17165.716025390626
SKU03647,110,124,45,0.375,6.569091796875,PremiumSelect Batteries 100g,Electronics & Accessories,1456.54,862.25,293.3333333333333,0.0,15.74508492213922,1.0,Markdown / Clear,0.0,89183.30059814453
SKU03651,112,55,13,0.125,1.799072265625,PrimeCare Office Supplies 500g,Stationery & Office,193.72,114.08,896.0,0.0,61.25430859003935,1.0,Markdown / Clear,0.0,12571.7218359375
SKU03656,117,113,55,0.25,3.59814453125,PureLife Cookware 1L,Home & Kitchen,1079.71,698.24,468.0,0.0,31.516759397475916,1.0,Markdown / Clear,0.0,79181.7115625
SKU03658,120,122,33,0.25,1.40087890625,ZestyCo Juices 500ml,Beverages,202.55,112.17,480.0,0.0,84.66050888811432,1.0,Markdown / Clear,0.0,13303.263413085937
SKU03659,279,119,43,0.625,6.553955078125,DailyBest Ready Meals Small,Frozen Foods,484.55,341.19,446.4,0.0,41.56971503073198,1.0,Markdown / Clear,0.0,92955.86606689454
SKU03661,251,129,63,0.75,3.59814453125,QuickBite Candy 2kg,Snacks & Confectionery,195.37,125.69,334.6666666666667,0.0,68.75817614330303,1.0,Markdown / Clear,0.0,31095.939213867186
SKU03662,520,209,65,0.25,4.37939453125,BasicNeeds Surface Cleaners Pack of 6,Home Care,275.54,166.11,2080.0,0.0,117.73787490244175,1.0,Markdown / Clear,0.0,85649.73877441407
SKU03669,88,98,32,0.125,0.700439453125,QuickBite OTC Medicine Large,Health & Wellness,1245.54,850.93,704.0,0.0,124.63541303590101,1.0,Markdown / Clear,0.0,74285.81505615234
SKU03671,614,262,84,0.125,0.700439453125,EverydayPlus Bottled Water Pack of 6,Beverages,91.48,71.79,4912.0,0.0,875.5925409550366,1.0,Markdown / Clear,0.0,44028.77545166016
SKU03689,185,200,54,0.25,0.700439453125,SparkleClean Office Supplies 500ml,Stationery & Office,368.35,245.71,740.0,0.0,263.11990240501916,1.0,Markdown / Clear,0.0,45284.24502197266
SKU03691,159,90,22,0.125,1.799072265625,NutriPlus Cookware 100g,Home & Kitchen,736.36,551.75,1272.0,0.0,87.37888451621659,1.0,Markdown / Clear,0.0,86735.6118774414
SKU03698,273,115,31,0.125,1.799072265625,MetroBrand Hair Care 1kg,Personal Care,422.86,247.59,2184.0,0.0,150.74487718822093,1.0,Markdown / Clear,0.0,67146.6376977539
SKU03701,130,93,40,0.125,0.700439453125,CrispKing Mobile Accessories Family Pack,Electronics & Accessories,2591.76,1470.88,1040.0,0.0,184.59776925758104,1.0,Markdown / Clear,0.0,190184.13761718752
SKU03709,7499,1770,632,0.375,6.569091796875,PurePlus Cheese 250ml,Dairy & Bakery,266.41,186.06,19997.333333333332,0.0,1140.5581075556547,1.0,Markdown / Clear,0.0,1394041.6947802734
SKU03712,25,27,10,0.75,2.62158203125,GoldenHarvest Vitamins & Supplements 1L,Health & Wellness,756.91,548.45,33.333333333333336,0.0,8.536226485379029,1.0,Markdown / Clear,0.0,12273.443334960939
SKU03713,181,226,91,0.125,2.189697265625,PrimeCare Candy Pack of 12,Snacks & Confectionery,197.54,135.79,1448.0,0.0,81.65982829746906,1.0,Markdown / Clear,0.0,24280.65100830078
SKU03715,354,267,104,0.5,7.8798828125,NatureBlend OTC Medicine Small,Health & Wellness,930.79,536.3,708.0,0.0,43.92452596356426,1.0,Markdown / Clear,0.0,185624.21884765624
SKU03717,181,150,50,0.75,8.67041015625,FreshFarm Frozen Vegetables Pack of 6,Frozen Foods,240.36,157.28,241.33333333333334,0.0,19.87559835557808,1.0,Markdown / Clear,0.0,27103.997890625
SKU03719,275,316,125,0.125,1.799072265625,PureLife Namkeen Family Pack,Snacks & Confectionery,134.23,107.07,2200.0,0.0,151.85656127018592,1.0,Markdown / Clear,0.0,29251.623332519528
SKU03721,382,143,48,0.125,0.700439453125,PurePlus Rice & Grains 500g,Grocery,300.22,188.52,3056.0,0.0,544.3719065876612,1.0,Markdown / Clear,0.0,71882.59315429688
SKU03724,224,94,39,0.375,3.59814453125,SmartBuy Pest Control 2kg,Home Care,380.37,260.37,597.3333333333334,0.0,61.25430859003935,1.0,Markdown / Clear,0.0,57386.03110839844
SKU03725,281,138,57,0.125,2.189697265625,FamilyChoice First Aid 2L,Health & Wellness,977.64,637.98,2248.0,0.0,127.32824172148511,1.0,Markdown / Clear,0.0,177875.39693847657
SKU03759,392,255,88,0.5,1.799072265625,PrimeCare Biscuits & Cookies 250g,Snacks & Confectionery,117.37,80.92,784.0,0.0,216.89008006513774,1.0,Markdown / Clear,0.0,31575.059072265627
SKU03766,236,123,45,0.25,1.799072265625,ValueChoice Flour & Atta 500g,Grocery,268.44,175.66,944.0,0.0,130.17872167186863,1.0,Markdown / Clear,0.0,41139.73496582031
SKU03772,336,126,41,0.625,4.112548828125,CleanWave First Aid Large,Health & Wellness,245.96,188.41,537.6,0.0,80.70115761353517,1.0,Markdown / Clear,0.0,62530.91467529297
SKU03778,23,25,10,0.25,0.700439453125,SoftTouch Energy Drinks 500g,Beverages,155.82,123.22,92.0,0.0,31.836528407110492,1.0,Markdown / Clear,0.0,2747.7518505859375
SKU03785,30,51,18,0.375,1.40087890625,PremiumSelect Biscuits & Cookies Medium,Snacks & Confectionery,233.48,160.77,80.0,0.0,20.41512722202858,1.0,Markdown / Clear,0.0,4597.8806982421875
SKU03795,337,125,47,0.375,3.932373046875,SparkleClean Soft Drinks 500g,Beverages,162.83,93.49,898.6666666666666,0.0,84.69888868193954,1.0,Markdown / Clear,0.0,31138.492443847656
SKU03797,216,253,103,0.125,1.310791015625,PremiumSelect Rice & Grains Small,Grocery,361.59,261.89,1728.0,0.0,163.7859936673496,1.0,Markdown / Clear,0.0,56224.95694091797
SKU03820,47,31,13,1.125,13.13818359375,ZestyCo OTC Medicine Small,Health & Wellness,961.05,762.63,41.77777777777778,0.0,2.5773590515479246,1.0,Markdown / Clear,0.0,25824.037045898436
SKU03821,231,179,53,0.5,3.59814453125,CityFresh Air Fresheners Family Pack,Home Care,132.88,87.59,462.0,0.0,63.199755733478085,1.0,Markdown / Clear,0.0,19918.128520507813
SKU03826,235,126,34,0.375,4.37939453125,PurePlus Mobile Accessories 1L,Electronics & Accessories,3319.6,1990.21,626.6666666666666,0.0,52.66038577321886,1.0,Markdown / Clear,0.0,458983.43520996097
SKU03829,432,192,64,0.25,1.40087890625,EliteHome Ready Meals Small,Frozen Foods,660.71,387.84,1728.0,0.0,307.37783199721156,1.0,Markdown / Clear,0.0,167003.563125
SKU03831,299,173,74,0.375,5.397216796875,SmartBuy Pest Control Pack of 6,Home Care,110.38,75.54,797.3333333333334,0.0,54.39892341792193,1.0,Markdown / Clear,0.0,22178.754243164065
SKU03838,259,153,49,0.25,1.799072265625,MetroBrand Rice & Grains 2L,Grocery,259.95,144.07,1036.0,0.0,142.96308861446602,1.0,Markdown / Clear,0.0,37054.93765869141
SKU03839,8057,1821,649,0.5,7.1962890625,HealthFirst Skin Care Pack of 12,Personal Care,598.7,459.02,16114.0,0.0,1118.604831048989,1.0,Markdown / Clear,0.0,3695020.8993945313
SKU03840,68,1562,544,3.375,15.693649666597732,HealthFirst Dishwashing 250g,Home Care,255.12,177.23,20.14814814814815,0.0,3.332962787154016,1.0,Markdown / Clear,0.0,9270.254469588883
SKU03841,51,99,41,0.625,10.948486328125,UrbanBite Men's Wear 500g,Apparel & Footwear,989.04,750.28,81.6,0.0,3.658178169249638,1.0,Markdown / Clear,0.0,30049.849677734375
SKU03843,95,75,19,0.375,3.932373046875,FamilyChoice Energy Drinks Small,Beverages,125.55,92.03,253.33333333333334,0.0,23.15844042962687,1.0,Markdown / Clear,0.0,8380.953708496094
SKU03845,533,263,109,0.25,1.40087890625,MetroBrand Frozen Vegetables Pack of 6,Frozen Foods,622.07,452.79,2132.0,0.0,379.4754269780411,1.0,Markdown / Clear,0.0,240702.76604003907
SKU03864,7884,1772,608,0.125,0.700439453125,BasicNeeds Surface Cleaners 2L,Home Care,266.5,161.94,63072.0,0.0,11254.790867898222,1.0,Markdown / Clear,0.0,1276621.530834961
SKU03874,92,78,30,0.75,5.690185546875,CityFresh Bread 500ml,Dairy & Bakery,224.65,154.77,122.66666666666667,0.0,15.168189814218906,1.0,Markdown / Clear,0.0,13358.169982910156
SKU03876,69,946,300,1.375,5.42333984375,NovaFresh Energy Drinks 1kg,Beverages,232.78,140.09,50.18181818181818,0.0,11.7227874313496,1.0,Markdown / Clear,0.0,8906.454321289062
SKU03881,547,252,96,1.0,8.4111328125,BasicNeeds Frozen Vegetables 1L,Frozen Foods,565.72,421.53,547.0,0.0,64.03285730871937,1.0,Markdown / Clear,0.0,227031.36518554686
SKU03887,112,78,26,0.125,2.189697265625,MetroBrand Batteries 2kg,Electronics & Accessories,514.28,365.6,896.0,0.0,50.14862303489798,1.0,Markdown / Clear,0.0,40146.6466796875
SKU03895,84,218,71,0.375,5.397216796875,BasicNeeds Men's Grooming Medium,Personal Care,173.56,120.6,224.0,0.0,14.563577147509838,1.0,Markdown / Clear,0.0,9479.495654296874
SKU03897,175,100,36,0.75,3.59814453125,SmartBuy Pest Control Medium,Home Care,97.07,60.29,233.33333333333334,0.0,47.636178585968246,1.0,Markdown / Clear,0.0,10333.817866210937
SKU03898,309,223,90,1.375,5.397216796875,SunriseFoods Candy 1L,Snacks & Confectionery,196.68,133.41,224.72727272727272,0.0,56.25173022119691,1.0,Markdown / Clear,0.0,40503.64730712891
SKU03901,200,112,49,0.875,10.557861328125,CrispKing Milk Large,Dairy & Bakery,110.45,64.93,228.57142857142858,0.0,17.94323043126373,1.0,Markdown / Clear,0.0,12300.478063964845
SKU03906,345,210,80,0.625,1.40087890625,GoldenHarvest Bath & Body 250g,Personal Care,125.53,90.03,552.0,0.0,245.27396305332869,1.0,Markdown / Clear,0.0,30934.228872070315
SKU03908,254,127,38,0.375,3.932373046875,NutriPlus Frozen Vegetables Medium,Frozen Foods,951.93,748.46,677.3333333333334,0.0,63.59204072763394,1.0,Markdown / Clear,0.0,187165.61606933596
SKU03910,122,142,50,0.375,3.932373046875,FamilyChoice First Aid 1kg,Health & Wellness,664.29,510.5,325.3333333333333,0.0,30.02452349909977,1.0,Markdown / Clear,0.0,60273.52355957031
SKU03911,239,130,37,1.0,10.30615234375,BasicNeeds Coffee 250ml,Beverages,89.02,64.34,239.0,0.0,22.190031743023642,1.0,Markdown / Clear,0.0,14714.162158203126
SKU03912,311,117,40,1.125,6.64404296875,NovaFresh Spices & Seasoning 2L,Grocery,181.63,112.0,276.44444444444446,0.0,45.80884838685971,1.0,Markdown / Clear,0.0,34087.8671875
SKU03914,185,96,44,0.625,7.530517578125,CrispKing Frozen Meat Pack of 6,Frozen Foods,268.05,211.05,296.0,0.0,23.5667044901929,1.0,Markdown / Clear,0.0,37454.93426513672
SKU03915,95,70,18,0.625,2.189697265625,FreshFarm Kids Wear 1L,Apparel & Footwear,1708.53,1349.58,152.0,0.0,42.38499275281525,1.0,Markdown / Clear,0.0,125254.92836425781
SKU03922,191,91,42,0.125,2.189697265625,NutriPlus Men's Wear 250ml,Apparel & Footwear,2095.66,1403.43,1528.0,0.0,86.22666963987066,1.0,Markdown / Clear,0.0,264982.0431665039
SKU03932,9179,1910,673,0.125,0.700439453125,QuickBite Milk Family Pack,Dairy & Bakery,188.65,107.12,73432.0,0.0,13103.630184733356,1.0,Markdown / Clear,0.0,983179.4489257813
SKU03937,440,330,138,0.25,4.37939453125,EverydayPlus Eggs 1L,Dairy & Bakery,235.76,144.83,1760.0,0.0,99.47050953283532,1.0,Markdown / Clear,0.0,63090.93229003907
SKU03947,248,130,52,0.25,3.10986328125,PrimeCare Frozen Vegetables 500ml,Frozen Foods,464.65,330.31,992.0,0.0,78.74627100015701,1.0,Markdown / Clear,0.0,80889.66105957031
SKU03951,225,276,85,0.5,0.700439453125,CityFresh Juices Family Pack,Beverages,156.85,120.22,450.0,0.0,320.2269083304287,1.0,Markdown / Clear,0.0,26965.29316894531
SKU03955,140,93,23,0.375,3.932373046875,MetroBrand Pulses & Lentils 500g,Grocery,499.04,287.09,373.3333333333333,0.0,34.6019122120817,1.0,Markdown / Clear,0.0,39063.655021972656
SKU03965,262,176,70,0.125,1.310791015625,FamilyChoice Bread 2kg,Dairy & Bakery,81.54,60.19,2096.0,0.0,198.87930713354442,1.0,Markdown / Clear,0.0,15690.88348876953
SKU03969,299,216,64,0.375,6.569091796875,ZestyCo Biscuits & Cookies 1L,Snacks & Confectionery,109.07,64.23,797.3333333333334,0.0,44.51618537926934,1.0,Markdown / Clear,0.0,18782.83723388672
SKU03990,32,40,19,0.125,1.310791015625,SparkleClean Ice Cream Pack of 6,Frozen Foods,690.44,427.88,256.0,0.0,23.41273980257031,1.0,Markdown / Clear,0.0,13131.298740234375
SKU03997,242,176,49,0.125,0.700439453125,SoftTouch Bath & Body 1kg,Personal Care,308.27,241.9,1936.0,0.0,344.4973858487278,1.0,Markdown / Clear,0.0,58370.36369628907
SKU04001,433,264,91,0.25,1.40087890625,SoftTouch Yogurt 250g,Dairy & Bakery,183.48,121.81,1732.0,0.0,308.09166957127917,1.0,Markdown / Clear,0.0,52573.08894042969
SKU04004,102,36,7,0.125,1.799072265625,CrispKing Office Supplies 500g,Stationery & Office,309.68,171.13,816.0,0.0,55.69588818021441,1.0,Markdown / Clear,0.0,17147.384763183592
SKU04016,282,1426,476,1.0,8.018798828125,HealthFirst Small Appliances 1kg,Electronics & Accessories,1492.65,908.98,282.0,0.0,34.16736185111889,1.0,Markdown / Clear,0.0,249043.43224121095
SKU04017,261,153,71,0.25,1.40087890625,FamilyChoice Air Fresheners 1L,Home Care,119.49,82.09,1044.0,0.0,185.31160683164865,1.0,Markdown / Clear,0.0,21310.49185058594
SKU04020,188,191,74,0.375,3.932373046875,NutriPlus Small Appliances Medium,Electronics & Accessories,3224.18,2088.26,501.3333333333333,0.0,46.80828211336686,1.0,Markdown / Clear,0.0,384381.06266113283
SKU04025,155,79,24,0.25,3.59814453125,CrispKing Oral Care 500g,Personal Care,542.11,336.63,620.0,0.0,42.077758176143305,1.0,Markdown / Clear,0.0,50966.406606445315
SKU04026,245,124,29,0.25,0.700439453125,FreshFarm Men's Grooming 1L,Personal Care,240.97,170.08,980.0,0.0,348.7804112931335,1.0,Markdown / Clear,0.0,41550.4692578125
SKU04032,125,1339,464,2.5,16.244734233698434,SunriseFoods Hair Care Pack of 12,Personal Care,203.7,144.36,50.0,0.0,6.694801170750904,1.0,Markdown / Clear,0.0,15699.910166023295
SKU04034,73,68,20,0.375,2.62158203125,EliteHome Storage & Containers 250g,Home & Kitchen,1575.82,935.4,194.66666666666666,0.0,26.84578133730676,1.0,Markdown / Clear,0.0,65831.97216796875
SKU04038,357,307,93,0.5,5.2431640625,HealthFirst Biscuits & Cookies Pack of 6,Snacks & Confectionery,38.55,29.97,714.0,0.0,67.08865710560626,1.0,Markdown / Clear,0.0,10542.152373046874
SKU04039,143,76,31,0.25,2.62158203125,SmartBuy Cooking Oil Family Pack,Grocery,381.69,266.82,572.0,0.0,53.54721549636804,1.0,Markdown / Clear,0.0,37455.76948242187
SKU04040,30,30,9,0.375,5.397216796875,PureLife Cookware 1L,Home & Kitchen,1438.32,1043.38,80.0,0.0,4.558420409824942,1.0,Markdown / Clear,0.0,25670.051938476565
SKU04042,161,107,37,0.625,2.49951171875,GoldenHarvest Men's Grooming 1L,Personal Care,242.79,161.95,257.6,0.0,63.412580582144955,1.0,Markdown / Clear,0.0,25669.154077148436
SKU04049,757,351,110,0.125,0.700439453125,HealthFirst Notebooks 2L,Stationery & Office,329.02,194.01,6056.0,0.0,1079.7500871383756,1.0,Markdown / Clear,0.0,146729.6777416992
SKU04051,193,75,25,0.375,1.799072265625,PremiumSelect Batteries 500g,Electronics & Accessories,1548.72,905.1,514.6666666666666,0.0,106.27751390962139,1.0,Markdown / Clear,0.0,173055.9596923828
SKU04053,7592,1798,665,0.625,7.896728515625,BasicNeeds Hair Care Small,Personal Care,315.46,202.58,12147.2,0.0,960.4107899211625,1.0,Markdown / Clear,0.0,1536387.6407373047
SKU04055,41,26,7,0.25,2.62158203125,BasicNeeds Bread 1kg,Dairy & Bakery,141.34,80.84,164.0,0.0,14.639411436021605,1.0,Markdown / Clear,0.0,3102.51130859375
SKU04058,67,89,18,1.125,14.238525390625,PurePlus Writing Instruments 250ml,Stationery & Office,74.66,50.77,59.55555555555556,0.0,3.7055434577596404,1.0,Markdown / Clear,0.0,2678.700065917969
SKU04060,543,302,112,0.75,0.700439453125,FreshFarm OTC Medicine 500g,Health & Wellness,983.88,584.6,724.0,0.0,774.2276054374346,1.0,Markdown / Clear,0.0,317028.32309570315
SKU04061,96,79,32,0.875,3.932373046875,CleanWave Coffee 2L,Beverages,65.6,41.08,109.71428571428571,0.0,23.41273980257031,1.0,Markdown / Clear,0.0,3782.1381152343747
SKU04063,50,168,54,0.625,3.932373046875,NatureBlend Men's Grooming 500ml,Personal Care,471.49,269.42,80.0,0.0,11.714968647172038,1.0,Markdown / Clear,0.0,12411.540053710938
SKU04065,354,177,77,0.25,2.189697265625,CityFresh Small Appliances 500g,Electronics & Accessories,3743.61,2335.8,1416.0,0.0,160.66618352101685,1.0,Markdown / Clear,0.0,821758.5051269532
SKU04069,137,124,58,0.625,8.995361328125,EverydayPlus Frozen Vegetables 1kg,Frozen Foods,485.51,305.93,219.2,0.0,14.230071922920342,1.0,Markdown / Clear,0.0,39160.45910888672
SKU04070,115,122,33,0.125,0.700439453125,UrbanBite Energy Drinks 250ml,Beverages,41.17,27.5,920.0,0.0,163.18264203555245,1.0,Markdown / Clear,0.0,3143.2379150390625
SKU04075,59,94,28,0.125,0.700439453125,SparkleClean Men's Wear Large,Apparel & Footwear,875.69,542.98,472.0,0.0,83.23283373997909,1.0,Markdown / Clear,0.0,31655.49538574219
SKU04076,27,23,7,0.375,5.397216796875,PureLife Namkeen Pack of 6,Snacks & Confectionery,165.54,100.96,72.0,0.0,4.002578368842448,1.0,Markdown / Clear,0.0,2181.0169921875
SKU04082,110,55,21,0.5,1.310791015625,FamilyChoice Notebooks 500ml,Stationery & Office,52.98,39.75,220.0,0.0,82.91879307133544,1.0,Markdown / Clear,0.0,4320.396057128906
SKU04084,465,290,94,0.125,1.310791015625,SoftTouch Milk 100g,Dairy & Bakery,89.59,49.83,3720.0,0.0,353.7476252560998,1.0,Markdown / Clear,0.0,23105.633283691404
SKU04090,476,232,50,0.125,1.799072265625,QuickBite Chocolates Pack of 12,Snacks & Confectionery,180.74,132.83,3808.0,0.0,263.58081150766725,1.0,Markdown / Clear,0.0,62988.10923095704
SKU04095,438,176,59,0.25,2.62158203125,FreshFarm Bath & Body 250ml,Personal Care,433.45,335.1,1752.0,0.0,166.07468802384057,1.0,Markdown / Clear,0.0,145895.30786132812
SKU04103,16,46,15,0.25,2.62158203125,FamilyChoice Notebooks Family Pack,Stationery & Office,104.71,67.54,64.0,0.0,5.103184950642578,1.0,Markdown / Clear,0.0,903.5783496093751
SKU04105,72,1213,466,3.0,10.850393924467062,BasicNeeds Men's Grooming 100g,Personal Care,464.78,266.54,24.0,0.0,5.635703781928491,1.0,Markdown / Clear,0.0,16298.81600337255
SKU04109,214,187,80,0.625,3.59814453125,EverydayPlus Vitamins & Supplements 500ml,Health & Wellness,345.6,232.38,342.4,0.0,58.475098385126884,1.0,Markdown / Clear,0.0,48893.183173828125
SKU04110,165,70,29,0.375,2.101318359375,ZestyCo Pulses & Lentils Pack of 6,Grocery,449.47,345.72,440.0,0.0,77.52213314743813,1.0,Markdown / Clear,0.0,56317.33221679688
SKU04122,353,170,68,0.125,0.700439453125,PureLife Frozen Vegetables 100g,Frozen Foods,499.33,363.26,2824.0,0.0,502.96932729173926,1.0,Markdown / Clear,0.0,127976.33836425781
SKU04123,82,69,27,0.5,7.1962890625,ValueChoice Office Supplies Family Pack,Stationery & Office,121.48,95.89,164.0,0.0,10.394761840141133,1.0,Markdown / Clear,0.0,7172.927841796875
SKU04126,63,1381,467,1.0,1.40087890625,CrispKing Kids Wear Medium,Apparel & Footwear,1646.95,1154.37,63.0,0.0,43.97176716626002,1.0,Markdown / Clear,0.0,71108.17741699218
SKU04128,154,78,28,0.25,3.59814453125,SparkleClean Men's Wear Pack of 6,Apparel & Footwear,1710.44,1140.85,616.0,0.0,41.79983715565206,1.0,Markdown / Clear,0.0,171585.9568115234
SKU04137,91,107,36,0.25,1.40087890625,PrimeCare Batteries Family Pack,Electronics & Accessories,2390.77,1762.16,364.0,0.0,63.95921924015336,1.0,Markdown / Clear,0.0,157887.98722656252
SKU04138,71,81,25,0.25,3.59814453125,DailyBest Men's Wear 250g,Apparel & Footwear,2075.16,1594.39,284.0,0.0,18.732392454878546,1.0,Markdown / Clear,0.0,107464.84434082032
SKU04139,172,111,38,0.5,2.8017578125,HealthFirst Women's Wear Large,Apparel & Footwear,1671.05,1035.32,344.0,0.0,60.39003136981527,1.0,Markdown / Clear,0.0,175174.3241015625
SKU04140,108,1246,431,0.125,1.799072265625,PremiumSelect Cheese Medium,Dairy & Bakery,331.4,188.13,864.0,0.0,59.030940426109375,1.0,Markdown / Clear,0.0,19979.58053466797
SKU04141,110,104,42,0.25,2.62158203125,ValueChoice Flour & Atta Small,Grocery,270.8,178.88,440.0,0.0,40.95939653566772,1.0,Markdown / Clear,0.0,19207.85140625
SKU04153,8232,1790,633,0.125,1.310791015625,DailyBest Tea Large,Beverages,136.77,75.38,65856.0,0.0,6279.177314211212,1.0,Markdown / Clear,0.0,620429.3525732422
SKU04154,327,1471,520,3.875,21.221845286441702,TrueTaste Spices & Seasoning Medium,Grocery,351.77,224.67,84.38709677419355,0.0,14.408650642124654,1.0,Markdown / Clear,0.0,68699.17801949514
SKU04155,74,64,19,0.875,2.62158203125,NovaFresh Batteries 2kg,Electronics & Accessories,2612.22,1814.8,84.57142857142857,0.0,27.22723039672192,1.0,Markdown / Clear,0.0,129537.5529296875
SKU04157,58,1937,638,1.125,6.997405021086511,PremiumSelect Small Appliances 1L,Electronics & Accessories,2678.35,2028.35,51.55555555555556,0.0,7.288787032509681,1.0,Markdown / Clear,0.0,103451.11352547917
SKU04159,248,183,51,0.125,1.799072265625,SmartBuy Kids Wear 100g,Apparel & Footwear,2188.36,1459.6,1984.0,0.0,136.84882616365857,1.0,Markdown / Clear,0.0,359354.8741210937
SKU04161,66,69,27,0.625,3.59814453125,UrbanBite Ready Meals 500ml,Frozen Foods,189.64,109.08,105.6,0.0,17.34278735242231,1.0,Markdown / Clear,0.0,6806.79439453125
SKU04162,31,55,21,0.875,4.903076171875,TrueTaste Home Decor Medium,Home & Kitchen,364.89,247.98,35.42857142857143,0.0,5.3225613703132,1.0,Markdown / Clear,0.0,6471.515170898438
SKU04163,106,126,48,0.25,3.50048828125,SoftTouch Oral Care 250g,Personal Care,413.53,322.2,424.0,0.0,29.281489747524063,1.0,Markdown / Clear,0.0,33025.34267578125
SKU04165,287,167,54,0.125,2.189697265625,PremiumSelect Men's Wear 500ml,Apparel & Footwear,2295.86,1639.02,2296.0,0.0,130.0683465269261,1.0,Markdown / Clear,0.0,466809.78238769533
SKU04170,183,161,48,0.125,1.799072265625,UrbanBite Rice & Grains 250ml,Grocery,393.34,248.73,1464.0,0.0,100.71909349979644,1.0,Markdown / Clear,0.0,45070.10675537109
SKU04181,55,97,48,0.625,1.799072265625,PurePlus Chips & Crisps Medium,Snacks & Confectionery,63.14,48.58,88.0,0.0,29.57131225403718,1.0,Markdown / Clear,0.0,2584.5010693359372
SKU04186,340,125,37,0.375,5.397216796875,HomeStyle Dishwashing Family Pack,Home Care,176.5,110.52,906.6666666666666,0.0,61.99543131134935,1.0,Markdown / Clear,0.0,36980.299599609374
SKU04188,143,139,49,0.25,3.59814453125,ValueChoice Yogurt Large,Dairy & Bakery,180.9,119.31,572.0,0.0,38.742705930248334,1.0,Markdown / Clear,0.0,16632.035375976564
SKU04196,223,86,35,0.375,2.711669921875,TrueTaste Frozen Vegetables Large,Frozen Foods,452.19,286.01,594.6666666666666,0.0,81.23714774466552,1.0,Markdown / Clear,0.0,63004.66528564453
SKU04197,620,298,111,0.625,3.900390625,HomeStyle Sugar & Salt 2L,Grocery,358.95,281.31,992.0,0.0,157.95843765648473,1.0,Markdown / Clear,0.0,173314.98111328125
SKU04199,229,102,27,0.25,0.700439453125,PremiumSelect Men's Wear 250g,Apparel & Footwear,1729.75,1011.19,916.0,0.0,325.9376089229697,1.0,Markdown / Clear,0.0,230854.23262939454
SKU04201,325,184,56,0.125,2.189697265625,UrbanBite OTC Medicine 2L,Health & Wellness,704.93,547.31,2600.0,0.0,147.42234362805218,1.0,Markdown / Clear,0.0,176677.30678955076
SKU04205,127,90,33,0.125,1.310791015625,FamilyChoice Surface Cleaners 1kg,Home Care,318.36,179.43,1016.0,0.0,95.88806109145092,1.0,Markdown / Clear,0.0,22552.414768066406
SKU04209,177,82,36,0.125,0.700439453125,EliteHome Small Appliances 250g,Electronics & Accessories,1922.46,1070.63,1416.0,0.0,251.69850121993727,1.0,Markdown / Clear,0.0,188751.5985083008
SKU04211,120,150,49,0.125,0.700439453125,EverydayPlus Spices & Seasoning 2L,Grocery,311.36,196.96,960.0,0.0,170.32101777622864,1.0,Markdown / Clear,0.0,23497.241445312502
SKU04218,93,71,20,0.5,0.700439453125,CleanWave Coffee 2kg,Beverages,96.37,67.24,186.0,0.0,131.7737887765772,1.0,Markdown / Clear,0.0,6206.222451171874
SKU04220,257,136,48,0.25,2.62158203125,DailyBest Ready Meals 500g,Frozen Foods,689.69,516.35,1028.0,0.0,97.0324082696964,1.0,Markdown / Clear,0.0,131348.29611816406
SKU04234,129,148,49,0.25,1.310791015625,FreshFarm Frozen Vegetables 500g,Frozen Foods,823.14,564.04,516.0,0.0,97.41385732911156,1.0,Markdown / Clear,0.0,72021.82143554687
SKU04235,481,307,109,1.625,5.2431640625,PureLife Oral Care 500ml,Personal Care,205.43,120.77,296.0,0.0,90.73849878934625,1.0,Markdown / Clear,0.0,57457.153076171875
SKU04240,66,42,10,0.25,1.40087890625,HealthFirst First Aid 2L,Health & Wellness,701.01,513.08,264.0,0.0,46.11327988846288,1.0,Markdown / Clear,0.0,33144.51705078125
SKU04243,28,31,12,0.125,1.799072265625,NutriPlus Cooking Oil Medium,Grocery,86.81,60.0,224.0,0.0,14.563577147509838,1.0,Markdown / Clear,0.0,1572.0556640625
SKU04245,99,1247,453,1.75,5.934301293341013,PrimeCare Frozen Vegetables 1kg,Frozen Foods,217.78,127.83,56.57142857142857,0.0,15.682671658597734,1.0,Markdown / Clear,0.0,11896.588265672219
SKU04252,121,59,25,0.5,5.397216796875,SoftTouch Energy Drinks 100g,Beverages,116.03,90.85,242.0,0.0,21.41896231962727,1.0,Markdown / Clear,0.0,10502.512854003906
SKU04255,320,285,103,0.5,3.59814453125,FamilyChoice Eggs 1kg,Dairy & Bakery,285.12,190.81,640.0,0.0,87.93472655719907,1.0,Markdown / Clear,0.0,60372.63804199219
SKU04264,341,204,71,1.0,3.59814453125,ValueChoice Mobile Accessories Small,Electronics & Accessories,2568.45,1852.52,341.0,0.0,93.77106798751527,1.0,Markdown / Clear,0.0,625043.6852929688
SKU04274,277,169,62,0.125,1.310791015625,HealthFirst Dishwashing 500ml,Home Care,153.61,106.41,2216.0,0.0,210.32277891599927,1.0,Markdown / Clear,0.0,29336.088728027342
SKU04275,28,46,18,0.5,2.101318359375,NatureBlend Cheese 250g,Dairy & Bakery,240.04,137.54,56.0,0.0,12.324968049262228,1.0,Markdown / Clear,0.0,3562.104672851562
SKU04280,335,1274,411,0.375,2.62158203125,BasicNeeds Writing Instruments 100g,Stationery & Office,318.92,184.83,893.3333333333334,0.0,126.78543490407897,1.0,Markdown / Clear,0.0,61433.50299316407
SKU04285,477,186,63,0.25,1.40087890625,FamilyChoice First Aid Pack of 6,Health & Wellness,1088.25,613.63,1908.0,0.0,339.50052283025445,1.0,Markdown / Clear,0.0,291841.8886767578
SKU04286,214,138,48,0.375,3.199951171875,SparkleClean Writing Instruments 250g,Stationery & Office,222.23,176.02,570.6666666666666,0.0,65.87602044708935,1.0,Markdown / Clear,0.0,37105.024594726565
SKU04289,173,145,39,0.375,3.932373046875,HomeStyle Hair Care 250g,Personal Care,533.97,382.47,461.3333333333333,0.0,42.99379151921525,1.0,Markdown / Clear,0.0,64663.295280761726
SKU04290,85,58,29,0.125,1.310791015625,HomeStyle Milk 100g,Dairy & Bakery,199.57,130.1,680.0,0.0,63.84634010057739,1.0,Markdown / Clear,0.0,10887.966088867188
SKU04291,324,211,66,0.25,2.62158203125,GoldenHarvest Butter & Ghee 100g,Dairy & Bakery,285.96,210.65,1296.0,0.0,122.5894952505122,1.0,Markdown / Clear,0.0,67698.3637451172
SKU04294,177,145,34,0.25,2.62158203125,HomeStyle Surface Cleaners Family Pack,Home Care,499.57,342.82,708.0,0.0,66.51648351648352,1.0,Markdown / Clear,0.0,59780.409248046875
SKU04299,380,198,78,0.375,1.799072265625,MetroBrand Ready Meals 2kg,Frozen Foods,677.46,475.98,1013.3333333333334,0.0,210.2199755733478,1.0,Markdown / Clear,0.0,180016.0775830078
SKU04300,233,196,54,0.125,1.310791015625,QuickBite Cookware Pack of 6,Home & Kitchen,1829.79,1121.61,1864.0,0.0,176.75526168746507,1.0,Markdown / Clear,0.0,259864.9336889648
SKU04301,89,62,21,0.125,0.700439453125,SparkleClean Home Decor Large,Home & Kitchen,522.92,400.7,712.0,0.0,126.06308818403625,1.0,Markdown / Clear,0.0,35381.63391113281
SKU04309,11,154,49,0.25,0.700439453125,HealthFirst Coffee Small,Beverages,126.84,71.21,44.0,0.0,14.704426629487626,1.0,Markdown / Clear,0.0,733.4317065429686
SKU04310,309,209,48,0.125,0.700439453125,CityFresh First Aid Family Pack,Health & Wellness,403.96,247.17,2472.0,0.0,440.15162077378875,1.0,Markdown / Clear,0.0,76202.40238037109
SKU04311,264,121,43,0.25,3.59814453125,NatureBlend Soft Drinks Pack of 12,Beverages,105.14,68.96,1056.0,0.0,72.37114940968924,1.0,Markdown / Clear,0.0,17957.311953124998
SKU04315,87,1508,520,0.5,5.609375,HealthFirst Laundry Small,Home Care,497.47,322.69,174.0,0.0,14.50974930362117,1.0,Markdown / Clear,0.0,26263.94078125
SKU04318,38,993,364,1.5,6.117853580138461,SoftTouch Notebooks 500g,Stationery & Office,205.5,147.89,25.333333333333332,0.0,5.211328777688722,1.0,Markdown / Clear,0.0,4715.050634033322
SKU04323,37,47,14,0.125,0.700439453125,NatureBlend Air Fresheners Pack of 6,Home Care,253.43,167.87,296.0,0.0,51.82398048100384,1.0,Markdown / Clear,0.0,6093.6072290039065
SKU04331,433,273,111,0.125,1.799072265625,NatureBlend Surface Cleaners 2kg,Home Care,294.81,213.78,3464.0,0.0,239.67960374542,1.0,Markdown / Clear,0.0,92182.1343310547
SKU04332,46,42,18,0.375,6.569091796875,EliteHome Cheese 1L,Dairy & Bakery,141.92,107.12,122.66666666666667,0.0,6.002490058349128,1.0,Markdown / Clear,0.0,4223.8388867187505
SKU04339,12,41,11,0.25,0.700439453125,NovaFresh First Aid Small,Health & Wellness,1534.07,980.3,48.0,0.0,16.132101777622864,1.0,Markdown / Clear,0.0,11076.959204101562
SKU04345,384,234,91,0.625,7.1962890625,NovaFresh Bread Family Pack,Dairy & Bakery,144.23,93.34,614.4,0.0,52.36083593431945,1.0,Markdown / Clear,0.0,35170.858378906254
SKU04356,352,131,45,0.375,3.322021484375,PremiumSelect Hair Care 2kg,Personal Care,785.48,462.08,938.6666666666666,0.0,104.95957962813257,1.0,Markdown / Clear,0.0,161117.1203125
SKU04358,86,200,88,0.375,5.690185546875,NutriPlus First Aid 100g,Health & Wellness,430.16,261.74,229.33333333333334,0.0,14.113742652422019,1.0,Markdown / Clear,0.0,21020.29083496094
SKU04366,250,107,29,0.75,7.18115234375,SmartBuy Footwear 1L,Apparel & Footwear,1951.78,1107.13,333.3333333333333,0.0,33.813354185081934,1.0,Markdown / Clear,0.0,268832.0308056641
SKU04373,480,262,96,0.875,1.310791015625,SunriseFoods Ready Meals 1L,Frozen Foods,1033.69,790.7,548.5714285714286,0.0,365.1910970385547,1.0,Markdown / Clear,0.0,378499.5575439453
SKU04380,72,54,17,0.625,0.700439453125,ValueChoice Frozen Meat 500ml,Frozen Foods,286.93,205.97,115.2,0.0,101.79261066573719,1.0,Markdown / Clear,0.0,14685.570485839844
SKU04386,14,27,12,0.125,2.189697265625,NutriPlus Ice Cream Pack of 6,Frozen Foods,837.35,575.17,112.0,0.0,5.3935778793622475,1.0,Markdown / Clear,0.0,6792.931823730468
SKU04387,449,182,43,0.375,2.101318359375,CleanWave Spices & Seasoning 250ml,Grocery,177.78,122.27,1197.3333333333333,0.0,212.67538050424074,1.0,Markdown / Clear,0.0,54642.30180419922
SKU04392,7431,1674,613,0.125,0.700439453125,PremiumSelect First Aid 250ml,Health & Wellness,1055.39,771.85,59448.0,0.0,10608.054025792959,1.0,Markdown / Clear,0.0,5735076.715808106
SKU04396,495,301,107,0.375,3.199951171875,NovaFresh Men's Wear Pack of 12,Apparel & Footwear,3425.67,2427.37,1320.0,0.0,153.68986037994964,1.0,Markdown / Clear,0.0,1193780.6845239257
SKU04397,58,66,20,0.125,1.310791015625,FamilyChoice Vitamins & Supplements 250ml,Health & Wellness,725.16,512.18,464.0,0.0,43.248090892158686,1.0,Markdown / Clear,0.0,29035.079057617186
SKU04402,40,83,27,0.625,2.8017578125,TrueTaste Rice & Grains 250g,Grocery,187.4,125.39,64.0,0.0,13.276751481352388,1.0,Markdown / Clear,0.0,4664.287587890625
SKU04405,54,148,53,0.125,1.310791015625,CleanWave Batteries 1kg,Electronics & Accessories,1244.17,717.84,432.0,0.0,40.1964984168374,1.0,Markdown / Clear,0.0,37822.42177734375
SKU04410,154,146,53,0.375,4.37939453125,TrueTaste First Aid Medium,Health & Wellness,1439.57,857.8,410.6666666666667,0.0,34.164678336492365,1.0,Markdown / Clear,0.0,128344.55537109374
SKU04413,270,144,68,0.25,3.59814453125,PurePlus Flour & Atta Small,Grocery,460.58,359.95,1080.0,0.0,74.03867553263672,1.0,Markdown / Clear,0.0,95891.34787597656
SKU04416,307,282,75,0.125,2.189697265625,UrbanBite Men's Grooming Pack of 6,Personal Care,600.57,359.74,2456.0,0.0,139.2020292117293,1.0,Markdown / Clear,0.0,109652.45830566407
SKU04417,514,308,129,0.625,6.569091796875,HealthFirst Mobile Accessories Pack of 12,Electronics & Accessories,1557.6,1233.35,822.4,0.0,77.24521499981418,1.0,Markdown / Clear,0.0,625839.9106323242
SKU04418,304,174,54,0.375,3.590576171875,GreenValley Batteries 1kg,Electronics & Accessories,3188.54,2485.69,810.6666666666666,0.0,83.66607737811927,1.0,Markdown / Clear,0.0,746724.7007153321
SKU04422,220,207,55,0.75,2.8017578125,SmartBuy Energy Drinks Pack of 6,Beverages,68.36,50.65,293.3333333333333,0.0,77.52213314743813,1.0,Markdown / Clear,0.0,11001.090966796875
SKU04424,81,239,97,0.25,1.310791015625,HealthFirst Cookware 1kg,Home & Kitchen,1200.53,697.1,324.0,0.0,60.7947476252561,1.0,Markdown / Clear,0.0,55551.34758300782
SKU04435,371,193,74,0.375,1.310791015625,GreenValley OTC Medicine 2kg,Health & Wellness,356.87,232.94,989.3333333333334,0.0,282.03520208604954,1.0,Markdown / Clear,0.0,86115.40434082031
SKU04446,323,244,78,0.125,1.799072265625,DailyBest Cooking Oil 2kg,Grocery,142.26,88.25,2584.0,0.0,178.53697923734563,1.0,Markdown / Clear,0.0,28345.981872558594
SKU04447,351,145,56,0.75,6.39990234375,NutriPlus Home Decor Family Pack,Home & Kitchen,1190.64,695.87,468.0,0.0,53.844586861982144,1.0,Markdown / Clear,0.0,239796.8699560547
SKU04448,379,399,139,0.25,2.49951171875,SmartBuy Sugar & Salt 100g,Grocery,95.31,55.89,1516.0,0.0,150.62961515921077,1.0,Markdown / Clear,0.0,21042.612290039062
SKU04452,328,351,136,0.375,3.932373046875,EverydayPlus Writing Instruments 100g,Stationery & Office,240.8,184.19,874.6666666666666,0.0,82.41019432544856,1.0,Markdown / Clear,0.0,59690.01620849609
SKU04456,494,346,102,0.375,5.397216796875,FamilyChoice Laundry Pack of 12,Home Care,179.5,102.55,1317.3333333333333,0.0,90.52865608178405,1.0,Markdown / Clear,0.0,50106.21541748047
SKU04459,147,87,41,1.125,3.932373046875,CleanWave Storage & Containers 1kg,Home & Kitchen,1349.01,776.22,130.66666666666666,0.0,36.382007822685786,1.0,Markdown / Clear,0.0,111051.9533935547
SKU04461,4325,998,319,0.375,0.700439453125,BasicNeeds Energy Drinks 500g,Beverages,146.84,107.05,11533.333333333334,0.0,6173.695015684908,1.0,Markdown / Clear,0.0,462916.26795654296
SKU04467,325,171,52,0.5,3.932373046875,HealthFirst Butter & Ghee 100g,Dairy & Bakery,263.78,190.79,650.0,0.0,81.64729620661824,1.0,Markdown / Clear,0.0,61256.49254638672
SKU04484,261,93,36,0.125,1.799072265625,FamilyChoice Biscuits & Cookies 100g,Snacks & Confectionery,219.98,164.57,2088.0,0.0,144.07477269643098,1.0,Markdown / Clear,0.0,42656.696677246095
SKU04501,198,142,39,0.125,1.799072265625,ValueChoice Hair Care 1L,Personal Care,365.13,212.34,1584.0,0.0,109.05672411453386,1.0,Markdown / Clear,0.0,41661.304995117185
SKU04507,78,52,19,0.375,1.799072265625,UrbanBite Energy Drinks Medium,Beverages,129.78,94.04,208.0,0.0,42.35567919663455,1.0,Markdown / Clear,0.0,7165.935244140625
SKU04509,258,258,81,0.125,0.700439453125,QuickBite Air Fresheners Pack of 12,Home Care,307.91,179.76,2064.0,0.0,367.3401882188916,1.0,Markdown / Clear,0.0,46252.169003906245
SKU04512,153,102,41,0.125,0.700439453125,CrispKing Ice Cream Small,Frozen Foods,391.11,278.89,1224.0,0.0,217.43429766469154,1.0,Markdown / Clear,0.0,42474.82444091797
SKU04515,208,188,76,0.375,5.397216796875,PrimeCare Milk Pack of 12,Dairy & Bakery,244.19,152.52,554.6666666666666,0.0,37.5383815081196,1.0,Markdown / Clear,0.0,30900.97649414063
SKU04517,33,54,14,0.5,1.310791015625,FreshFarm Bread Family Pack,Dairy & Bakery,183.95,139.12,66.0,0.0,24.175637921400632,1.0,Markdown / Clear,0.0,4408.60275390625
SKU04532,7767,1762,585,0.25,1.40087890625,ValueChoice Candy 2L,Snacks & Confectionery,89.87,66.09,31068.0,0.0,5543.376437783199,1.0,Markdown / Clear,0.0,513228.44591308595
SKU04538,233,144,41,1.0,5.699462890625,PurePlus Butter & Ghee Pack of 6,Dairy & Bakery,215.34,151.52,233.0,0.0,39.88104519168987,1.0,Markdown / Clear,0.0,34440.5773828125
SKU04539,229,150,54,0.375,2.101318359375,CleanWave Pulses & Lentils 1L,Grocery,221.53,142.19,610.6666666666666,0.0,107.97920297432323,1.0,Markdown / Clear,0.0,32262.723542480468
SKU04542,361,198,75,0.125,0.700439453125,ValueChoice Pulses & Lentils 2L,Grocery,123.29,69.48,2888.0,0.0,514.3907284768212,1.0,Markdown / Clear,0.0,25033.613466796876
SKU04544,297,204,80,0.125,2.189697265625,CleanWave Cookware Medium,Home & Kitchen,361.72,266.25,2376.0,0.0,134.6351878693277,1.0,Markdown / Clear,0.0,78493.24310302734
SKU04551,93,1602,574,2.5,7.391541531410903,DailyBest Cookware Small,Home & Kitchen,2498.23,1452.98,37.2,0.0,11.581949192166427,1.0,Markdown / Clear,0.0,124387.37798569057
SKU04554,8198,1774,652,0.375,5.397216796875,UrbanBite Home Decor Pack of 12,Home & Kitchen,2001.13,1393.38,21861.333333333332,0.0,1517.9310173248293,1.0,Markdown / Clear,0.0,11415408.866059572
SKU04564,437,302,139,0.375,5.397216796875,SparkleClean Surface Cleaners Pack of 6,Home Care,88.51,50.36,1165.3333333333333,0.0,79.96765730311667,1.0,Markdown / Clear,0.0,21735.516162109376
SKU04568,174,168,44,0.75,4.37939453125,FreshFarm Notebooks 1L,Stationery & Office,278.9,218.06,232.0,0.0,38.73151967889397,1.0,Markdown / Clear,0.0,36987.46922851563
SKU04570,342,245,75,0.375,2.711669921875,QuickBite Juices 1L,Beverages,122.7,74.63,912.0,0.0,125.12154497163951,1.0,Markdown / Clear,0.0,25321.08807373047
SKU04571,224,1538,497,5.5,22.419430544400583,EliteHome Ready Meals 250g,Frozen Foods,868.52,532.19,40.72727272727273,0.0,8.991333167734968,1.0,Markdown / Clear,0.0,107279.16325857546
SKU04572,257,228,64,1.5,11.391357421875,SunriseFoods Kids Wear 500g,Apparel & Footwear,1130.67,789.28,171.33333333333334,0.0,21.560963586874987,1.0,Markdown / Clear,0.0,193853.9894140625
SKU04592,378,198,53,0.375,1.310791015625,FreshFarm Surface Cleaners 100g,Home Care,100.25,75.16,1008.0,0.0,287.3754889178618,1.0,Markdown / Clear,0.0,28311.960947265623
SKU04609,219,205,66,0.25,2.49951171875,PrimeCare Pest Control 2kg,Home Care,575.8,406.08,876.0,0.0,86.6171127173276,1.0,Markdown / Clear,0.0,87916.51828125
SKU04613,359,188,79,0.125,0.700439453125,NutriPlus Energy Drinks Pack of 12,Beverages,182.83,136.84,2872.0,0.0,511.53537818055077,1.0,Markdown / Clear,0.0,49029.71186523438
SKU04616,193,162,47,0.375,3.932373046875,NatureBlend Tea Pack of 6,Beverages,223.77,130.14,514.6666666666666,0.0,48.079778978084065,1.0,Markdown / Clear,0.0,24605.260971679683
SKU04618,62,50,18,0.125,0.700439453125,PurePlus Cooking Oil 250ml,Grocery,433.58,290.7,496.0,0.0,87.51585918438481,1.0,Markdown / Clear,0.0,17819.78225097656
SKU04626,223,1189,435,0.875,8.35302734375,GreenValley Spices & Seasoning Small,Grocery,468.52,268.4,254.85714285714286,0.0,25.69690769860291,1.0,Markdown / Clear,0.0,57611.2474609375
SKU04629,162,98,45,0.625,0.700439453125,SunriseFoods Tea 100g,Beverages,166.85,123.05,259.2,0.0,230.28337399790868,1.0,Markdown / Clear,0.0,19847.910925292967
SKU04634,35,42,12,0.375,1.799072265625,NovaFresh Women's Wear 1L,Apparel & Footwear,973.21,566.16,93.33333333333333,0.0,18.454471434387298,1.0,Markdown / Clear,0.0,18797.03724609375
SKU04635,88,67,28,0.125,2.189697265625,GreenValley Storage & Containers 100g,Home & Kitchen,687.51,433.15,704.0,0.0,39.18820381313413,1.0,Markdown / Clear,0.0,37168.73262939453
SKU04648,103,133,46,0.125,0.700439453125,CityFresh Energy Drinks Pack of 12,Beverages,73.65,53.98,824.0,0.0,146.05054025792958,1.0,Markdown / Clear,0.0,5522.130278320312
SKU04654,6242,1600,571,0.125,1.799072265625,GoldenHarvest Women's Wear 1kg,Apparel & Footwear,2988.03,1667.19,49936.0,0.0,3468.566019812729,1.0,Markdown / Clear,0.0,10403600.584709473
SKU04659,167,82,27,0.125,1.799072265625,CrispKing Skin Care Pack of 6,Personal Care,578.23,393.72,1336.0,0.0,91.82562084407654,1.0,Markdown / Clear,0.0,65042.90926757813
SKU04662,26,33,15,0.125,1.799072265625,NovaFresh Chocolates Pack of 12,Snacks & Confectionery,186.44,103.81,208.0,0.0,13.45189306554485,1.0,Markdown / Clear,0.0,2512.298308105469
SKU04667,30,34,16,0.25,1.40087890625,SmartBuy Cookware 1L,Home & Kitchen,883.22,620.8,120.0,0.0,20.41512722202858,1.0,Markdown / Clear,0.0,17754.334375
SKU04669,27,35,17,0.375,4.908935546875,MetroBrand Frozen Meat Medium,Frozen Foods,508.26,405.96,72.0,0.0,4.500174068732282,1.0,Markdown / Clear,0.0,8968.088525390625
SKU04676,133,116,52,0.125,1.799072265625,DailyBest Dishwashing Large,Home Care,398.8,276.7,1064.0,0.0,72.92699145067174,1.0,Markdown / Clear,0.0,36303.29670410156
SKU04677,293,98,30,0.875,1.40087890625,UrbanBite Candy 1kg,Snacks & Confectionery,167.85,109.12,334.85714285714283,0.0,208.15440920181248,1.0,Markdown / Clear,0.0,31819.296093750003
SKU04685,145,142,43,0.25,2.62158203125,GreenValley Notebooks 2kg,Stationery & Office,173.01,137.33,580.0,0.0,54.31011361519836,1.0,Markdown / Clear,0.0,19552.828139648438
SKU04688,408,237,95,0.25,3.59814453125,EverydayPlus Sugar & Salt 250g,Grocery,277.95,181.26,1632.0,0.0,112.39177636042882,1.0,Markdown / Clear,0.0,73301.88032226563
SKU04698,608,360,133,0.125,0.700439453125,SunriseFoods Energy Drinks 100g,Beverages,85.45,58.26,4864.0,0.0,867.0264900662252,1.0,Markdown / Clear,0.0,35381.27239746094
SKU04700,47,86,21,0.25,4.37939453125,TrueTaste Storage & Containers 250g,Home & Kitchen,1503.53,915.1,188.0,0.0,9.732077154643774,1.0,Markdown / Clear,0.0,39002.11606445313
SKU04705,70,53,23,0.125,1.310791015625,ValueChoice Flour & Atta Pack of 12,Grocery,147.03,94.69,560.0,0.0,52.40286831812256,1.0,Markdown / Clear,0.0,6504.181198730468
SKU04710,495,1369,502,0.625,4.37939453125,SmartBuy Women's Wear 1L,Apparel & Footwear,1632.84,1089.13,792.0,0.0,112.02932322443974,1.0,Markdown / Clear,0.0,534349.6200341798
SKU04713,149,100,36,0.25,1.40087890625,EliteHome Home Decor Small,Home & Kitchen,1913.4,1091.19,596.0,0.0,105.36179853607528,1.0,Markdown / Clear,0.0,161058.68494628908
SKU04717,5576,1267,421,0.375,5.397216796875,QuickBite Dishwashing 250g,Home Care,523.77,292.11,14869.333333333334,0.0,1032.1250735061292,1.0,Markdown / Clear,0.0,1627228.7790014648
SKU04719,239,101,27,0.875,2.8017578125,FamilyChoice Writing Instruments 1kg,Stationery & Office,240.75,158.9,273.14285714285717,0.0,84.30359010108052,1.0,Markdown / Clear,0.0,37531.900683593754
SKU04720,235,88,26,1.25,11.616943359375,NovaFresh Batteries Large,Electronics & Accessories,2230.86,1260.87,188.0,0.0,19.229073408570287,1.0,Markdown / Clear,0.0,281656.99462646485
SKU04721,286,151,49,0.125,1.799072265625,PrimeCare Namkeen 250g,Snacks & Confectionery,41.69,28.95,2288.0,0.0,157.97082372099334,1.0,Markdown / Clear,0.0,8227.616857910156
SKU04724,190,120,44,0.25,1.40087890625,DailyBest First Aid 2kg,Health & Wellness,1215.98,756.07,760.0,0.0,134.6291390728477,1.0,Markdown / Clear,0.0,142594.13748535156
SKU04728,480,249,101,0.125,0.700439453125,CrispKing Air Fresheners Small,Home Care,217.88,125.66,3840.0,0.0,684.2840711049146,1.0,Markdown / Clear,0.0,60228.78277832031
SKU04731,716,339,122,0.25,2.62158203125,SoftTouch Hair Care Pack of 6,Personal Care,98.95,66.97,2864.0,0.0,272.11752654125536,1.0,Markdown / Clear,0.0,47774.95265136719
SKU04740,13,30,11,0.125,1.799072265625,PurePlus Surface Cleaners 2kg,Home Care,145.53,94.42,104.0,0.0,6.225946532772425,1.0,Markdown / Clear,0.0,1057.5915966796874
SKU04743,518,281,117,0.125,1.310791015625,TrueTaste Rice & Grains Small,Grocery,385.89,291.98,4144.0,0.0,394.1812255541069,1.0,Markdown / Clear,0.0,150862.91523925783
SKU04745,192,147,72,0.125,0.700439453125,SoftTouch Surface Cleaners Pack of 6,Home Care,335.38,263.03,1536.0,0.0,273.11362844196583,1.0,Markdown / Clear,0.0,50317.52341064453
SKU04748,53,23,7,0.25,3.59814453125,SunriseFoods Ice Cream Pack of 6,Frozen Foods,553.81,388.19,212.0,0.0,13.729814086036097,1.0,Markdown / Clear,0.0,19177.306274414062
SKU04749,232,129,40,0.25,2.62158203125,CleanWave Kids Wear 500g,Apparel & Footwear,1569.69,947.49,928.0,0.0,87.49618178431737,1.0,Markdown / Clear,0.0,217333.75724121093
SKU04750,128,180,78,0.125,1.799072265625,SunriseFoods OTC Medicine 2L,Health & Wellness,914.6,608.65,1024.0,0.0,70.14778124575926,1.0,Markdown / Clear,0.0,76812.19466552734
SKU04755,217,155,51,0.25,2.62158203125,FreshFarm Namkeen 250ml,Snacks & Confectionery,176.07,107.62,868.0,0.0,81.77444589308996,1.0,Markdown / Clear,0.0,23071.405341796875
SKU04762,136,65,22,0.75,10.948486328125,ValueChoice Frozen Vegetables 1L,Frozen Foods,437.45,261.84,181.33333333333334,0.0,11.421808451332367,1.0,Markdown / Clear,0.0,32743.48833984375
SKU04764,198,156,71,0.375,6.569091796875,SparkleClean OTC Medicine Small,Health & Wellness,1249.29,827.43,528.0,0.0,29.141152859850596,1.0,Markdown / Clear,0.0,158395.6763745117
SKU04778,101,143,51,0.75,7.1962890625,SmartBuy Vitamins & Supplements Family Pack,Health & Wellness,485.82,373.42,134.66666666666666,0.0,13.03501153480798,1.0,Markdown / Clear,0.0,35028.18173828125
SKU04781,561,217,67,0.125,0.700439453125,CleanWave Cooking Oil 2L,Grocery,79.52,54.43,4488.0,0.0,799.9257581038689,1.0,Markdown / Clear,0.0,30497.105080566405
SKU04787,566,278,104,0.25,1.310791015625,NatureBlend Writing Instruments Small,Stationery & Office,161.55,118.3,2264.0,0.0,430.8003352579624,1.0,Markdown / Clear,0.0,66802.73342285155
SKU04791,6763,1525,558,0.375,2.101318359375,CleanWave Batteries Large,Electronics & Accessories,2688.04,1755.1,18034.666666666668,0.0,3217.455675612873,1.0,Markdown / Clear,0.0,11866053.27614746
SKU04792,522,314,117,0.625,6.569091796875,HomeStyle Air Fresheners Pack of 12,Home Care,429.4,307.13,835.2,0.0,78.46303935778793,1.0,Markdown / Clear,0.0,158304.29483642578
SKU04794,481,196,92,0.25,2.49951171875,BasicNeeds Cookware 250g,Home & Kitchen,2218.35,1637.77,1924.0,0.0,191.4375854659113,1.0,Markdown / Clear,0.0,783673.7446923828
SKU04796,404,409,142,0.75,7.896728515625,CleanWave Mobile Accessories Family Pack,Electronics & Accessories,1974.55,1230.4,538.6666666666666,0.0,50.16042665017777,1.0,Markdown / Clear,0.0,487365.46523437503
SKU04798,6147,1484,485,0.75,10.79443359375,EverydayPlus Ready Meals 250ml,Frozen Foods,640.44,394.55,8196.0,0.0,568.4601709865653,1.0,Markdown / Clear,0.0,2421039.906225586
SKU04800,20,66,32,0.375,1.40087890625,SoftTouch Oral Care Pack of 6,Personal Care,816.44,643.52,53.333333333333336,0.0,13.276751481352388,1.0,Markdown / Clear,0.0,11968.90640625
SKU04806,106,36,12,0.625,5.397216796875,FreshFarm Biscuits & Cookies Medium,Snacks & Confectionery,92.11,55.12,169.6,0.0,18.639752114714796,1.0,Markdown / Clear,0.0,5545.225410156249
SKU04808,377,213,81,0.375,3.932373046875,PrimeCare Men's Grooming 250g,Personal Care,492.31,327.6,1005.3333333333334,0.0,94.87086359967716,1.0,Markdown / Clear,0.0,122216.95458984376
SKU04815,203,125,48,0.25,4.37939453125,NovaFresh Writing Instruments 250ml,Stationery & Office,287.64,185.65,812.0,0.0,45.353439625376296,1.0,Markdown / Clear,0.0,36873.91540527344
SKU04816,58,30,14,0.875,3.900390625,ValueChoice Juices Family Pack,Beverages,90.49,72.34,66.28571428571429,0.0,13.87030545818728,1.0,Markdown / Clear,0.0,3913.5657421875003
SKU04819,59,28,9,0.25,1.40087890625,SoftTouch Pulses & Lentils Family Pack,Grocery,222.61,159.94,236.0,0.0,41.11641686998954,1.0,Markdown / Clear,0.0,9212.403427734374
SKU04822,81,128,32,0.125,1.799072265625,HealthFirst Hair Care Family Pack,Personal Care,457.47,310.36,648.0,0.0,44.02320531958203,1.0,Markdown / Clear,0.0,24580.799931640628
SKU04828,207,183,66,0.375,5.787841796875,UrbanBite Energy Drinks 250ml,Beverages,145.98,87.05,552.0,0.0,34.7646264816299,1.0,Markdown / Clear,0.0,17515.51837158203
SKU04836,329,266,102,0.125,1.310791015625,TrueTaste Spices & Seasoning 250ml,Grocery,370.47,255.54,2632.0,0.0,249.993481095176,1.0,Markdown / Clear,0.0,83737.70046386718
SKU04839,35,43,21,0.625,2.101318359375,NovaFresh Writing Instruments 250ml,Stationery & Office,51.2,39.03,56.0,0.0,15.656210061577784,1.0,Markdown / Clear,0.0,1284.0355444335937
SKU04846,66,39,13,0.375,5.397216796875,MetroBrand Chocolates 500g,Snacks & Confectionery,118.61,78.81,176.0,0.0,11.228524901614874,1.0,Markdown / Clear,0.0,4776.105344238282
SKU04847,199,1332,493,0.5,4.420654296875,ValueChoice Small Appliances 500g,Electronics & Accessories,630.96,434.38,398.0,0.0,44.01596067819076,1.0,Markdown / Clear,0.0,84521.37618652344
SKU04857,200,72,19,0.125,1.799072265625,SoftTouch Air Fresheners 1L,Home Care,451.19,326.19,1600.0,0.0,110.16840819649885,1.0,Markdown / Clear,0.0,64651.16061767578
SKU04858,217,86,28,0.125,1.799072265625,EverydayPlus Men's Wear 100g,Apparel & Footwear,1174.96,650.5,1736.0,0.0,119.61772289320125,1.0,Markdown / Clear,0.0,139988.20349121094
SKU04876,150,184,54,0.125,1.799072265625,PurePlus Juices 100g,Beverages,66.28,51.68,1200.0,0.0,82.37630614737414,1.0,Markdown / Clear,0.0,7659.0239453125
SKU04878,182,113,46,0.875,7.1962890625,PureLife Coffee 500g,Beverages,150.39,97.11,208.0,0.0,24.290812864703486,1.0,Markdown / Clear,0.0,16975.188369140626
SKU04884,208,93,44,0.25,1.310791015625,FamilyChoice Tea Pack of 6,Beverages,234.65,133.08,832.0,0.0,157.68280871670703,1.0,Markdown / Clear,0.0,27506.19993164063
SKU04889,312,173,73,0.125,0.700439453125,NutriPlus Office Supplies 1L,Stationery & Office,175.19,137.18,2496.0,0.0,444.4346462181945,1.0,Markdown / Clear,0.0,42704.07371582031
SKU04891,176,100,41,0.5,6.569091796875,FamilyChoice Oral Care Pack of 12,Personal Care,647.88,437.43,352.0,0.0,25.79213587542275,1.0,Markdown / Clear,0.0,74114.16217529296
SKU04893,162,67,25,0.5,2.8017578125,ValueChoice Hair Care Family Pack,Personal Care,764.67,468.97,324.0,0.0,56.82084349947717,1.0,Markdown / Clear,0.0,74659.19963867188
SKU04903,219,226,70,2.625,6.734130859375,EliteHome Office Supplies 500g,Stationery & Office,237.98,156.16,83.42857142857143,0.0,31.520900554689483,1.0,Markdown / Clear,0.0,33147.438125
SKU04906,471,237,86,0.125,2.189697265625,HealthFirst Cookware 500g,Home & Kitchen,2009.44,1506.86,3768.0,0.0,214.09822722711561,1.0,Markdown / Clear,0.0,706431.4927783202
SKU04911,24,80,21,0.25,3.59814453125,PureLife Frozen Vegetables 2L,Frozen Foods,524.33,319.77,96.0,0.0,5.670104491789931,1.0,Markdown / Clear,0.0,6523.901323242188
SKU04912,223,124,50,0.125,1.310791015625,GreenValley Vitamins & Supplements 2L,Health & Wellness,191.17,115.12,1784.0,0.0,169.12628049916185,1.0,Markdown / Clear,0.0,25520.86173828125
SKU04913,140,1313,448,0.5,6.006159601126799,TrueTaste OTC Medicine 2kg,Health & Wellness,466.91,344.29,280.0,0.0,22.30940389491731,1.0,Markdown / Clear,0.0,46132.73931092806
SKU04917,94,148,44,0.625,1.799072265625,PureLife Ready Meals Large,Frozen Foods,282.51,195.58,150.4,0.0,51.24915185235446,1.0,Markdown / Clear,0.0,18032.657446289064
SKU04918,198,104,38,0.125,0.700439453125,PurePlus Flour & Atta 250g,Grocery,64.2,44.96,1584.0,0.0,281.6796793307773,1.0,Markdown / Clear,0.0,8870.5882421875
SKU04923,529,260,86,0.25,3.59814453125,NutriPlus Biscuits & Cookies 250ml,Snacks & Confectionery,64.54,36.17,2116.0,0.0,146.02021983986972,1.0,Markdown / Clear,0.0,19003.78511230469
SKU04924,69,65,20,0.375,2.189697265625,MetroBrand Footwear Large,Apparel & Footwear,2799.28,1746.48,184.0,0.0,30.511205262571078,1.0,Markdown / Clear,0.0,116682.85751953124
SKU04931,30,24,10,0.25,0.700439453125,EverydayPlus Milk Family Pack,Dairy & Bakery,321.18,227.66,120.0,0.0,41.83025444405716,1.0,Markdown / Clear,0.0,6670.337954101562
SKU04937,38,27,6,0.875,1.40087890625,GoldenHarvest Kids Wear 250ml,Apparel & Footwear,1504.37,1052.75,43.42857142857143,0.0,26.125827814569536,1.0,Markdown / Clear,0.0,38529.72473144531
SKU04939,34,28,13,0.75,10.15966796875,SunriseFoods Bottled Water 250g,Beverages,173.32,118.52,45.333333333333336,0.0,2.346566059499207,1.0,Markdown / Clear,0.0,2825.55615234375
SKU04942,213,86,24,0.125,1.799072265625,ZestyCo Men's Grooming 1L,Personal Care,281.75,168.33,1704.0,0.0,117.39435472927127,1.0,Markdown / Clear,0.0,35551.45216552735
SKU04944,128,134,45,0.25,2.62158203125,MetroBrand Notebooks Pack of 6,Stationery & Office,90.88,67.05,512.0,0.0,47.82547960514062,1.0,Markdown / Clear,0.0,8406.622924804688
SKU04953,4786,1099,403,0.25,3.59814453125,EliteHome Candy Pack of 6,Snacks & Confectionery,59.22,36.37,19144.0,0.0,1329.1300040711087,1.0,Markdown / Clear,0.0,173935.95548339843
SKU04954,333,133,47,0.25,1.310791015625,PureLife Surface Cleaners 100g,Home Care,374.72,243.5,1332.0,0.0,253.0450735704973,1.0,Markdown / Clear,0.0,80766.32238769531
SKU04958,7988,1805,611,0.125,0.700439453125,CrispKing Notebooks 500ml,Stationery & Office,180.7,100.89,63904.0,0.0,11403.269083304287,1.0,Markdown / Clear,0.0,805838.6526635742
SKU04959,425,154,64,0.25,2.01123046875,QuickBite Bread Medium,Dairy & Bakery,140.13,79.31,1700.0,0.0,210.31342558873513,1.0,Markdown / Clear,0.0,33547.23931152344
SKU04964,392,162,73,0.125,0.700439453125,FreshFarm Flour & Atta 100g,Grocery,295.19,165.32,3136.0,0.0,558.6486580690135,1.0,Markdown / Clear,0.0,64689.643349609374
SKU04966,112,55,26,0.125,0.700439453125,ZestyCo Bread 250ml,Dairy & Bakery,121.77,67.15,896.0,0.0,158.89961659114675,1.0,Markdown / Clear,0.0,7473.765490722657
SKU04969,48,64,28,0.125,1.310791015625,GoldenHarvest Storage & Containers 1L,Home & Kitchen,658.15,516.3,384.0,0.0,35.619109703855464,1.0,Markdown / Clear,0.0,24105.63859863281
SKU04973,156,77,22,0.125,0.700439453125,DailyBest OTC Medicine 250g,Health & Wellness,909.63,654.87,1248.0,0.0,221.71732310909724,1.0,Markdown / Clear,0.0,101701.02321533202
SKU04974,220,105,43,0.5,0.700439453125,FreshFarm Mobile Accessories 1L,Electronics & Accessories,1576.81,905.34,440.0,0.0,313.0885325897525,1.0,Markdown / Clear,0.0,198540.66414550782
SKU04981,89,44,14,0.125,1.799072265625,CityFresh Cheese Pack of 6,Dairy & Bakery,149.4,101.32,712.0,0.0,48.469941647441985,1.0,Markdown / Clear,0.0,8835.197998046875
SKU04989,449,228,76,0.25,3.59814453125,PrimeCare Pulses & Lentils 2kg,Grocery,80.54,56.78,1796.0,0.0,123.78653820056995,1.0,Markdown / Clear,0.0,25289.917353515626
SKU04990,130,133,50,0.125,1.310791015625,CityFresh Writing Instruments 250g,Stationery & Office,132.24,89.95,1040.0,0.0,98.17675544794189,1.0,Markdown / Clear,0.0,11575.594348144532
SKU04991,366,221,97,0.125,1.799072265625,GreenValley Hair Care Pack of 6,Personal Care,206.19,145.05,2928.0,0.0,202.4381869995929,1.0,Markdown / Clear,0.0,52827.3445678711
SKU04998,115,60,26,0.5,3.322021484375,CleanWave Kids Wear Medium,Apparel & Footwear,1238.94,941.58,230.0,0.0,33.617476298963766,1.0,Markdown / Clear,0.0,105153.7510107422
SKU01775,38,1332,486,3.0,13.126910654820453,CityFresh Hair Care 2L,Personal Care,204.15,146.54,12.666666666666666,0.0,1.8948166860605298,0.9474083430302649,Markdown / Clear,0.0,3644.902512642611
SKU03244,2,43,9,0.125,0.700439453125,CleanWave Chips & Crisps 2L,Snacks & Confectionery,116.8,92.8,16.0,0.0,1.8553502962704775,0.9276751481352388,Markdown / Clear,0.0,120.59921874999999
SKU03243,10,64,24,0.25,3.59814453125,SparkleClean Footwear 250ml,Apparel & Footwear,1144.93,800.99,40.0,0.0,1.779210204912471,0.8896051024562355,Markdown / Clear,0.0,5127.822211914063
SKU03702,16,938,332,1.0,5.880240572120099,HomeStyle Cooking Oil Small,Grocery,473.65,320.92,16.0,0.0,1.720977110334664,0.860488555167332,Markdown / Clear,0.0,3247.633195595218
SKU03727,102,1188,423,9.25,39.643945117242296,QuickBite Mobile Accessories 2kg,Electronics & Accessories,1660.93,1291.18,11.027027027027026,0.0,1.5729023612142288,0.7864511806071144,Markdown / Clear,0.0,80512.8909435191
SKU03451,15,33,10,0.5,6.2197265625,SunriseFoods Pest Control 2kg,Home Care,145.02,95.27,30.0,0.0,1.4116815826660387,0.7058407913330194,Markdown / Clear,0.0,836.496650390625
SKU03088,32,1402,558,2.75,13.437342843308512,GoldenHarvest Notebooks Pack of 6,Stationery & Office,223.55,153.21,11.636363636363637,0.0,1.3814232004905094,0.6907116002452547,Markdown / Clear,0.0,2843.984702976703
SKU03426,8,28,12,0.5,3.810302734375,SparkleClean Mobile Accessories 2L,Electronics & Accessories,1315.65,979.08,16.0,0.0,1.0995707054526815,0.5497853527263408,Markdown / Clear,0.0,4102.048798828125
SKU01308,8,70,27,0.375,3.932373046875,SmartBuy Air Fresheners Family Pack,Home Care,105.47,71.35,21.333333333333332,0.0,1.034394983547526,0.517197491773763,Markdown / Clear,0.0,290.2251831054687
SKU01093,19,71,15,0.875,10.030029296875,FreshFarm Office Supplies Family Pack,Stationery & Office,90.9,60.87,21.714285714285715,0.0,0.8943115157120951,0.44715575785604755,Healthy,0.0,546.0021166992187
SKU03812,15,1359,472,0.875,8.018798828125,CityFresh Storage & Containers Family Pack,Home & Kitchen,1167.25,912.81,17.142857142857142,0.0,0.8706043537829198,0.4353021768914599,Healthy,0.0,6372.510241699219
SKU03063,4,1168,432,0.125,2.189697265625,NutriPlus Men's Grooming 250ml,Personal Care,363.59,214.34,32.0,0.0,0.8267365369606423,0.41336826848032115,Healthy,0.0,388.0202880859375
SKU04372,8,62,30,0.25,4.37939453125,FamilyChoice Batteries Large,Electronics & Accessories,1628.24,930.04,32.0,0.0,0.8267365369606423,0.41336826848032115,Healthy,0.0,3367.30791015625
SKU04531,12,25,5,0.875,6.7080078125,GreenValley Milk 500ml,Dairy & Bakery,105.09,61.66,13.714285714285714,0.0,0.7889066821953705,0.39445334109768526,Healthy,0.0,326.30423828125
SKU02453,12,22,6,0.875,6.734130859375,NatureBlend Women's Wear Family Pack,Apparel & Footwear,2151.17,1653.47,13.714285714285714,0.0,0.7819671536816155,0.39098357684080776,Healthy,0.0,8706.956647949219
SKU04646,6,1009,349,0.5,3.59814453125,ZestyCo Chocolates Small,Snacks & Confectionery,82.38,60.75,12.0,0.0,0.6675261229474827,0.33376306147374135,Healthy,0.0,145.9127197265625
SKU04536,6,29,10,0.375,4.298583984375,FamilyChoice Mobile Accessories 500g,Electronics & Accessories,1495.19,1127.82,16.0,0.0,0.3958084852615438,0.1979042426307719,Healthy,0.0,1918.8910107421873
SKU01627,5,23,5,0.5,3.59814453125,TrueTaste Bread 2L,Dairy & Bakery,112.01,71.18,10.0,0.0,0.3896051024562355,0.19480255122811774,Healthy,0.0,99.78407226562501
SKU04562,13,1214,434,2.125,9.663818359375,SoftTouch Footwear 250g,Apparel & Footwear,1316.91,1052.16,6.117647058823529,0.0,0.34522395978071385,0.17261197989035693,Healthy,0.0,3510.196875
SKU02954,10,1318,437,2.25,7.738393165726631,GoldenHarvest Air Fresheners 2L,Home Care,603.3,405.19,4.444444444444445,0.0,0.2922579385459547,0.14612896927297736,Healthy,0.0,916.3804731792264
SKU01736,6,97,39,0.625,4.722900390625,UrbanBite Chips & Crisps 2kg,Snacks & Confectionery,73.58,57.05,9.6,0.0,0.2704057896097183,0.13520289480485914,Healthy,0.0,72.85853271484375
SKU00388,14,40,11,1.75,13.57177734375,SmartBuy Energy Drinks Family Pack,Beverages,63.62,41.2,8.0,0.0,0.031552437488757024,0.015776218744378512,Healthy,0.0,17.6427734375
SKU00001,215,100,33,0.0,0.0,NutriPlus Cookware Large,Home & Kitchen,813.41,619.77,99.0,0.0,0.0,0.0,Healthy,0.0,133250.55
SKU00003,414,250,85,0.0,0.0,SoftTouch Notebooks 2L,Stationery & Office,151.28,83.67,99.0,0.0,0.0,0.0,Healthy,0.0,34639.38
SKU00005,411,284,104,0.0,0.0,SunriseFoods Pest Control Pack of 6,Home Care,138.5,83.46,99.0,0.0,0.0,0.0,Healthy,0.0,34302.06
SKU00006,621,324,130,0.0,0.0,UrbanBite OTC Medicine 100g,Health & Wellness,1413.92,830.81,99.0,0.0,0.0,0.0,Healthy,0.0,515933.00999999995
SKU00007,87,163,54,0.0,0.0,GreenValley Energy Drinks Pack of 12,Beverages,129.75,78.97,99.0,0.0,0.0,0.0,Healthy,0.0,6870.39
SKU00009,85,154,39,0.0,0.0,SmartBuy Frozen Vegetables Medium,Frozen Foods,251.86,178.03,99.0,0.0,0.0,0.0,Healthy,0.0,15132.55
SKU00011,3,35,17,0.0,0.0,PremiumSelect Writing Instruments 500g,Stationery & Office,123.36,83.12,99.0,0.0,0.0,0.0,Healthy,0.0,249.36
SKU00012,7156,1551,546,0.0,0.0,HomeStyle Vitamins & Supplements 1kg,Health & Wellness,813.52,526.59,99.0,0.0,0.0,0.0,Healthy,0.0,3768278.04
SKU00013,314,145,55,0.375,0.0,PrimeCare Hair Care Pack of 12,Personal Care,521.95,402.76,837.3333333333334,0.0,0.0,0.0,Healthy,0.0,126466.64
SKU00015,79,28,12,0.25,0.0,EverydayPlus Dishwashing 2L,Home Care,277.24,205.47,316.0,0.0,0.0,0.0,Healthy,0.0,16232.13
SKU00017,77,55,19,0.25,0.0,CleanWave Eggs Large,Dairy & Bakery,280.39,218.27,308.0,0.0,0.0,0.0,Healthy,0.0,16806.79
SKU00018,148,188,55,0.0,0.0,PurePlus Chips & Crisps Small,Snacks & Confectionery,93.88,70.86,99.0,0.0,0.0,0.0,Healthy,0.0,10487.28
SKU00019,120,86,40,0.25,0.0,PremiumSelect Hair Care 500ml,Personal Care,394.36,229.13,480.0,0.0,0.0,0.0,Healthy,0.0,27495.6
SKU00021,252,111,43,0.0,0.0,DailyBest Tea Family Pack,Beverages,116.7,73.74,99.0,0.0,0.0,0.0,Healthy,0.0,18582.48
SKU00024,6453,1467,490,0.0,0.0,HealthFirst Batteries 500g,Electronics & Accessories,2711.05,1671.96,99.0,0.0,0.0,0.0,Healthy,0.0,10789157.88
SKU00025,213,169,57,0.0,0.0,CityFresh Mobile Accessories Pack of 6,Electronics & Accessories,2441.35,1483.61,99.0,0.0,0.0,0.0,Healthy,0.0,316008.93
SKU00026,81,51,24,0.0,0.0,PrimeCare Laundry Family Pack,Home Care,287.47,190.99,99.0,0.0,0.0,0.0,Healthy,0.0,15470.19
SKU00028,371,247,76,0.0,0.0,NatureBlend Bottled Water Pack of 6,Beverages,94.45,63.96,99.0,0.0,0.0,0.0,Healthy,0.0,23729.16
SKU00031,508,270,76,0.125,0.0,BasicNeeds Office Supplies 100g,Stationery & Office,151.46,121.13,4064.0,0.0,0.0,0.0,Healthy,0.0,61534.04
SKU00032,5246,1272,440,0.0,0.0,PrimeCare Coffee 250ml,Beverages,51.91,30.84,99.0,0.0,0.0,0.0,Healthy,0.0,161786.63999999998
SKU00033,136,64,18,0.0,0.0,NovaFresh Air Fresheners Pack of 6,Home Care,164.5,112.21,99.0,0.0,0.0,0.0,Healthy,0.0,15260.56
SKU00034,136,113,49,0.125,0.0,TrueTaste Small Appliances Large,Electronics & Accessories,2105.17,1355.55,1088.0,0.0,0.0,0.0,Healthy,0.0,184354.8
SKU00037,334,143,61,0.0,0.0,EverydayPlus Energy Drinks 100g,Beverages,109.86,86.73,99.0,0.0,0.0,0.0,Healthy,0.0,28967.82
SKU00038,18,49,24,0.375,0.0,CleanWave Skin Care Medium,Personal Care,377.52,240.69,48.0,0.0,0.0,0.0,Healthy,0.0,4332.42
SKU00039,290,179,56,0.0,0.0,GreenValley Candy 1kg,Snacks & Confectionery,124.83,79.49,99.0,0.0,0.0,0.0,Healthy,0.0,23052.1
SKU00040,101,84,35,0.0,0.0,CityFresh Cheese Pack of 6,Dairy & Bakery,206.7,118.43,99.0,0.0,0.0,0.0,Healthy,0.0,11961.43
SKU00044,316,135,50,0.0,0.0,PureLife Skin Care 2kg,Personal Care,525.77,309.26,99.0,0.0,0.0,0.0,Healthy,0.0,97726.16
SKU00045,90,109,40,0.0,0.0,SmartBuy Writing Instruments 1L,Stationery & Office,352.71,253.27,99.0,0.0,0.0,0.0,Healthy,0.0,22794.3
SKU00047,291,160,67,0.0,0.0,NutriPlus Men's Grooming 1L,Personal Care,289.44,165.62,99.0,0.0,0.0,0.0,Healthy,0.0,48195.42
SKU00050,48,1066,370,0.5,0.0,PremiumSelect Office Supplies 2L,Stationery & Office,34.08,20.25,96.0,0.0,0.0,0.0,Healthy,0.0,972.0
SKU00051,123,71,24,0.0,0.0,CrispKing Oral Care 100g,Personal Care,336.75,262.89,99.0,0.0,0.0,0.0,Healthy,0.0,32335.469999999998
SKU00052,5399,1299,466,0.25,0.0,ValueChoice Storage & Containers Family Pack,Home & Kitchen,1372.15,967.68,21596.0,0.0,0.0,0.0,Healthy,0.0,5224504.319999999
SKU00053,60,27,9,0.125,0.0,BasicNeeds Pest Control 250g,Home Care,322.02,220.18,480.0,0.0,0.0,0.0,Healthy,0.0,13210.800000000001
SKU00056,113,189,59,0.0,0.0,NovaFresh Butter & Ghee 1L,Dairy & Bakery,79.8,44.4,99.0,0.0,0.0,0.0,Healthy,0.0,5017.2
SKU00057,30,31,15,0.0,0.0,FamilyChoice Kids Wear 500ml,Apparel & Footwear,2287.08,1510.65,99.0,0.0,0.0,0.0,Healthy,0.0,45319.5
SKU00058,149,93,29,0.0,0.0,NutriPlus Office Supplies 2L,Stationery & Office,95.03,69.93,99.0,0.0,0.0,0.0,Healthy,0.0,10419.570000000002
SKU00059,601,233,53,0.0,0.0,TrueTaste Butter & Ghee 500ml,Dairy & Bakery,122.45,95.47,99.0,0.0,0.0,0.0,Healthy,0.0,57377.47
SKU00060,253,148,49,0.0,0.0,BasicNeeds Men's Wear Large,Apparel & Footwear,724.16,476.15,99.0,0.0,0.0,0.0,Healthy,0.0,120465.95
SKU00061,296,177,68,0.0,0.0,CrispKing Milk 100g,Dairy & Bakery,249.85,153.89,99.0,0.0,0.0,0.0,Healthy,0.0,45551.439999999995
SKU00064,409,269,81,0.0,0.0,UrbanBite Air Fresheners Small,Home Care,214.86,130.58,99.0,0.0,0.0,0.0,Healthy,0.0,53407.22000000001
SKU00065,215,76,33,0.0,0.0,BasicNeeds Small Appliances 500g,Electronics & Accessories,964.12,749.86,99.0,0.0,0.0,0.0,Healthy,0.0,161219.9
SKU00066,5315,1296,457,0.0,0.0,FreshFarm Cheese 100g,Dairy & Bakery,222.25,132.45,99.0,0.0,0.0,0.0,Healthy,0.0,703971.7499999999
SKU00067,204,140,55,0.25,0.0,EliteHome Spices & Seasoning 250ml,Grocery,492.46,273.09,816.0,0.0,0.0,0.0,Healthy,0.0,55710.35999999999
SKU00068,8,99,39,0.25,0.0,MetroBrand Tea 2kg,Beverages,266.94,161.78,32.0,0.0,0.0,0.0,Healthy,0.0,1294.24
SKU00069,7735,1614,563,0.125,0.0,PureLife Laundry Small,Home Care,258.89,174.28,61880.0,0.0,0.0,0.0,Healthy,0.0,1348055.8
SKU00070,378,193,67,0.25,0.0,PremiumSelect Storage & Containers Large,Home & Kitchen,738.95,470.84,1512.0,0.0,0.0,0.0,Healthy,0.0,177977.52
SKU00071,285,142,42,0.0,0.0,CleanWave Juices 500ml,Beverages,273.19,212.25,99.0,0.0,0.0,0.0,Healthy,0.0,60491.25
SKU00073,126,60,22,0.0,0.0,PrimeCare Small Appliances 100g,Electronics & Accessories,1216.02,704.61,99.0,0.0,0.0,0.0,Healthy,0.0,88780.86
SKU00074,88,74,22,0.0,0.0,NutriPlus Candy Small,Snacks & Confectionery,197.5,139.5,99.0,0.0,0.0,0.0,Healthy,0.0,12276.0
SKU00075,7071,1707,614,0.25,0.0,TrueTaste Batteries 250g,Electronics & Accessories,3697.58,2393.21,28284.0,0.0,0.0,0.0,Healthy,0.0,16922387.91
SKU00077,206,195,56,0.0,0.0,CleanWave Women's Wear 250ml,Apparel & Footwear,1562.82,1166.71,99.0,0.0,0.0,0.0,Healthy,0.0,240342.26
SKU00080,1,43,16,0.0,0.0,GreenValley Biscuits & Cookies 500ml,Snacks & Confectionery,85.23,54.69,99.0,0.0,0.0,0.0,Healthy,0.0,54.69
SKU00081,276,117,55,0.0,0.0,NovaFresh Laundry Large,Home Care,115.69,76.17,99.0,0.0,0.0,0.0,Healthy,0.0,21022.920000000002
SKU00082,175,113,45,0.0,0.0,SmartBuy Storage & Containers Medium,Home & Kitchen,480.16,312.42,99.0,0.0,0.0,0.0,Healthy,0.0,54673.5
SKU00083,6987,1605,621,0.0,0.0,HomeStyle Pulses & Lentils 250ml,Grocery,333.54,221.02,99.0,0.0,0.0,0.0,Healthy,0.0,1544266.74
SKU00084,39,108,33,0.0,0.0,NutriPlus Men's Wear 2kg,Apparel & Footwear,1308.64,729.59,99.0,0.0,0.0,0.0,Healthy,0.0,28454.010000000002
SKU00086,230,224,100,0.125,0.0,HealthFirst Small Appliances Pack of 12,Electronics & Accessories,2786.01,2220.28,1840.0,0.0,0.0,0.0,Healthy,0.0,510664.4
SKU00087,28,77,27,0.125,0.0,NatureBlend First Aid 500g,Health & Wellness,231.1,180.72,224.0,0.0,0.0,0.0,Healthy,0.0,5060.16
SKU00090,7868,1737,598,0.25,0.0,MetroBrand OTC Medicine Medium,Health & Wellness,618.63,462.73,31472.0,0.0,0.0,0.0,Healthy,0.0,3640759.64
SKU00091,260,137,47,0.0,0.0,PureLife Bottled Water 2L,Beverages,223.64,123.16,99.0,0.0,0.0,0.0,Healthy,0.0,32021.6
SKU00093,276,158,49,0.0,0.0,ValueChoice Energy Drinks 2kg,Beverages,216.52,171.07,99.0,0.0,0.0,0.0,Healthy,0.0,47215.32
SKU00095,98,77,25,0.75,0.0,GreenValley First Aid 500ml,Health & Wellness,696.82,520.58,130.66666666666666,0.0,0.0,0.0,Healthy,0.0,51016.840000000004
SKU00097,377,172,63,0.0,0.0,GoldenHarvest Kids Wear Pack of 12,Apparel & Footwear,1103.71,764.96,99.0,0.0,0.0,0.0,Healthy,0.0,288389.92000000004
SKU00098,224,83,20,0.75,0.0,ValueChoice Men's Grooming 500g,Personal Care,306.0,224.26,298.6666666666667,0.0,0.0,0.0,Healthy,0.0,50234.24
SKU00099,18,77,34,0.125,0.0,HealthFirst Footwear Family Pack,Apparel & Footwear,1671.99,1154.2,144.0,0.0,0.0,0.0,Healthy,0.0,20775.600000000002
SKU00100,177,116,55,0.0,0.0,ValueChoice Flour & Atta 500ml,Grocery,465.53,291.49,99.0,0.0,0.0,0.0,Healthy,0.0,51593.73
SKU00102,131,130,57,0.0,0.0,PurePlus Surface Cleaners 100g,Home Care,111.77,84.9,99.0,0.0,0.0,0.0,Healthy,0.0,11121.900000000001
SKU00103,294,176,51,0.0,0.0,QuickBite Namkeen 500g,Snacks & Confectionery,179.7,136.39,99.0,0.0,0.0,0.0,Healthy,0.0,40098.659999999996
SKU00104,299,137,54,0.0,0.0,EverydayPlus Bread Family Pack,Dairy & Bakery,389.89,227.32,99.0,0.0,0.0,0.0,Healthy,0.0,67968.68
SKU00105,6368,1389,496,0.125,0.0,GreenValley First Aid 2L,Health & Wellness,503.0,332.66,50944.0,0.0,0.0,0.0,Healthy,0.0,2118378.8800000004
SKU00106,436,327,136,0.0,0.0,CrispKing Bottled Water Large,Beverages,200.8,112.38,99.0,0.0,0.0,0.0,Healthy,0.0,48997.68
SKU00108,277,192,67,0.0,0.0,SmartBuy Juices 100g,Beverages,82.07,50.11,99.0,0.0,0.0,0.0,Healthy,0.0,13880.47
SKU00111,442,191,71,0.0,0.0,HomeStyle Footwear 1L,Apparel & Footwear,2316.85,1506.31,99.0,0.0,0.0,0.0,Healthy,0.0,665789.02
SKU00112,377,194,49,0.0,0.0,FreshFarm Chips & Crisps 1L,Snacks & Confectionery,218.89,160.42,99.0,0.0,0.0,0.0,Healthy,0.0,60478.34
SKU00113,230,145,53,0.0,0.0,SmartBuy Bread 2L,Dairy & Bakery,136.55,82.18,99.0,0.0,0.0,0.0,Healthy,0.0,18901.4
SKU00114,96,123,37,0.125,0.0,HomeStyle Writing Instruments Pack of 12,Stationery & Office,169.83,97.29,768.0,0.0,0.0,0.0,Healthy,0.0,9339.84
SKU00115,336,250,71,0.0,0.0,QuickBite Office Supplies Family Pack,Stationery & Office,45.82,26.2,99.0,0.0,0.0,0.0,Healthy,0.0,8803.199999999999
SKU00116,10,41,11,0.0,0.0,CrispKing Ready Meals Large,Frozen Foods,317.12,220.62,99.0,0.0,0.0,0.0,Healthy,0.0,2206.2
SKU00117,278,191,74,0.0,0.0,ZestyCo Surface Cleaners Pack of 6,Home Care,258.96,199.97,99.0,0.0,0.0,0.0,Healthy,0.0,55591.659999999996
SKU00120,252,180,49,0.0,0.0,FamilyChoice First Aid 250g,Health & Wellness,492.32,275.41,99.0,0.0,0.0,0.0,Healthy,0.0,69403.32
SKU00122,98,160,46,0.0,0.0,MetroBrand Cooking Oil 100g,Grocery,159.98,114.13,99.0,0.0,0.0,0.0,Healthy,0.0,11184.74
SKU00123,231,128,54,0.0,0.0,MetroBrand Juices Pack of 12,Beverages,99.13,75.0,99.0,0.0,0.0,0.0,Healthy,0.0,17325.0
SKU00124,15,27,13,0.0,0.0,PurePlus Writing Instruments 1L,Stationery & Office,345.68,271.63,99.0,0.0,0.0,0.0,Healthy,0.0,4074.45
SKU00127,4986,1188,404,0.375,0.0,PremiumSelect Dishwashing 2L,Home Care,223.69,126.42,13296.0,0.0,0.0,0.0,Healthy,0.0,630330.12
SKU00129,83,47,17,0.0,0.0,CleanWave Cooking Oil 1L,Grocery,217.18,169.57,99.0,0.0,0.0,0.0,Healthy,0.0,14074.31
SKU00130,225,123,49,0.0,0.0,PremiumSelect Pulses & Lentils 250ml,Grocery,362.18,251.98,99.0,0.0,0.0,0.0,Healthy,0.0,56695.5
SKU00131,261,140,57,0.0,0.0,SparkleClean Eggs 250g,Dairy & Bakery,119.24,75.8,99.0,0.0,0.0,0.0,Healthy,0.0,19783.8
SKU00134,209,184,63,0.0,0.0,ValueChoice Air Fresheners Large,Home Care,199.86,147.48,99.0,0.0,0.0,0.0,Healthy,0.0,30823.319999999996
SKU00135,218,265,111,0.25,0.0,ValueChoice Pest Control 100g,Home Care,191.52,125.08,872.0,0.0,0.0,0.0,Healthy,0.0,27267.44
SKU00136,112,57,26,0.0,0.0,ZestyCo Writing Instruments 2kg,Stationery & Office,497.37,390.01,99.0,0.0,0.0,0.0,Healthy,0.0,43681.119999999995
SKU00137,156,68,20,0.0,0.0,TrueTaste Juices Pack of 6,Beverages,145.43,96.51,99.0,0.0,0.0,0.0,Healthy,0.0,15055.560000000001
SKU00140,8639,2078,664,0.0,0.0,ZestyCo Dishwashing Pack of 12,Home Care,148.11,87.05,99.0,0.0,0.0,0.0,Healthy,0.0,752024.95
SKU00141,133,120,40,0.0,0.0,ZestyCo Footwear 250g,Apparel & Footwear,2602.93,1609.4,99.0,0.0,0.0,0.0,Healthy,0.0,214050.2
SKU00142,179,178,46,0.0,0.0,PremiumSelect Yogurt 1kg,Dairy & Bakery,135.03,80.72,99.0,0.0,0.0,0.0,Healthy,0.0,14448.88
SKU00143,79,44,17,0.0,0.0,DailyBest Writing Instruments 1L,Stationery & Office,64.0,50.83,99.0,0.0,0.0,0.0,Healthy,0.0,4015.5699999999997
SKU00144,165,95,32,0.0,0.0,FamilyChoice Eggs 100g,Dairy & Bakery,186.78,140.47,99.0,0.0,0.0,0.0,Healthy,0.0,23177.55
SKU00145,86,57,20,0.125,0.0,HealthFirst Ready Meals 250ml,Frozen Foods,478.26,304.7,688.0,0.0,0.0,0.0,Healthy,0.0,26204.2
SKU00147,14,43,17,0.0,0.0,EliteHome Cookware Family Pack,Home & Kitchen,778.79,532.16,99.0,0.0,0.0,0.0,Healthy,0.0,7450.24
SKU00149,87,40,9,0.0,0.0,HealthFirst Cheese Family Pack,Dairy & Bakery,149.69,86.21,99.0,0.0,0.0,0.0,Healthy,0.0,7500.2699999999995
SKU00150,7608,1738,634,0.0,0.0,FreshFarm Sugar & Salt Pack of 12,Grocery,266.14,169.6,99.0,0.0,0.0,0.0,Healthy,0.0,1290316.8
SKU00153,174,103,32,0.0,0.0,UrbanBite Pulses & Lentils Medium,Grocery,184.25,119.92,99.0,0.0,0.0,0.0,Healthy,0.0,20866.08
SKU00154,46,41,12,0.0,0.0,DailyBest Storage & Containers 1kg,Home & Kitchen,2279.38,1667.95,99.0,0.0,0.0,0.0,Healthy,0.0,76725.7
SKU00155,7508,1674,608,0.0,0.0,CityFresh Frozen Vegetables 500ml,Frozen Foods,585.78,457.03,99.0,0.0,0.0,0.0,Healthy,0.0,3431381.2399999998
SKU00157,321,208,68,0.0,0.0,QuickBite Butter & Ghee Family Pack,Dairy & Bakery,118.76,67.93,99.0,0.0,0.0,0.0,Healthy,0.0,21805.530000000002
SKU00159,400,165,44,0.0,0.0,GreenValley Milk 1L,Dairy & Bakery,230.93,165.75,99.0,0.0,0.0,0.0,Healthy,0.0,66300.0
SKU00161,52,27,10,0.0,0.0,CleanWave OTC Medicine 1kg,Health & Wellness,501.77,285.38,99.0,0.0,0.0,0.0,Healthy,0.0,14839.76
SKU00162,84,57,20,0.0,0.0,NovaFresh Small Appliances Small,Electronics & Accessories,2780.26,1577.93,99.0,0.0,0.0,0.0,Healthy,0.0,132546.12
SKU00167,7221,1563,578,0.0,0.0,ZestyCo Batteries 500g,Electronics & Accessories,2596.95,1652.67,99.0,0.0,0.0,0.0,Healthy,0.0,11933930.07
SKU00168,52,93,27,0.375,0.0,EverydayPlus Mobile Accessories 500g,Electronics & Accessories,2234.32,1266.98,138.66666666666666,0.0,0.0,0.0,Healthy,0.0,65882.96
SKU00170,7213,1668,575,0.0,0.0,ZestyCo Men's Wear 2L,Apparel & Footwear,1241.29,909.39,99.0,0.0,0.0,0.0,Healthy,0.0,6559430.07
SKU00173,4877,1242,419,0.0,0.0,SunriseFoods OTC Medicine 500g,Health & Wellness,1096.68,679.85,99.0,0.0,0.0,0.0,Healthy,0.0,3315628.45
SKU00175,25,95,22,0.0,0.0,MetroBrand Office Supplies Large,Stationery & Office,182.36,117.7,99.0,0.0,0.0,0.0,Healthy,0.0,2942.5
SKU00179,237,169,44,0.0,0.0,NutriPlus Juices 1L,Beverages,85.36,49.13,99.0,0.0,0.0,0.0,Healthy,0.0,11643.810000000001
SKU00180,81,31,10,0.0,0.0,QuickBite Frozen Meat 500g,Frozen Foods,770.72,479.81,99.0,0.0,0.0,0.0,Healthy,0.0,38864.61
SKU00181,633,380,108,0.0,0.0,ZestyCo Ice Cream Pack of 6,Frozen Foods,314.95,183.39,99.0,0.0,0.0,0.0,Healthy,0.0,116085.87
SKU00182,212,216,84,0.0,0.0,TrueTaste Men's Grooming 500ml,Personal Care,178.74,125.21,99.0,0.0,0.0,0.0,Healthy,0.0,26544.52
SKU00184,96,33,15,0.125,0.0,CleanWave Footwear Small,Apparel & Footwear,899.55,645.86,768.0,0.0,0.0,0.0,Healthy,0.0,62002.56
SKU00185,398,175,76,0.25,0.0,FreshFarm Air Fresheners 1L,Home Care,484.73,277.22,1592.0,0.0,0.0,0.0,Healthy,0.0,110333.56000000001
SKU00186,4390,994,324,0.0,0.0,TrueTaste Men's Wear 250ml,Apparel & Footwear,1862.84,1185.19,99.0,0.0,0.0,0.0,Healthy,0.0,5202984.100000001
SKU00188,101,52,15,0.0,0.0,GreenValley Bread Pack of 6,Dairy & Bakery,201.41,115.41,99.0,0.0,0.0,0.0,Healthy,0.0,11656.41
SKU00189,103,86,32,0.0,0.0,FamilyChoice Biscuits & Cookies Pack of 6,Snacks & Confectionery,69.3,51.51,99.0,0.0,0.0,0.0,Healthy,0.0,5305.53
SKU00191,73,108,37,0.0,0.0,QuickBite Vitamins & Supplements 1L,Health & Wellness,590.87,350.82,99.0,0.0,0.0,0.0,Healthy,0.0,25609.86
SKU00192,207,130,39,0.0,0.0,SparkleClean Bread Family Pack,Dairy & Bakery,165.78,106.38,99.0,0.0,0.0,0.0,Healthy,0.0,22020.66
SKU00194,20,40,9,0.0,0.0,NutriPlus Frozen Meat 500g,Frozen Foods,524.73,409.27,99.0,0.0,0.0,0.0,Healthy,0.0,8185.4
SKU00195,595,344,136,0.0,0.0,SparkleClean Cookware Small,Home & Kitchen,1139.65,908.49,99.0,0.0,0.0,0.0,Healthy,0.0,540551.55
SKU00197,171,79,38,0.0,0.0,NatureBlend Writing Instruments Pack of 6,Stationery & Office,330.62,198.47,99.0,0.0,0.0,0.0,Healthy,0.0,33938.37
SKU00199,62,39,12,0.0,0.0,TrueTaste Biscuits & Cookies 250ml,Snacks & Confectionery,62.08,41.84,99.0,0.0,0.0,0.0,Healthy,0.0,2594.0800000000004
SKU00200,317,234,91,0.0,0.0,HomeStyle Tea 1L,Beverages,134.99,89.97,99.0,0.0,0.0,0.0,Healthy,0.0,28520.489999999998
SKU00203,93,81,25,0.0,0.0,GoldenHarvest Milk 2kg,Dairy & Bakery,181.68,106.33,99.0,0.0,0.0,0.0,Healthy,0.0,9888.69
SKU00204,20,31,15,0.0,0.0,HomeStyle Surface Cleaners 1kg,Home Care,613.21,391.19,99.0,0.0,0.0,0.0,Healthy,0.0,7823.8
SKU00205,45,59,13,0.0,0.0,NutriPlus Office Supplies 2L,Stationery & Office,222.89,154.95,99.0,0.0,0.0,0.0,Healthy,0.0,6972.749999999999
SKU00206,185,63,29,0.125,0.0,NovaFresh Office Supplies Family Pack,Stationery & Office,217.76,167.56,1480.0,0.0,0.0,0.0,Healthy,0.0,30998.600000000002
SKU00209,89,96,23,0.0,0.0,CityFresh Soft Drinks 1L,Beverages,88.63,53.76,99.0,0.0,0.0,0.0,Healthy,0.0,4784.639999999999
SKU00210,169,149,52,0.0,0.0,MetroBrand Batteries Family Pack,Electronics & Accessories,3556.85,1985.27,99.0,0.0,0.0,0.0,Healthy,0.0,335510.63
SKU00212,61,46,15,0.0,0.0,QuickBite Home Decor Family Pack,Home & Kitchen,348.98,210.66,99.0,0.0,0.0,0.0,Healthy,0.0,12850.26
SKU00213,100,67,25,0.375,0.0,ValueChoice Chocolates Pack of 6,Snacks & Confectionery,115.76,90.28,266.6666666666667,0.0,0.0,0.0,Healthy,0.0,9028.0
SKU00214,116,146,49,0.0,0.0,SoftTouch Home Decor Pack of 12,Home & Kitchen,392.18,307.22,99.0,0.0,0.0,0.0,Healthy,0.0,35637.520000000004
SKU00215,352,212,68,0.0,0.0,EliteHome Juices 2L,Beverages,102.03,58.8,99.0,0.0,0.0,0.0,Healthy,0.0,20697.6
SKU00219,262,92,29,0.125,0.0,CleanWave Flour & Atta Small,Grocery,141.0,80.3,2096.0,0.0,0.0,0.0,Healthy,0.0,21038.6
SKU00221,304,297,113,0.0,0.0,GreenValley Bath & Body Pack of 12,Personal Care,578.16,359.57,99.0,0.0,0.0,0.0,Healthy,0.0,109309.28
SKU00222,25,35,16,0.0,0.0,PremiumSelect OTC Medicine Medium,Health & Wellness,492.26,342.42,99.0,0.0,0.0,0.0,Healthy,0.0,8560.5
SKU00223,286,129,42,0.0,0.0,ZestyCo Hair Care Small,Personal Care,217.42,129.22,99.0,0.0,0.0,0.0,Healthy,0.0,36956.92
SKU00224,554,266,119,0.0,0.0,NovaFresh Hair Care 1L,Personal Care,161.86,121.66,99.0,0.0,0.0,0.0,Healthy,0.0,67399.64
SKU00225,305,239,88,0.0,0.0,SparkleClean Home Decor 250ml,Home & Kitchen,1233.58,885.33,99.0,0.0,0.0,0.0,Healthy,0.0,270025.65
SKU00226,365,275,91,0.375,0.0,MetroBrand Coffee Pack of 12,Beverages,74.28,41.25,973.3333333333334,0.0,0.0,0.0,Healthy,0.0,15056.25
SKU00228,495,180,62,0.25,0.0,FamilyChoice Mobile Accessories 250ml,Electronics & Accessories,2956.05,1970.47,1980.0,0.0,0.0,0.0,Healthy,0.0,975382.65
SKU00229,51,21,5,0.0,0.0,ZestyCo Oral Care 500ml,Personal Care,421.82,288.02,99.0,0.0,0.0,0.0,Healthy,0.0,14689.019999999999
SKU00231,94,86,34,0.0,0.0,TrueTaste Rice & Grains 100g,Grocery,153.98,99.59,99.0,0.0,0.0,0.0,Healthy,0.0,9361.460000000001
SKU00233,123,200,78,0.0,0.0,CrispKing Writing Instruments 250g,Stationery & Office,120.84,72.32,99.0,0.0,0.0,0.0,Healthy,0.0,8895.359999999999
SKU00235,161,124,46,0.0,0.0,TrueTaste Rice & Grains 1L,Grocery,159.72,123.95,99.0,0.0,0.0,0.0,Healthy,0.0,19955.95
SKU00236,226,115,34,0.0,0.0,GreenValley Energy Drinks 500ml,Beverages,104.24,73.66,99.0,0.0,0.0,0.0,Healthy,0.0,16647.16
SKU00237,8788,1905,664,0.125,0.0,UrbanBite Pulses & Lentils Family Pack,Grocery,95.24,75.42,70304.0,0.0,0.0,0.0,Healthy,0.0,662790.96
SKU00238,96,99,44,0.0,0.0,PureLife Footwear 1kg,Apparel & Footwear,1766.09,1152.63,99.0,0.0,0.0,0.0,Healthy,0.0,110652.48000000001
SKU00239,525,220,63,0.0,0.0,GreenValley Storage & Containers 250ml,Home & Kitchen,1079.74,782.62,99.0,0.0,0.0,0.0,Healthy,0.0,410875.5
SKU00240,8157,1890,637,0.0,0.0,FamilyChoice Energy Drinks 1kg,Beverages,143.08,79.06,99.0,0.0,0.0,0.0,Healthy,0.0,644892.42
SKU00241,141,67,16,0.0,0.0,GreenValley Mobile Accessories 2kg,Electronics & Accessories,1710.6,1058.3,99.0,0.0,0.0,0.0,Healthy,0.0,149220.3
SKU00242,563,466,150,0.0,0.0,CityFresh Chips & Crisps 2L,Snacks & Confectionery,218.49,151.11,99.0,0.0,0.0,0.0,Healthy,0.0,85074.93000000001
SKU00244,306,244,94,0.0,0.0,EverydayPlus OTC Medicine 2kg,Health & Wellness,750.15,591.29,99.0,0.0,0.0,0.0,Healthy,0.0,180934.74
SKU00245,79,171,48,0.0,0.0,FreshFarm Batteries Pack of 12,Electronics & Accessories,4025.26,2796.99,99.0,0.0,0.0,0.0,Healthy,0.0,220962.21
SKU00246,128,79,26,0.375,0.0,CleanWave Cookware Medium,Home & Kitchen,1021.22,780.18,341.3333333333333,0.0,0.0,0.0,Healthy,0.0,99863.04
SKU00247,482,271,92,0.625,0.0,TrueTaste Sugar & Salt 1kg,Grocery,240.33,180.2,771.2,0.0,0.0,0.0,Healthy,0.0,86856.4
SKU00249,348,191,67,0.125,0.0,CrispKing Yogurt 1kg,Dairy & Bakery,243.38,140.64,2784.0,0.0,0.0,0.0,Healthy,0.0,48942.719999999994
SKU00251,8472,1804,574,0.0,0.0,CityFresh Office Supplies Family Pack,Stationery & Office,143.83,96.59,99.0,0.0,0.0,0.0,Healthy,0.0,818310.48
SKU00252,363,239,104,0.0,0.0,GoldenHarvest Kids Wear 500g,Apparel & Footwear,2006.03,1498.23,99.0,0.0,0.0,0.0,Healthy,0.0,543857.49
SKU00256,114,70,18,0.125,0.0,HomeStyle Frozen Meat 2L,Frozen Foods,772.17,531.77,912.0,0.0,0.0,0.0,Healthy,0.0,60621.78
SKU00265,352,150,54,0.0,0.0,CleanWave Pulses & Lentils Pack of 6,Grocery,246.23,165.31,99.0,0.0,0.0,0.0,Healthy,0.0,58189.12
SKU00266,147,196,84,0.0,0.0,SmartBuy Mobile Accessories 500ml,Electronics & Accessories,4319.42,3307.5,99.0,0.0,0.0,0.0,Healthy,0.0,486202.5
SKU00267,528,369,125,0.5,0.0,UrbanBite Writing Instruments 2L,Stationery & Office,126.55,99.23,1056.0,0.0,0.0,0.0,Healthy,0.0,52393.44
SKU00268,101,68,18,0.0,0.0,DailyBest Juices 250ml,Beverages,165.9,132.62,99.0,0.0,0.0,0.0,Healthy,0.0,13394.62
SKU00270,178,60,13,0.0,0.0,DailyBest Ice Cream Pack of 6,Frozen Foods,521.54,382.14,99.0,0.0,0.0,0.0,Healthy,0.0,68020.92
SKU00275,58,142,64,0.0,0.0,UrbanBite Dishwashing Pack of 12,Home Care,188.3,104.09,99.0,0.0,0.0,0.0,Healthy,0.0,6037.22
SKU00277,90,156,42,0.125,0.0,TrueTaste Home Decor 1kg,Home & Kitchen,585.64,392.95,720.0,0.0,0.0,0.0,Healthy,0.0,35365.5
SKU00279,76,59,13,0.125,0.0,ZestyCo Rice & Grains 1kg,Grocery,109.8,76.89,608.0,0.0,0.0,0.0,Healthy,0.0,5843.64
SKU00280,249,133,41,0.625,0.0,PrimeCare Small Appliances 2kg,Electronics & Accessories,469.64,339.55,398.4,0.0,0.0,0.0,Healthy,0.0,84547.95
SKU00288,379,152,44,0.125,0.0,FreshFarm Notebooks Small,Stationery & Office,109.0,60.9,3032.0,0.0,0.0,0.0,Healthy,0.0,23081.1
SKU00289,292,297,103,0.0,0.0,DailyBest Cooking Oil 500ml,Grocery,539.37,398.55,99.0,0.0,0.0,0.0,Healthy,0.0,116376.6
SKU00292,263,136,37,0.0,0.0,GreenValley Bread 500g,Dairy & Bakery,210.98,119.39,99.0,0.0,0.0,0.0,Healthy,0.0,31399.57
SKU00294,253,203,84,0.0,0.0,ValueChoice Pest Control Medium,Home Care,235.02,139.92,99.0,0.0,0.0,0.0,Healthy,0.0,35399.759999999995
SKU00295,250,269,113,0.0,0.0,FamilyChoice Frozen Meat 1kg,Frozen Foods,1026.78,758.06,99.0,0.0,0.0,0.0,Healthy,0.0,189515.0
SKU00296,487,174,72,0.25,0.0,DailyBest First Aid 100g,Health & Wellness,685.29,488.51,1948.0,0.0,0.0,0.0,Healthy,0.0,237904.37
SKU00298,388,330,110,0.0,0.0,GreenValley Writing Instruments 250ml,Stationery & Office,383.06,244.57,99.0,0.0,0.0,0.0,Healthy,0.0,94893.16
SKU00299,115,57,21,0.0,0.0,PrimeCare Frozen Meat Small,Frozen Foods,842.06,648.3,99.0,0.0,0.0,0.0,Healthy,0.0,74554.5
SKU00302,331,234,69,0.0,0.0,EverydayPlus Office Supplies 250ml,Stationery & Office,299.91,222.49,99.0,0.0,0.0,0.0,Healthy,0.0,73644.19
SKU00304,31,21,5,0.0,0.0,UrbanBite Spices & Seasoning 250g,Grocery,377.93,263.93,99.0,0.0,0.0,0.0,Healthy,0.0,8181.83
SKU00305,6489,1499,466,0.0,0.0,PurePlus Vitamins & Supplements 250ml,Health & Wellness,493.11,318.69,99.0,0.0,0.0,0.0,Healthy,0.0,2067979.41
SKU00306,201,217,64,0.0,0.0,NovaFresh Frozen Vegetables 1kg,Frozen Foods,300.86,218.93,99.0,0.0,0.0,0.0,Healthy,0.0,44004.93
SKU00307,262,131,48,0.0,0.0,CleanWave Soft Drinks Large,Beverages,209.82,117.27,99.0,0.0,0.0,0.0,Healthy,0.0,30724.739999999998
SKU00308,328,231,57,0.0,0.0,HomeStyle First Aid Pack of 6,Health & Wellness,341.35,229.66,99.0,0.0,0.0,0.0,Healthy,0.0,75328.48
SKU00309,219,124,40,0.0,0.0,DailyBest Storage & Containers 250ml,Home & Kitchen,1579.63,1037.48,99.0,0.0,0.0,0.0,Healthy,0.0,227208.12
SKU00312,257,183,73,0.5,0.0,BasicNeeds Soft Drinks Pack of 6,Beverages,61.56,37.45,514.0,0.0,0.0,0.0,Healthy,0.0,9624.650000000001
SKU00313,350,284,102,0.125,0.0,NovaFresh Small Appliances Medium,Electronics & Accessories,878.76,553.58,2800.0,0.0,0.0,0.0,Healthy,0.0,193753.0
SKU00314,25,60,26,0.0,0.0,SmartBuy Dishwashing 500ml,Home Care,407.17,272.86,99.0,0.0,0.0,0.0,Healthy,0.0,6821.5
SKU00316,276,205,65,0.25,0.0,PrimeCare Writing Instruments 250ml,Stationery & Office,126.16,90.97,1104.0,0.0,0.0,0.0,Healthy,0.0,25107.72
SKU00317,6642,1515,554,0.0,0.0,ZestyCo Soft Drinks Pack of 6,Beverages,110.59,69.99,99.0,0.0,0.0,0.0,Healthy,0.0,464873.57999999996
SKU00318,333,188,68,0.0,0.0,PrimeCare First Aid 1kg,Health & Wellness,826.51,541.68,99.0,0.0,0.0,0.0,Healthy,0.0,180379.43999999997
SKU00320,53,98,48,0.0,0.0,SparkleClean Notebooks Medium,Stationery & Office,136.66,88.04,99.0,0.0,0.0,0.0,Healthy,0.0,4666.12
SKU00322,95,73,26,0.0,0.0,NutriPlus Women's Wear 250ml,Apparel & Footwear,358.99,256.34,99.0,0.0,0.0,0.0,Healthy,0.0,24352.3
SKU00324,419,212,81,0.0,0.0,HomeStyle Laundry Small,Home Care,498.27,339.2,99.0,0.0,0.0,0.0,Healthy,0.0,142124.8
SKU00325,92,69,27,0.0,0.0,SoftTouch Vitamins & Supplements 100g,Health & Wellness,631.5,405.33,99.0,0.0,0.0,0.0,Healthy,0.0,37290.36
SKU00326,162,75,23,0.0,0.0,GreenValley Kids Wear 500ml,Apparel & Footwear,1341.29,805.15,99.0,0.0,0.0,0.0,Healthy,0.0,130434.3
SKU00327,385,202,68,0.0,0.0,SparkleClean Cookware 1kg,Home & Kitchen,465.24,306.7,99.0,0.0,0.0,0.0,Healthy,0.0,118079.5
SKU00330,4595,983,341,0.0,0.0,ValueChoice Tea 500ml,Beverages,87.32,52.73,99.0,0.0,0.0,0.0,Healthy,0.0,242294.34999999998
SKU00332,105,62,21,0.0,0.0,UrbanBite Men's Wear 1L,Apparel & Footwear,1670.05,1158.58,99.0,0.0,0.0,0.0,Healthy,0.0,121650.9
SKU00335,287,183,57,0.0,0.0,GreenValley Surface Cleaners 2L,Home Care,268.31,206.5,99.0,0.0,0.0,0.0,Healthy,0.0,59265.5
SKU00336,318,139,66,0.0,0.0,ZestyCo Chips & Crisps Medium,Snacks & Confectionery,53.08,38.82,99.0,0.0,0.0,0.0,Healthy,0.0,12344.76
SKU00338,116,202,90,0.125,0.0,GoldenHarvest Ready Meals Large,Frozen Foods,741.21,477.83,928.0,0.0,0.0,0.0,Healthy,0.0,55428.28
SKU00340,167,118,43,0.0,0.0,EverydayPlus First Aid Small,Health & Wellness,234.66,129.91,99.0,0.0,0.0,0.0,Healthy,0.0,21694.97
SKU00342,6864,1566,547,0.0,0.0,QuickBite Home Decor 2L,Home & Kitchen,229.07,135.24,99.0,0.0,0.0,0.0,Healthy,0.0,928287.3600000001
SKU00343,300,138,43,0.625,0.0,PurePlus Men's Wear 100g,Apparel & Footwear,2593.67,1573.14,480.0,0.0,0.0,0.0,Healthy,0.0,471942.00000000006
SKU00344,435,172,57,0.0,0.0,MetroBrand Vitamins & Supplements 2L,Health & Wellness,608.7,376.87,99.0,0.0,0.0,0.0,Healthy,0.0,163938.45
SKU00347,234,236,77,0.0,0.0,ValueChoice Coffee 100g,Beverages,154.46,101.39,99.0,0.0,0.0,0.0,Healthy,0.0,23725.26
SKU00348,79,85,31,0.0,0.0,GreenValley Oral Care 2kg,Personal Care,686.28,505.68,99.0,0.0,0.0,0.0,Healthy,0.0,39948.72
SKU00349,133,215,73,0.0,0.0,PureLife Office Supplies 2L,Stationery & Office,240.42,185.86,99.0,0.0,0.0,0.0,Healthy,0.0,24719.38
SKU00350,6485,1373,486,0.0,0.0,BasicNeeds Laundry Medium,Home Care,492.43,368.24,99.0,0.0,0.0,0.0,Healthy,0.0,2388036.4
SKU00351,317,320,117,0.0,0.0,DailyBest Energy Drinks 500ml,Beverages,113.72,77.77,99.0,0.0,0.0,0.0,Healthy,0.0,24653.09
SKU00354,6648,1492,524,0.0,0.0,PurePlus Home Decor 2kg,Home & Kitchen,1108.74,680.1,99.0,0.0,0.0,0.0,Healthy,0.0,4521304.8
SKU00355,7653,1698,571,0.0,0.0,SoftTouch Bread 500g,Dairy & Bakery,144.21,94.23,99.0,0.0,0.0,0.0,Healthy,0.0,721142.1900000001
SKU00356,221,78,26,0.5,0.0,GoldenHarvest Pest Control Large,Home Care,335.1,214.65,442.0,0.0,0.0,0.0,Healthy,0.0,47437.65
SKU00360,257,189,55,0.0,0.0,TrueTaste Candy 500ml,Snacks & Confectionery,86.25,48.56,99.0,0.0,0.0,0.0,Healthy,0.0,12479.92
SKU00361,303,239,81,0.0,0.0,EliteHome Writing Instruments 100g,Stationery & Office,150.12,119.9,99.0,0.0,0.0,0.0,Healthy,0.0,36329.700000000004
SKU00364,339,161,50,0.0,0.0,NutriPlus Footwear 250g,Apparel & Footwear,2618.33,1699.82,99.0,0.0,0.0,0.0,Healthy,0.0,576238.98
SKU00365,155,117,31,0.0,0.0,CleanWave Writing Instruments 1L,Stationery & Office,78.0,61.69,99.0,0.0,0.0,0.0,Healthy,0.0,9561.949999999999
SKU00368,186,170,60,0.0,0.0,PrimeCare Spices & Seasoning 250ml,Grocery,255.9,144.56,99.0,0.0,0.0,0.0,Healthy,0.0,26888.16
SKU00369,0,1277,407,0.0,5.989024774899032,MetroBrand Surface Cleaners 500ml,Home Care,368.93,294.03,99.0,0.0,0.0,0.0,Healthy,0.0,0.0
SKU00371,7713,1575,553,0.0,0.0,CityFresh Oral Care Medium,Personal Care,515.75,373.02,99.0,0.0,0.0,0.0,Healthy,0.0,2877103.26
SKU00372,57,68,22,0.0,0.0,QuickBite Tea 250ml,Beverages,44.47,27.51,99.0,0.0,0.0,0.0,Healthy,0.0,1568.0700000000002
SKU00375,255,218,80,0.0,0.0,PrimeCare Bread Small,Dairy & Bakery,115.0,76.77,99.0,0.0,0.0,0.0,Healthy,0.0,19576.35
SKU00378,94,176,47,0.375,0.0,FamilyChoice Juices 2kg,Beverages,224.48,147.56,250.66666666666666,0.0,0.0,0.0,Healthy,0.0,13870.64
SKU00379,75,43,10,0.0,0.0,PremiumSelect Cookware 1L,Home & Kitchen,1000.76,713.62,99.0,0.0,0.0,0.0,Healthy,0.0,53521.5
SKU00380,222,158,55,0.0,0.0,SoftTouch Notebooks Pack of 6,Stationery & Office,293.11,208.08,99.0,0.0,0.0,0.0,Healthy,0.0,46193.76
SKU00381,214,226,82,0.0,0.0,GoldenHarvest First Aid 2kg,Health & Wellness,879.76,697.47,99.0,0.0,0.0,0.0,Healthy,0.0,149258.58000000002
SKU00382,346,146,49,0.0,0.0,PurePlus Energy Drinks 100g,Beverages,104.56,72.22,99.0,0.0,0.0,0.0,Healthy,0.0,24988.12
SKU00384,186,68,25,0.0,0.0,ZestyCo Butter & Ghee Pack of 12,Dairy & Bakery,190.85,118.68,99.0,0.0,0.0,0.0,Healthy,0.0,22074.48
SKU00385,7877,1730,612,0.0,0.0,FamilyChoice Frozen Vegetables 250g,Frozen Foods,380.41,260.01,99.0,0.0,0.0,0.0,Healthy,0.0,2048098.77
SKU00386,6167,1447,451,0.125,0.0,FamilyChoice Coffee 250ml,Beverages,139.48,80.88,49336.0,0.0,0.0,0.0,Healthy,0.0,498786.95999999996
SKU00389,7439,1697,593,0.0,0.0,UrbanBite Ready Meals Family Pack,Frozen Foods,644.49,411.18,99.0,0.0,0.0,0.0,Healthy,0.0,3058768.02
SKU00390,73,36,8,0.25,0.0,SunriseFoods Sugar & Salt Pack of 12,Grocery,437.62,261.75,292.0,0.0,0.0,0.0,Healthy,0.0,19107.75
SKU00391,538,250,71,0.125,0.0,SunriseFoods Mobile Accessories 500ml,Electronics & Accessories,1207.83,813.9,4304.0,0.0,0.0,0.0,Healthy,0.0,437878.2
SKU00394,70,51,15,0.0,0.0,FamilyChoice Namkeen 250g,Snacks & Confectionery,102.95,63.97,99.0,0.0,0.0,0.0,Healthy,0.0,4477.9
SKU00395,144,128,41,0.375,0.0,EliteHome Men's Wear Small,Apparel & Footwear,1103.12,856.32,384.0,0.0,0.0,0.0,Healthy,0.0,123310.08
SKU00397,355,160,60,0.125,0.0,PremiumSelect Laundry Pack of 12,Home Care,120.96,90.13,2840.0,0.0,0.0,0.0,Healthy,0.0,31996.149999999998
SKU00398,179,92,37,0.0,0.0,PremiumSelect Vitamins & Supplements Family Pack,Health & Wellness,522.36,398.45,99.0,0.0,0.0,0.0,Healthy,0.0,71322.55
SKU00401,8056,1832,608,0.375,0.0,CityFresh Kids Wear Large,Apparel & Footwear,1129.62,684.96,21482.666666666668,0.0,0.0,0.0,Healthy,0.0,5518037.760000001
SKU00402,7033,1676,568,0.0,0.0,TrueTaste Hair Care 500ml,Personal Care,723.68,452.9,99.0,0.0,0.0,0.0,Healthy,0.0,3185245.6999999997
SKU00403,371,259,96,0.125,0.0,SmartBuy Kids Wear 500ml,Apparel & Footwear,878.1,638.37,2968.0,0.0,0.0,0.0,Healthy,0.0,236835.27
SKU00404,131,92,45,0.0,0.0,EliteHome Bread 1kg,Dairy & Bakery,230.08,157.47,99.0,0.0,0.0,0.0,Healthy,0.0,20628.57
SKU00407,248,165,46,0.0,0.0,TrueTaste Mobile Accessories Pack of 6,Electronics & Accessories,2769.83,1602.52,99.0,0.0,0.0,0.0,Healthy,0.0,397424.96
SKU00408,246,147,40,0.0,0.0,HomeStyle Cookware 1kg,Home & Kitchen,1499.98,888.1,99.0,0.0,0.0,0.0,Healthy,0.0,218472.6
SKU00409,166,129,48,0.0,0.0,EliteHome Kids Wear 1L,Apparel & Footwear,1557.01,1104.63,99.0,0.0,0.0,0.0,Healthy,0.0,183368.58000000002
SKU00410,64,148,65,0.5,0.0,SparkleClean Cookware Pack of 12,Home & Kitchen,1081.09,763.62,128.0,0.0,0.0,0.0,Healthy,0.0,48871.68
SKU00411,502,280,82,0.25,0.0,TrueTaste Frozen Meat 250g,Frozen Foods,239.07,180.34,2008.0,0.0,0.0,0.0,Healthy,0.0,90530.68000000001
SKU00413,84,73,31,0.0,0.0,ZestyCo Air Fresheners 1kg,Home Care,173.64,104.52,99.0,0.0,0.0,0.0,Healthy,0.0,8779.68
SKU00414,81,53,12,0.0,0.0,ZestyCo Chips & Crisps 2kg,Snacks & Confectionery,47.09,26.72,99.0,0.0,0.0,0.0,Healthy,0.0,2164.3199999999997
SKU00415,227,145,42,0.125,0.0,CityFresh Cookware 500ml,Home & Kitchen,1769.39,1146.13,1816.0,0.0,0.0,0.0,Healthy,0.0,260171.51000000004
SKU00417,122,85,17,0.0,0.0,HomeStyle Biscuits & Cookies Large,Snacks & Confectionery,40.43,29.99,99.0,0.0,0.0,0.0,Healthy,0.0,3658.7799999999997
SKU00419,6280,1511,553,0.0,0.0,NatureBlend Vitamins & Supplements 1kg,Health & Wellness,509.64,391.43,99.0,0.0,0.0,0.0,Healthy,0.0,2458180.4
SKU00420,358,224,92,0.625,0.0,HomeStyle Frozen Vegetables 250ml,Frozen Foods,438.73,296.61,572.8,0.0,0.0,0.0,Healthy,0.0,106186.38
SKU00421,8278,1886,671,0.0,0.0,HealthFirst Office Supplies Medium,Stationery & Office,52.21,32.48,99.0,0.0,0.0,0.0,Healthy,0.0,268869.44
SKU00423,173,179,46,0.0,0.0,HomeStyle Cheese 500ml,Dairy & Bakery,109.08,65.87,99.0,0.0,0.0,0.0,Healthy,0.0,11395.51
SKU00424,93,117,39,0.5,0.0,HealthFirst Spices & Seasoning Pack of 12,Grocery,389.99,220.4,186.0,0.0,0.0,0.0,Healthy,0.0,20497.2
SKU00428,367,210,82,0.0,0.0,ZestyCo Ready Meals 2L,Frozen Foods,754.79,551.24,99.0,0.0,0.0,0.0,Healthy,0.0,202305.08000000002
SKU00430,90,137,45,0.0,0.0,NutriPlus Bottled Water 1kg,Beverages,146.59,83.33,99.0,0.0,0.0,0.0,Healthy,0.0,7499.7
SKU00431,52,53,12,0.0,0.0,TrueTaste Tea 250ml,Beverages,123.61,89.93,99.0,0.0,0.0,0.0,Healthy,0.0,4676.360000000001
SKU00434,114,54,16,0.125,0.0,EverydayPlus Rice & Grains 1L,Grocery,206.78,145.9,912.0,0.0,0.0,0.0,Healthy,0.0,16632.600000000002
SKU00436,77,128,38,0.0,0.0,PremiumSelect Office Supplies 500g,Stationery & Office,146.23,107.75,99.0,0.0,0.0,0.0,Healthy,0.0,8296.75
SKU00437,6973,1643,538,0.0,0.0,SoftTouch Mobile Accessories Medium,Electronics & Accessories,509.53,329.36,99.0,0.0,0.0,0.0,Healthy,0.0,2296627.2800000003
SKU00438,447,216,103,0.0,0.0,PureLife Energy Drinks 500ml,Beverages,90.72,54.73,99.0,0.0,0.0,0.0,Healthy,0.0,24464.309999999998
SKU00439,236,135,40,0.0,0.0,NatureBlend Home Decor Medium,Home & Kitchen,786.51,528.22,99.0,0.0,0.0,0.0,Healthy,0.0,124659.92000000001
SKU00441,191,77,37,0.375,0.0,CityFresh Men's Wear 500g,Apparel & Footwear,2730.45,1605.01,509.3333333333333,0.0,0.0,0.0,Healthy,0.0,306556.91
SKU00442,368,154,35,0.0,0.0,EliteHome Storage & Containers Small,Home & Kitchen,1105.86,738.46,99.0,0.0,0.0,0.0,Healthy,0.0,271753.28
SKU00444,124,69,29,0.0,0.0,CityFresh Writing Instruments 1kg,Stationery & Office,165.41,110.42,99.0,0.0,0.0,0.0,Healthy,0.0,13692.08
SKU00446,274,178,47,0.375,0.0,GoldenHarvest Women's Wear Large,Apparel & Footwear,2586.83,1928.61,730.6666666666666,0.0,0.0,0.0,Healthy,0.0,528439.14
SKU00448,257,94,33,0.0,0.0,GoldenHarvest Kids Wear 250ml,Apparel & Footwear,1318.48,945.4,99.0,0.0,0.0,0.0,Healthy,0.0,242967.8
SKU00449,7089,1529,590,0.125,0.0,PremiumSelect OTC Medicine 250g,Health & Wellness,1254.12,969.92,56712.0,0.0,0.0,0.0,Healthy,0.0,6875762.88
SKU00451,208,83,39,0.0,0.0,TrueTaste First Aid Family Pack,Health & Wellness,1079.22,785.25,99.0,0.0,0.0,0.0,Healthy,0.0,163332.0
SKU00452,272,155,57,0.0,0.0,ValueChoice Footwear 500g,Apparel & Footwear,957.94,711.36,99.0,0.0,0.0,0.0,Healthy,0.0,193489.92
SKU00453,98,104,26,0.25,0.0,DailyBest Mobile Accessories Pack of 6,Electronics & Accessories,382.55,289.29,392.0,0.0,0.0,0.0,Healthy,0.0,28350.420000000002
SKU00454,527,231,76,0.0,0.0,NutriPlus Bottled Water Medium,Beverages,79.58,58.73,99.0,0.0,0.0,0.0,Healthy,0.0,30950.71
SKU00455,60,36,17,0.0,0.0,TrueTaste Kids Wear Large,Apparel & Footwear,1343.21,1041.8,99.0,0.0,0.0,0.0,Healthy,0.0,62508.0
SKU00457,171,214,84,0.625,0.0,MetroBrand Butter & Ghee Pack of 12,Dairy & Bakery,265.45,209.27,273.6,0.0,0.0,0.0,Healthy,0.0,35785.17
SKU00460,125,100,20,0.0,0.0,NovaFresh Cookware 1kg,Home & Kitchen,1558.84,928.33,99.0,0.0,0.0,0.0,Healthy,0.0,116041.25
SKU00461,340,156,46,0.0,0.0,CleanWave Cookware Small,Home & Kitchen,695.12,479.33,99.0,0.0,0.0,0.0,Healthy,0.0,162972.19999999998
SKU00462,6636,1405,474,0.0,0.0,NutriPlus Dishwashing Pack of 12,Home Care,241.55,133.73,99.0,0.0,0.0,0.0,Healthy,0.0,887432.2799999999
SKU00464,95,35,10,0.0,0.0,CityFresh Hair Care Small,Personal Care,443.86,285.63,99.0,0.0,0.0,0.0,Healthy,0.0,27134.85
SKU00465,41,22,7,1.0,0.0,EliteHome Batteries Pack of 12,Electronics & Accessories,1563.0,1103.59,41.0,0.0,0.0,0.0,Healthy,0.0,45247.189999999995
SKU00466,6760,1467,539,0.0,0.0,FreshFarm OTC Medicine 250ml,Health & Wellness,1233.12,729.25,99.0,0.0,0.0,0.0,Healthy,0.0,4929730.0
SKU00467,63,28,12,0.0,0.0,NatureBlend Namkeen 2kg,Snacks & Confectionery,90.38,62.7,99.0,0.0,0.0,0.0,Healthy,0.0,3950.1000000000004
SKU00472,72,76,31,0.0,0.0,PrimeCare Laundry 250g,Home Care,342.83,274.04,99.0,0.0,0.0,0.0,Healthy,0.0,19730.88
SKU00474,102,123,50,0.0,0.0,GoldenHarvest Pest Control 2L,Home Care,102.76,66.11,99.0,0.0,0.0,0.0,Healthy,0.0,6743.22
SKU00475,48,23,8,0.0,0.0,CityFresh Vitamins & Supplements Pack of 12,Health & Wellness,685.08,381.79,99.0,0.0,0.0,0.0,Healthy,0.0,18325.920000000002
SKU00476,428,151,61,0.0,0.0,CleanWave Namkeen Pack of 12,Snacks & Confectionery,206.08,140.58,99.0,0.0,0.0,0.0,Healthy,0.0,60168.240000000005
SKU00477,217,81,25,0.5,0.0,FreshFarm Oral Care Pack of 6,Personal Care,131.43,100.71,434.0,0.0,0.0,0.0,Healthy,0.0,21854.07
SKU00479,57,22,5,0.0,0.0,PureLife Frozen Meat Medium,Frozen Foods,660.82,511.73,99.0,0.0,0.0,0.0,Healthy,0.0,29168.61
SKU00480,47,42,13,0.0,0.0,CleanWave Skin Care 2L,Personal Care,217.56,172.39,99.0,0.0,0.0,0.0,Healthy,0.0,8102.329999999999
SKU00481,0,37,11,0.0,0.0,UrbanBite Batteries 2L,Electronics & Accessories,1346.77,980.79,99.0,0.0,0.0,0.0,Healthy,0.0,0.0
SKU00485,174,69,21,0.5,0.0,DailyBest Namkeen 250ml,Snacks & Confectionery,50.23,30.15,348.0,0.0,0.0,0.0,Healthy,0.0,5246.099999999999
SKU00486,212,80,23,0.0,0.0,SmartBuy Batteries Pack of 6,Electronics & Accessories,2425.84,1371.44,99.0,0.0,0.0,0.0,Healthy,0.0,290745.28
SKU00487,199,156,49,0.375,0.0,PurePlus Biscuits & Cookies 250ml,Snacks & Confectionery,209.96,139.28,530.6666666666666,0.0,0.0,0.0,Healthy,0.0,27716.72
SKU00488,334,234,86,0.0,0.0,PrimeCare Butter & Ghee Family Pack,Dairy & Bakery,289.84,216.21,99.0,0.0,0.0,0.0,Healthy,0.0,72214.14
SKU00489,82,64,20,0.25,0.0,TrueTaste Men's Wear Pack of 12,Apparel & Footwear,1823.85,1005.06,328.0,0.0,0.0,0.0,Healthy,0.0,82414.92
SKU00490,369,229,81,0.25,0.0,ZestyCo Office Supplies 500ml,Stationery & Office,240.88,180.88,1476.0,0.0,0.0,0.0,Healthy,0.0,66744.72
SKU00491,393,269,58,0.625,0.0,SunriseFoods Small Appliances Pack of 12,Electronics & Accessories,801.0,625.84,628.8,0.0,0.0,0.0,Healthy,0.0,245955.12000000002
SKU00492,211,198,84,0.0,0.0,DailyBest Cookware Pack of 6,Home & Kitchen,1126.69,662.49,99.0,0.0,0.0,0.0,Healthy,0.0,139785.39
SKU00494,176,199,67,0.0,0.0,QuickBite Air Fresheners 2L,Home Care,320.97,215.0,99.0,0.0,0.0,0.0,Healthy,0.0,37840.0
SKU00495,59,24,7,0.125,0.0,PremiumSelect Kids Wear Large,Apparel & Footwear,1685.32,1292.86,472.0,0.0,0.0,0.0,Healthy,0.0,76278.73999999999
SKU00497,239,94,25,0.0,0.0,CleanWave Pest Control 500ml,Home Care,399.27,223.06,99.0,0.0,0.0,0.0,Healthy,0.0,53311.340000000004
SKU00498,8527,1806,589,0.0,0.0,PurePlus Ready Meals 1kg,Frozen Foods,564.17,405.25,99.0,0.0,0.0,0.0,Healthy,0.0,3455566.75
SKU00501,7109,1565,572,0.0,0.0,MetroBrand Pest Control Pack of 6,Home Care,399.18,284.76,99.0,0.0,0.0,0.0,Healthy,0.0,2024358.8399999999
SKU00502,8794,2063,723,0.0,0.0,UrbanBite OTC Medicine 1kg,Health & Wellness,898.08,604.85,99.0,0.0,0.0,0.0,Healthy,0.0,5319050.9
SKU00503,40,36,11,0.0,0.0,SmartBuy Chips & Crisps Large,Snacks & Confectionery,114.18,68.67,99.0,0.0,0.0,0.0,Healthy,0.0,2746.8
SKU00504,404,263,100,0.25,0.0,NutriPlus Women's Wear Small,Apparel & Footwear,1466.31,1136.94,1616.0,0.0,0.0,0.0,Healthy,0.0,459323.76
SKU00509,489,266,64,0.25,0.0,UrbanBite Flour & Atta 2L,Grocery,238.23,173.39,1956.0,0.0,0.0,0.0,Healthy,0.0,84787.70999999999
SKU00511,367,225,63,0.0,0.0,EliteHome Chips & Crisps 500g,Snacks & Confectionery,172.85,105.28,99.0,0.0,0.0,0.0,Healthy,0.0,38637.76
SKU00512,166,59,27,0.0,0.0,TrueTaste Mobile Accessories Family Pack,Electronics & Accessories,2201.13,1367.67,99.0,0.0,0.0,0.0,Healthy,0.0,227033.22
SKU00513,127,76,22,0.0,0.0,GoldenHarvest Sugar & Salt 500ml,Grocery,234.2,180.87,99.0,0.0,0.0,0.0,Healthy,0.0,22970.49
SKU00517,191,105,29,0.125,0.0,EverydayPlus Frozen Vegetables 500ml,Frozen Foods,465.51,370.27,1528.0,0.0,0.0,0.0,Healthy,0.0,70721.56999999999
SKU00519,387,148,40,0.0,0.0,PrimeCare Office Supplies 250ml,Stationery & Office,71.95,40.83,99.0,0.0,0.0,0.0,Healthy,0.0,15801.21
SKU00521,6344,1409,492,0.0,0.0,FreshFarm Writing Instruments 500ml,Stationery & Office,288.5,189.07,99.0,0.0,0.0,0.0,Healthy,0.0,1199460.0799999998
SKU00522,79,66,31,0.0,0.0,HealthFirst First Aid 250ml,Health & Wellness,140.65,88.13,99.0,0.0,0.0,0.0,Healthy,0.0,6962.2699999999995
SKU00523,605,319,89,0.0,0.0,ZestyCo OTC Medicine 1kg,Health & Wellness,370.6,252.0,99.0,0.0,0.0,0.0,Healthy,0.0,152460.0
SKU00525,157,81,25,0.0,0.0,SparkleClean First Aid 1kg,Health & Wellness,950.93,687.4,99.0,0.0,0.0,0.0,Healthy,0.0,107921.8
SKU00527,447,233,61,0.0,0.0,FreshFarm Ice Cream 250ml,Frozen Foods,763.4,560.46,99.0,0.0,0.0,0.0,Healthy,0.0,250525.62000000002
SKU00528,246,88,27,0.125,0.0,BasicNeeds Bottled Water Small,Beverages,210.21,143.68,1968.0,0.0,0.0,0.0,Healthy,0.0,35345.28
SKU00529,160,226,80,0.125,0.0,GoldenHarvest Ice Cream 2kg,Frozen Foods,604.91,449.07,1280.0,0.0,0.0,0.0,Healthy,0.0,71851.2
SKU00530,350,211,66,0.25,0.0,FreshFarm Notebooks 2kg,Stationery & Office,66.34,38.38,1400.0,0.0,0.0,0.0,Healthy,0.0,13433.0
SKU00532,6217,1355,472,0.0,0.0,CleanWave Coffee Large,Beverages,94.81,61.5,99.0,0.0,0.0,0.0,Healthy,0.0,382345.5
SKU00533,164,64,22,0.0,0.0,PureLife Writing Instruments 500ml,Stationery & Office,114.47,73.03,99.0,0.0,0.0,0.0,Healthy,0.0,11976.92
SKU00535,6972,1557,594,0.0,0.0,NutriPlus Chocolates Pack of 12,Snacks & Confectionery,189.1,130.34,99.0,0.0,0.0,0.0,Healthy,0.0,908730.48
SKU00537,45,63,31,0.0,0.0,SparkleClean Bath & Body 500ml,Personal Care,183.18,125.31,99.0,0.0,0.0,0.0,Healthy,0.0,5638.95
SKU00543,212,85,19,0.375,0.0,PureLife Office Supplies 250g,Stationery & Office,346.85,206.39,565.3333333333334,0.0,0.0,0.0,Healthy,0.0,43754.68
SKU00546,7461,1606,528,0.0,0.0,TrueTaste Milk 2kg,Dairy & Bakery,130.86,93.76,99.0,0.0,0.0,0.0,Healthy,0.0,699543.36
SKU00547,117,75,33,0.0,0.0,GreenValley Mobile Accessories 500ml,Electronics & Accessories,1170.39,933.67,99.0,0.0,0.0,0.0,Healthy,0.0,109239.39
SKU00550,8131,1779,593,0.0,0.0,CrispKing Bottled Water Pack of 12,Beverages,141.29,84.14,99.0,0.0,0.0,0.0,Healthy,0.0,684142.34
SKU00553,6073,1343,462,0.0,0.0,PrimeCare Biscuits & Cookies Pack of 12,Snacks & Confectionery,159.88,119.27,99.0,0.0,0.0,0.0,Healthy,0.0,724326.71
SKU00555,268,115,42,0.0,0.0,MetroBrand Juices 500g,Beverages,77.66,46.22,99.0,0.0,0.0,0.0,Healthy,0.0,12386.96
SKU00556,109,92,41,0.0,0.0,QuickBite Ready Meals 2L,Frozen Foods,883.8,500.05,99.0,0.0,0.0,0.0,Healthy,0.0,54505.450000000004
SKU00558,141,118,52,0.125,0.0,QuickBite Frozen Meat 1L,Frozen Foods,917.53,529.08,1128.0,0.0,0.0,0.0,Healthy,0.0,74600.28
SKU00559,143,126,54,0.0,0.0,HealthFirst Surface Cleaners 100g,Home Care,118.81,92.77,99.0,0.0,0.0,0.0,Healthy,0.0,13266.109999999999
SKU00560,76,96,35,0.0,0.0,SmartBuy Air Fresheners 1kg,Home Care,329.64,236.0,99.0,0.0,0.0,0.0,Healthy,0.0,17936.0
SKU00562,94,72,23,0.0,0.0,SmartBuy Ready Meals Small,Frozen Foods,483.35,315.25,99.0,0.0,0.0,0.0,Healthy,0.0,29633.5
SKU00563,175,93,43,0.0,0.0,NutriPlus Batteries 2kg,Electronics & Accessories,1115.59,760.18,99.0,0.0,0.0,0.0,Healthy,0.0,133031.5
SKU00565,294,103,36,0.0,0.0,ZestyCo Office Supplies 2kg,Stationery & Office,336.31,224.14,99.0,0.0,0.0,0.0,Healthy,0.0,65897.15999999999
SKU00566,121,140,46,0.0,0.0,PrimeCare Women's Wear 1kg,Apparel & Footwear,1220.47,851.5,99.0,0.0,0.0,0.0,Healthy,0.0,103031.5
SKU00567,22,62,17,0.0,0.0,QuickBite Frozen Vegetables Small,Frozen Foods,530.96,305.38,99.0,0.0,0.0,0.0,Healthy,0.0,6718.36
SKU00568,465,212,88,0.0,0.0,CleanWave Air Fresheners Medium,Home Care,194.42,154.62,99.0,0.0,0.0,0.0,Healthy,0.0,71898.3
SKU00570,318,119,47,0.0,0.0,BasicNeeds First Aid Small,Health & Wellness,768.86,474.28,99.0,0.0,0.0,0.0,Healthy,0.0,150821.03999999998
SKU00571,6773,1499,514,0.0,0.0,PrimeCare Energy Drinks Small,Beverages,256.2,180.34,99.0,0.0,0.0,0.0,Healthy,0.0,1221442.82
SKU00572,258,110,24,0.0,0.0,QuickBite Writing Instruments Pack of 6,Stationery & Office,299.2,201.78,99.0,0.0,0.0,0.0,Healthy,0.0,52059.24
SKU00573,83,39,12,0.625,0.0,NovaFresh Home Decor Large,Home & Kitchen,247.12,150.69,132.8,0.0,0.0,0.0,Healthy,0.0,12507.27
SKU00574,6397,1449,484,0.0,0.0,DailyBest Tea 100g,Beverages,120.48,95.99,99.0,0.0,0.0,0.0,Healthy,0.0,614048.0299999999
SKU00575,107,64,26,0.0,0.0,PremiumSelect Men's Wear Pack of 12,Apparel & Footwear,2920.7,1744.3,99.0,0.0,0.0,0.0,Healthy,0.0,186640.1
SKU00576,11,100,50,0.0,0.0,UrbanBite Juices 250g,Beverages,126.16,87.31,99.0,0.0,0.0,0.0,Healthy,0.0,960.4100000000001
SKU00577,198,92,27,0.25,0.0,HealthFirst Batteries Large,Electronics & Accessories,1637.0,947.78,792.0,0.0,0.0,0.0,Healthy,0.0,187660.44
SKU00578,130,94,42,0.25,0.0,SmartBuy Soft Drinks 1L,Beverages,114.92,64.82,520.0,0.0,0.0,0.0,Healthy,0.0,8426.599999999999
SKU00581,430,282,99,0.0,0.0,PrimeCare Small Appliances Small,Electronics & Accessories,1265.07,863.83,99.0,0.0,0.0,0.0,Healthy,0.0,371446.9
SKU00582,15,27,12,0.0,0.0,NatureBlend Laundry 500ml,Home Care,115.54,72.03,99.0,0.0,0.0,0.0,Healthy,0.0,1080.45
SKU00584,5819,1365,456,0.0,0.0,PrimeCare Women's Wear 100g,Apparel & Footwear,2331.51,1830.55,99.0,0.0,0.0,0.0,Healthy,0.0,10651970.45
SKU00585,8080,1775,657,0.0,0.0,SoftTouch Namkeen Large,Snacks & Confectionery,34.85,21.01,99.0,0.0,0.0,0.0,Healthy,0.0,169760.80000000002
SKU00588,76,89,41,0.5,0.0,BasicNeeds Men's Grooming 2L,Personal Care,189.7,108.94,152.0,0.0,0.0,0.0,Healthy,0.0,8279.44
SKU00589,7364,1594,583,0.0,0.0,NovaFresh Mobile Accessories Pack of 12,Electronics & Accessories,529.72,313.88,99.0,0.0,0.0,0.0,Healthy,0.0,2311412.32
SKU00590,198,117,26,0.0,0.0,ZestyCo Cookware Pack of 12,Home & Kitchen,412.67,238.56,99.0,0.0,0.0,0.0,Healthy,0.0,47234.88
SKU00591,228,174,56,0.125,0.0,EliteHome Footwear Medium,Apparel & Footwear,721.88,492.82,1824.0,0.0,0.0,0.0,Healthy,0.0,112362.95999999999
SKU00592,9087,2024,700,0.0,0.0,UrbanBite Kids Wear 100g,Apparel & Footwear,2203.73,1430.8,99.0,0.0,0.0,0.0,Healthy,0.0,13001679.6
SKU00593,62,94,27,0.5,0.0,SunriseFoods OTC Medicine Family Pack,Health & Wellness,760.94,570.95,124.0,0.0,0.0,0.0,Healthy,0.0,35398.9
SKU00594,36,98,22,0.125,0.0,CityFresh Butter & Ghee 100g,Dairy & Bakery,307.64,178.14,288.0,0.0,0.0,0.0,Healthy,0.0,6413.039999999999
SKU00597,190,230,66,0.0,0.0,EliteHome Frozen Meat Medium,Frozen Foods,655.29,398.22,99.0,0.0,0.0,0.0,Healthy,0.0,75661.8
SKU00598,6544,1531,480,0.0,0.0,EliteHome Cheese 250g,Dairy & Bakery,155.38,89.19,99.0,0.0,0.0,0.0,Healthy,0.0,583659.36
SKU00604,147,72,20,0.0,0.0,GoldenHarvest Notebooks Pack of 6,Stationery & Office,79.52,52.43,99.0,0.0,0.0,0.0,Healthy,0.0,7707.21
SKU00606,593,444,180,0.0,0.0,SparkleClean Surface Cleaners Small,Home Care,566.73,338.86,99.0,0.0,0.0,0.0,Healthy,0.0,200943.98
SKU00607,73,126,34,0.0,0.0,UrbanBite Mobile Accessories 100g,Electronics & Accessories,2740.58,1849.01,99.0,0.0,0.0,0.0,Healthy,0.0,134977.73
SKU00608,3196,713,265,0.0,0.0,CrispKing Oral Care Family Pack,Personal Care,613.29,397.46,99.0,0.0,0.0,0.0,Healthy,0.0,1270282.16
SKU00609,37,75,27,0.0,0.0,EliteHome Tea 1L,Beverages,136.86,109.13,99.0,0.0,0.0,0.0,Healthy,0.0,4037.81
SKU00610,178,93,28,0.0,0.0,BasicNeeds Mobile Accessories Family Pack,Electronics & Accessories,1954.6,1097.2,99.0,0.0,0.0,0.0,Healthy,0.0,195301.6
SKU00612,29,34,8,0.0,0.0,CrispKing Frozen Vegetables 2kg,Frozen Foods,842.03,636.69,99.0,0.0,0.0,0.0,Healthy,0.0,18464.010000000002
SKU00613,261,183,65,0.0,0.0,BasicNeeds Notebooks 500ml,Stationery & Office,37.48,23.11,99.0,0.0,0.0,0.0,Healthy,0.0,6031.71
SKU00614,257,166,50,0.0,0.0,PureLife Notebooks 100g,Stationery & Office,255.31,152.15,99.0,0.0,0.0,0.0,Healthy,0.0,39102.55
SKU00615,166,197,74,0.0,0.0,SmartBuy Hair Care 250g,Personal Care,620.84,477.19,99.0,0.0,0.0,0.0,Healthy,0.0,79213.54
SKU00616,78,53,17,0.0,0.0,HealthFirst Kids Wear 2kg,Apparel & Footwear,2580.43,1762.9,99.0,0.0,0.0,0.0,Healthy,0.0,137506.2
SKU00617,107,66,20,0.5,0.0,NatureBlend Vitamins & Supplements Small,Health & Wellness,1071.33,754.16,214.0,0.0,0.0,0.0,Healthy,0.0,80695.12
SKU00618,186,94,20,0.125,0.0,HomeStyle Dishwashing Pack of 12,Home Care,132.27,73.01,1488.0,0.0,0.0,0.0,Healthy,0.0,13579.86
SKU00619,411,177,52,0.0,0.0,FreshFarm Bottled Water 250g,Beverages,263.71,162.23,99.0,0.0,0.0,0.0,Healthy,0.0,66676.53
SKU00620,366,214,77,0.0,0.0,GoldenHarvest Oral Care 100g,Personal Care,273.51,168.15,99.0,0.0,0.0,0.0,Healthy,0.0,61542.9
SKU00621,257,310,111,0.0,0.0,PurePlus Vitamins & Supplements Pack of 6,Health & Wellness,1030.92,763.11,99.0,0.0,0.0,0.0,Healthy,0.0,196119.27
SKU00622,179,140,63,0.125,0.0,HealthFirst Notebooks 250ml,Stationery & Office,82.36,53.24,1432.0,0.0,0.0,0.0,Healthy,0.0,9529.960000000001
SKU00623,27,30,6,0.0,0.0,QuickBite Cooking Oil Small,Grocery,297.85,206.81,99.0,0.0,0.0,0.0,Healthy,0.0,5583.87
SKU00624,204,161,59,0.0,0.0,DailyBest Mobile Accessories 2kg,Electronics & Accessories,2367.38,1853.6,99.0,0.0,0.0,0.0,Healthy,0.0,378134.39999999997
SKU00625,197,217,72,0.0,0.0,HomeStyle Storage & Containers 250ml,Home & Kitchen,362.43,288.56,99.0,0.0,0.0,0.0,Healthy,0.0,56846.32
SKU00626,54,26,6,0.0,0.0,HomeStyle Office Supplies 1kg,Stationery & Office,261.08,151.9,99.0,0.0,0.0,0.0,Healthy,0.0,8202.6
SKU00631,7302,1732,608,0.0,0.0,CrispKing Cookware 250g,Home & Kitchen,1304.33,954.88,99.0,0.0,0.0,0.0,Healthy,0.0,6972533.76
SKU00634,208,85,26,0.0,0.0,SoftTouch Energy Drinks Large,Beverages,64.42,44.21,99.0,0.0,0.0,0.0,Healthy,0.0,9195.68
SKU00635,386,255,87,0.5,0.0,BasicNeeds Surface Cleaners 500ml,Home Care,153.34,107.29,772.0,0.0,0.0,0.0,Healthy,0.0,41413.94
SKU00637,132,88,39,0.0,0.0,NovaFresh Flour & Atta Pack of 12,Grocery,228.39,158.92,99.0,0.0,0.0,0.0,Healthy,0.0,20977.44
SKU00638,5795,1223,400,0.0,0.0,EverydayPlus Batteries 500g,Electronics & Accessories,995.83,649.64,99.0,0.0,0.0,0.0,Healthy,0.0,3764663.8
SKU00642,64,40,12,0.0,0.0,PrimeCare Laundry Pack of 6,Home Care,417.52,311.52,99.0,0.0,0.0,0.0,Healthy,0.0,19937.28
SKU00643,268,277,89,0.0,0.0,ZestyCo Batteries 500ml,Electronics & Accessories,490.78,344.46,99.0,0.0,0.0,0.0,Healthy,0.0,92315.28
SKU00645,8402,1803,663,0.0,0.0,FreshFarm Surface Cleaners 500g,Home Care,292.66,191.28,99.0,0.0,0.0,0.0,Healthy,0.0,1607134.56
SKU00646,307,159,58,0.75,0.0,ZestyCo Cheese 250g,Dairy & Bakery,232.5,159.1,409.3333333333333,0.0,0.0,0.0,Healthy,0.0,48843.7
SKU00647,107,66,17,0.0,0.0,SoftTouch Office Supplies Small,Stationery & Office,232.47,174.34,99.0,0.0,0.0,0.0,Healthy,0.0,18654.38
SKU00648,211,113,46,0.25,0.0,PureLife Air Fresheners Family Pack,Home Care,216.47,125.67,844.0,0.0,0.0,0.0,Healthy,0.0,26516.37
SKU00649,8091,1842,669,0.0,0.0,DailyBest Bread Medium,Dairy & Bakery,330.24,256.82,99.0,0.0,0.0,0.0,Healthy,0.0,2077930.6199999999
SKU00650,4384,990,383,0.0,0.0,PurePlus Surface Cleaners 2kg,Home Care,282.54,210.08,99.0,0.0,0.0,0.0,Healthy,0.0,920990.7200000001
SKU00651,69,41,16,0.0,0.0,MetroBrand Rice & Grains 250ml,Grocery,353.71,225.4,99.0,0.0,0.0,0.0,Healthy,0.0,15552.6
SKU00652,180,83,29,0.0,0.0,PureLife Butter & Ghee 250ml,Dairy & Bakery,107.32,59.3,99.0,0.0,0.0,0.0,Healthy,0.0,10674.0
SKU00653,40,25,6,0.125,0.0,GoldenHarvest Frozen Meat Pack of 12,Frozen Foods,820.27,472.73,320.0,0.0,0.0,0.0,Healthy,0.0,18909.2
SKU00654,7861,1835,627,0.0,0.0,CrispKing Office Supplies Pack of 6,Stationery & Office,72.62,42.56,99.0,0.0,0.0,0.0,Healthy,0.0,334564.16000000003
SKU00655,22,54,21,0.0,0.0,NutriPlus Mobile Accessories Small,Electronics & Accessories,1171.75,674.8,99.0,0.0,0.0,0.0,Healthy,0.0,14845.599999999999
SKU00660,3,34,11,0.0,0.0,ValueChoice Writing Instruments Family Pack,Stationery & Office,304.22,210.13,99.0,0.0,0.0,0.0,Healthy,0.0,630.39
SKU00662,6028,1429,483,0.0,0.0,SparkleClean Storage & Containers 500g,Home & Kitchen,366.53,282.32,99.0,0.0,0.0,0.0,Healthy,0.0,1701824.96
SKU00664,9,49,19,0.0,0.0,CleanWave Yogurt Pack of 6,Dairy & Bakery,186.94,135.28,99.0,0.0,0.0,0.0,Healthy,0.0,1217.52
SKU00665,49,39,18,0.0,0.0,UrbanBite Kids Wear Family Pack,Apparel & Footwear,1191.57,923.26,99.0,0.0,0.0,0.0,Healthy,0.0,45239.74
SKU00667,322,216,69,0.0,0.0,TrueTaste Cooking Oil 100g,Grocery,573.95,379.39,99.0,0.0,0.0,0.0,Healthy,0.0,122163.58
SKU00670,145,153,57,0.0,0.0,BasicNeeds Writing Instruments 250ml,Stationery & Office,108.81,66.86,99.0,0.0,0.0,0.0,Healthy,0.0,9694.7
SKU00673,179,191,67,0.0,0.0,GreenValley Energy Drinks 500g,Beverages,139.56,85.76,99.0,0.0,0.0,0.0,Healthy,0.0,15351.04
SKU00674,333,160,60,0.0,0.0,HealthFirst Vitamins & Supplements 500g,Health & Wellness,736.02,410.33,99.0,0.0,0.0,0.0,Healthy,0.0,136639.88999999998
SKU00676,69,25,6,0.0,0.0,ZestyCo Tea 500ml,Beverages,85.72,65.34,99.0,0.0,0.0,0.0,Healthy,0.0,4508.46
SKU00679,4734,1050,346,0.0,0.0,SparkleClean Cookware Large,Home & Kitchen,443.04,305.0,99.0,0.0,0.0,0.0,Healthy,0.0,1443870.0
SKU00680,264,270,87,0.5,0.0,SparkleClean Cooking Oil Large,Grocery,154.23,120.89,528.0,0.0,0.0,0.0,Healthy,0.0,31914.96
SKU00681,139,134,38,0.0,0.0,FreshFarm Biscuits & Cookies Small,Snacks & Confectionery,80.86,54.56,99.0,0.0,0.0,0.0,Healthy,0.0,7583.84
SKU00682,8021,1791,643,0.0,0.0,SunriseFoods Chips & Crisps Family Pack,Snacks & Confectionery,138.95,92.49,99.0,0.0,0.0,0.0,Healthy,0.0,741862.2899999999
SKU00684,392,237,85,0.0,0.0,NovaFresh Juices Large,Beverages,116.87,71.7,99.0,0.0,0.0,0.0,Healthy,0.0,28106.4
SKU00687,60,149,58,0.0,0.0,EverydayPlus Footwear Medium,Apparel & Footwear,1165.09,924.69,99.0,0.0,0.0,0.0,Healthy,0.0,55481.4
SKU00688,46,25,10,0.0,0.0,UrbanBite Chips & Crisps Large,Snacks & Confectionery,220.16,130.55,99.0,0.0,0.0,0.0,Healthy,0.0,6005.3
SKU00691,6861,1612,520,0.0,0.0,CityFresh Eggs 2L,Dairy & Bakery,368.73,222.67,99.0,0.0,0.0,0.0,Healthy,0.0,1527738.8699999999
SKU00693,188,122,43,0.0,0.0,CityFresh Storage & Containers Pack of 12,Home & Kitchen,1047.53,722.42,99.0,0.0,0.0,0.0,Healthy,0.0,135814.96
SKU00697,260,160,71,0.0,0.0,NovaFresh Soft Drinks Family Pack,Beverages,178.49,107.49,99.0,0.0,0.0,0.0,Healthy,0.0,27947.399999999998
SKU00698,182,186,46,0.0,0.0,NovaFresh Spices & Seasoning 2L,Grocery,231.37,150.07,99.0,0.0,0.0,0.0,Healthy,0.0,27312.739999999998
SKU00699,7691,1709,605,0.0,0.0,SmartBuy Kids Wear 250g,Apparel & Footwear,562.89,349.89,99.0,0.0,0.0,0.0,Healthy,0.0,2691003.9899999998
SKU00700,18,68,23,0.125,0.0,SmartBuy Vitamins & Supplements Medium,Health & Wellness,811.54,575.7,144.0,0.0,0.0,0.0,Healthy,0.0,10362.6
SKU00701,179,63,17,0.375,0.0,GreenValley Notebooks 250g,Stationery & Office,39.24,29.59,477.3333333333333,0.0,0.0,0.0,Healthy,0.0,5296.61
SKU00702,324,174,52,0.0,0.0,QuickBite Kids Wear 500g,Apparel & Footwear,1621.05,997.99,99.0,0.0,0.0,0.0,Healthy,0.0,323348.76
SKU00703,259,94,45,0.0,0.0,SmartBuy Notebooks 2kg,Stationery & Office,154.86,109.23,99.0,0.0,0.0,0.0,Healthy,0.0,28290.57
SKU00704,226,256,83,0.0,0.0,NatureBlend Namkeen 500g,Snacks & Confectionery,141.05,102.56,99.0,0.0,0.0,0.0,Healthy,0.0,23178.56
SKU00706,7183,1629,546,0.0,0.0,BasicNeeds Storage & Containers 500ml,Home & Kitchen,997.3,670.07,99.0,0.0,0.0,0.0,Healthy,0.0,4813112.8100000005
SKU00707,63,63,20,0.0,0.0,QuickBite Chocolates 1kg,Snacks & Confectionery,56.56,36.18,99.0,0.0,0.0,0.0,Healthy,0.0,2279.34
SKU00708,144,85,34,0.0,0.0,SmartBuy Cooking Oil 100g,Grocery,110.74,71.23,99.0,0.0,0.0,0.0,Healthy,0.0,10257.12
SKU00711,213,143,48,0.0,0.0,NovaFresh Writing Instruments Small,Stationery & Office,107.95,72.55,99.0,0.0,0.0,0.0,Healthy,0.0,15453.15
SKU00712,477,289,90,0.0,0.0,CleanWave Writing Instruments 2kg,Stationery & Office,248.58,183.47,99.0,0.0,0.0,0.0,Healthy,0.0,87515.19
SKU00713,389,271,82,0.0,0.0,NovaFresh Tea 250g,Beverages,158.65,102.9,99.0,0.0,0.0,0.0,Healthy,0.0,40028.100000000006
SKU00715,337,175,62,0.0,0.0,BasicNeeds Home Decor Small,Home & Kitchen,1566.97,947.23,99.0,0.0,0.0,0.0,Healthy,0.0,319216.51
SKU00716,51,40,20,0.0,0.0,QuickBite Batteries 250g,Electronics & Accessories,1636.45,1083.95,99.0,0.0,0.0,0.0,Healthy,0.0,55281.450000000004
SKU00717,490,354,145,0.0,0.0,ZestyCo Kids Wear Small,Apparel & Footwear,2112.64,1479.74,99.0,0.0,0.0,0.0,Healthy,0.0,725072.6
SKU00719,371,250,112,0.0,0.0,SoftTouch Pest Control 1kg,Home Care,238.41,187.57,99.0,0.0,0.0,0.0,Healthy,0.0,69588.47
SKU00720,95,41,9,0.0,0.0,SparkleClean Spices & Seasoning Pack of 6,Grocery,334.44,211.06,99.0,0.0,0.0,0.0,Healthy,0.0,20050.7
SKU00722,108,66,16,0.125,0.0,DailyBest Chocolates 2kg,Snacks & Confectionery,70.93,49.57,864.0,0.0,0.0,0.0,Healthy,0.0,5353.56
SKU00723,124,92,25,0.0,0.0,MetroBrand Coffee 500g,Beverages,220.06,153.84,99.0,0.0,0.0,0.0,Healthy,0.0,19076.16
SKU00727,209,110,45,0.625,0.0,PurePlus Ready Meals 100g,Frozen Foods,584.82,433.38,334.4,0.0,0.0,0.0,Healthy,0.0,90576.42
SKU00732,6454,1393,478,0.0,0.0,GreenValley Home Decor 500g,Home & Kitchen,819.74,602.14,99.0,0.0,0.0,0.0,Healthy,0.0,3886211.56
SKU00734,7013,1480,497,0.0,0.0,BasicNeeds Juices 250ml,Beverages,55.41,34.7,99.0,0.0,0.0,0.0,Healthy,0.0,243351.1
SKU00735,160,127,51,0.0,0.0,UrbanBite Men's Wear 250g,Apparel & Footwear,2570.53,1870.35,99.0,0.0,0.0,0.0,Healthy,0.0,299256.0
SKU00736,106,146,59,0.0,0.0,BasicNeeds Small Appliances Pack of 12,Electronics & Accessories,1866.25,1454.58,99.0,0.0,0.0,0.0,Healthy,0.0,154185.47999999998
SKU00737,4,27,6,0.125,0.0,NovaFresh Sugar & Salt 1kg,Grocery,436.92,293.89,32.0,0.0,0.0,0.0,Healthy,0.0,1175.56
SKU00738,60,78,30,0.0,0.0,TrueTaste Chips & Crisps 1L,Snacks & Confectionery,109.27,84.12,99.0,0.0,0.0,0.0,Healthy,0.0,5047.200000000001
SKU00739,144,94,46,0.0,0.0,FreshFarm Flour & Atta 1L,Grocery,332.0,214.32,99.0,0.0,0.0,0.0,Healthy,0.0,30862.079999999998
SKU00740,4982,1113,364,0.0,0.0,NatureBlend Cheese 2L,Dairy & Bakery,152.31,98.82,99.0,0.0,0.0,0.0,Healthy,0.0,492321.24
SKU00741,23,20,9,0.0,0.0,SunriseFoods Coffee 500g,Beverages,114.04,82.28,99.0,0.0,0.0,0.0,Healthy,0.0,1892.44
SKU00742,551,377,111,0.0,0.0,FreshFarm Batteries 1kg,Electronics & Accessories,2557.02,1438.67,99.0,0.0,0.0,0.0,Healthy,0.0,792707.17
SKU00745,99,37,13,0.0,0.0,PrimeCare Batteries 100g,Electronics & Accessories,3612.82,2205.7,99.0,0.0,0.0,0.0,Healthy,0.0,218364.3
SKU00746,37,20,7,0.125,0.0,CleanWave OTC Medicine 500ml,Health & Wellness,1030.75,612.03,296.0,0.0,0.0,0.0,Healthy,0.0,22645.11
SKU00748,54,22,7,0.125,0.0,ValueChoice Sugar & Salt 2kg,Grocery,438.67,265.93,432.0,0.0,0.0,0.0,Healthy,0.0,14360.220000000001
SKU00749,8237,1803,615,0.0,0.0,QuickBite Flour & Atta 500ml,Grocery,148.59,91.03,99.0,0.0,0.0,0.0,Healthy,0.0,749814.11
SKU00751,484,219,61,0.25,0.0,PurePlus Sugar & Salt Family Pack,Grocery,91.09,71.47,1936.0,0.0,0.0,0.0,Healthy,0.0,34591.479999999996
SKU00755,138,66,29,0.0,0.0,MetroBrand Laundry 2kg,Home Care,120.36,72.0,99.0,0.0,0.0,0.0,Healthy,0.0,9936.0
SKU00758,6798,1514,502,0.0,0.0,HomeStyle Candy 100g,Snacks & Confectionery,109.39,82.31,99.0,0.0,0.0,0.0,Healthy,0.0,559543.38
SKU00759,234,125,50,0.0,0.0,NatureBlend Bath & Body Pack of 6,Personal Care,481.66,307.96,99.0,0.0,0.0,0.0,Healthy,0.0,72062.64
SKU00760,203,118,49,0.0,0.0,SmartBuy Tea Medium,Beverages,54.33,37.72,99.0,0.0,0.0,0.0,Healthy,0.0,7657.16
SKU00761,300,164,57,0.0,0.0,NutriPlus Men's Wear Medium,Apparel & Footwear,530.05,358.08,99.0,0.0,0.0,0.0,Healthy,0.0,107424.0
SKU00762,290,117,26,0.0,0.0,MetroBrand Biscuits & Cookies Pack of 12,Snacks & Confectionery,169.42,101.88,99.0,0.0,0.0,0.0,Healthy,0.0,29545.199999999997
SKU00763,202,125,51,0.0,0.0,HomeStyle Bath & Body 250ml,Personal Care,371.03,280.57,99.0,0.0,0.0,0.0,Healthy,0.0,56675.14
SKU00765,507,248,87,0.0,0.0,NovaFresh First Aid 500ml,Health & Wellness,877.06,584.76,99.0,0.0,0.0,0.0,Healthy,0.0,296473.32
SKU00766,61,66,23,0.0,0.0,QuickBite Laundry 1kg,Home Care,295.07,172.1,99.0,0.0,0.0,0.0,Healthy,0.0,10498.1
SKU00767,4371,1035,360,0.0,0.0,PrimeCare Frozen Meat 500ml,Frozen Foods,296.5,210.39,99.0,0.0,0.0,0.0,Healthy,0.0,919614.69
SKU00769,89,130,43,0.0,0.0,UrbanBite Eggs 2kg,Dairy & Bakery,241.93,157.88,99.0,0.0,0.0,0.0,Healthy,0.0,14051.32
SKU00772,378,327,112,0.0,0.0,PureLife Ready Meals 500g,Frozen Foods,289.73,222.59,99.0,0.0,0.0,0.0,Healthy,0.0,84139.02
SKU00773,208,201,71,0.125,0.0,NutriPlus Air Fresheners 2kg,Home Care,139.16,101.63,1664.0,0.0,0.0,0.0,Healthy,0.0,21139.04
SKU00775,7225,1593,556,0.0,0.0,PurePlus Candy 2kg,Snacks & Confectionery,52.62,38.68,99.0,0.0,0.0,0.0,Healthy,0.0,279463.0
SKU00776,284,150,63,0.375,0.0,GreenValley Notebooks Pack of 12,Stationery & Office,94.31,63.54,757.3333333333334,0.0,0.0,0.0,Healthy,0.0,18045.36
SKU00777,92,93,31,0.0,0.0,TrueTaste Ice Cream Large,Frozen Foods,392.29,256.31,99.0,0.0,0.0,0.0,Healthy,0.0,23580.52
SKU00778,635,283,85,0.125,0.0,TrueTaste Bread Pack of 12,Dairy & Bakery,296.04,224.21,5080.0,0.0,0.0,0.0,Healthy,0.0,142373.35
SKU00779,50,49,21,0.0,0.0,FreshFarm Laundry 1L,Home Care,664.45,505.04,99.0,0.0,0.0,0.0,Healthy,0.0,25252.0
SKU00780,137,107,31,0.5,0.0,PurePlus Frozen Meat 500g,Frozen Foods,575.16,401.02,274.0,0.0,0.0,0.0,Healthy,0.0,54939.74
SKU00781,97,40,16,0.0,0.0,ZestyCo Ready Meals 500g,Frozen Foods,459.08,333.08,99.0,0.0,0.0,0.0,Healthy,0.0,32308.76
SKU00783,442,241,79,0.125,0.0,UrbanBite Butter & Ghee Pack of 12,Dairy & Bakery,196.79,118.98,3536.0,0.0,0.0,0.0,Healthy,0.0,52589.16
SKU00784,335,251,84,0.0,0.0,HealthFirst Vitamins & Supplements 1L,Health & Wellness,397.04,223.33,99.0,0.0,0.0,0.0,Healthy,0.0,74815.55
SKU00785,321,245,93,0.0,0.0,EverydayPlus Pest Control 2L,Home Care,269.35,192.16,99.0,0.0,0.0,0.0,Healthy,0.0,61683.36
SKU00786,115,126,42,0.0,0.0,UrbanBite Notebooks Medium,Stationery & Office,392.95,281.86,99.0,0.0,0.0,0.0,Healthy,0.0,32413.9
SKU00788,4093,1043,359,0.0,0.0,MetroBrand Tea 250g,Beverages,88.38,61.04,99.0,0.0,0.0,0.0,Healthy,0.0,249836.72
SKU00789,117,75,34,0.0,0.0,PureLife Pest Control 250ml,Home Care,361.91,230.03,99.0,0.0,0.0,0.0,Healthy,0.0,26913.51
SKU00791,277,165,47,0.0,0.0,SoftTouch Mobile Accessories 250ml,Electronics & Accessories,565.04,320.05,99.0,0.0,0.0,0.0,Healthy,0.0,88653.85
SKU00792,109,262,76,0.5,0.0,NutriPlus Oral Care Pack of 6,Personal Care,665.85,390.86,218.0,0.0,0.0,0.0,Healthy,0.0,42603.74
SKU00793,95,97,34,0.0,0.0,QuickBite Cookware 1kg,Home & Kitchen,1050.17,742.55,99.0,0.0,0.0,0.0,Healthy,0.0,70542.25
SKU00794,95,136,53,0.0,0.0,PurePlus Air Fresheners 500g,Home Care,120.35,89.3,99.0,0.0,0.0,0.0,Healthy,0.0,8483.5
SKU00796,12,180,53,0.0,0.0,NatureBlend Soft Drinks 1L,Beverages,103.4,59.04,99.0,0.0,0.0,0.0,Healthy,0.0,708.48
SKU00797,85,44,16,0.75,0.0,HealthFirst Notebooks Pack of 12,Stationery & Office,118.14,89.02,113.33333333333333,0.0,0.0,0.0,Healthy,0.0,7566.7
SKU00798,198,112,36,0.0,0.0,CrispKing Energy Drinks 100g,Beverages,138.98,97.2,99.0,0.0,0.0,0.0,Healthy,0.0,19245.600000000002
SKU00800,311,254,106,0.125,0.0,PureLife Bread Small,Dairy & Bakery,207.83,152.02,2488.0,0.0,0.0,0.0,Healthy,0.0,47278.22
SKU00801,189,117,47,0.0,0.0,PurePlus Bottled Water Pack of 12,Beverages,83.92,66.91,99.0,0.0,0.0,0.0,Healthy,0.0,12645.99
SKU00802,39,33,7,0.0,0.0,GreenValley Eggs Large,Dairy & Bakery,196.6,126.78,99.0,0.0,0.0,0.0,Healthy,0.0,4944.42
SKU00803,195,108,50,0.0,0.0,SmartBuy Vitamins & Supplements Medium,Health & Wellness,1383.89,978.22,99.0,0.0,0.0,0.0,Healthy,0.0,190752.9
SKU00806,462,216,57,0.0,0.0,EverydayPlus OTC Medicine Family Pack,Health & Wellness,186.07,109.28,99.0,0.0,0.0,0.0,Healthy,0.0,50487.36
SKU00807,44,58,18,0.0,0.0,MetroBrand Hair Care 500ml,Personal Care,426.13,237.8,99.0,0.0,0.0,0.0,Healthy,0.0,10463.2
SKU00809,118,181,68,0.0,0.0,QuickBite Writing Instruments 250ml,Stationery & Office,54.18,31.78,99.0,0.0,0.0,0.0,Healthy,0.0,3750.04
SKU00810,284,179,70,0.0,0.0,CityFresh Men's Grooming 500ml,Personal Care,218.62,157.2,99.0,0.0,0.0,0.0,Healthy,0.0,44644.799999999996
SKU00811,519,229,74,0.25,0.0,TrueTaste Juices Pack of 12,Beverages,112.67,86.46,2076.0,0.0,0.0,0.0,Healthy,0.0,44872.74
SKU00813,254,132,31,0.0,0.0,DailyBest Home Decor 500g,Home & Kitchen,1860.66,1162.43,99.0,0.0,0.0,0.0,Healthy,0.0,295257.22000000003
SKU00815,102,38,14,0.25,0.0,SoftTouch Office Supplies 500ml,Stationery & Office,43.87,28.99,408.0,0.0,0.0,0.0,Healthy,0.0,2956.98
SKU00816,2,99,49,0.5,2.101318359375,CleanWave Vitamins & Supplements Large,Health & Wellness,169.52,100.92,4.0,0.0,0.0,0.0,Healthy,0.0,0.0
SKU00818,324,206,58,0.0,0.0,CleanWave Bread Family Pack,Dairy & Bakery,363.79,251.82,99.0,0.0,0.0,0.0,Healthy,0.0,81589.68
SKU00819,765,376,136,0.0,0.0,NovaFresh Notebooks Pack of 6,Stationery & Office,187.97,133.66,99.0,0.0,0.0,0.0,Healthy,0.0,102249.9
SKU00821,6430,1530,551,0.0,0.0,GoldenHarvest Eggs Small,Dairy & Bakery,206.41,125.25,99.0,0.0,0.0,0.0,Healthy,0.0,805357.5
SKU00822,314,129,45,0.0,0.0,SmartBuy Dishwashing 1kg,Home Care,344.04,263.7,99.0,0.0,0.0,0.0,Healthy,0.0,82801.8
SKU00824,165,209,76,0.0,0.0,FamilyChoice Laundry Family Pack,Home Care,391.75,278.38,99.0,0.0,0.0,0.0,Healthy,0.0,45932.7
SKU00825,33,69,18,0.0,0.0,BasicNeeds Energy Drinks Pack of 6,Beverages,79.31,54.66,99.0,0.0,0.0,0.0,Healthy,0.0,1803.78
SKU00828,285,151,54,0.0,0.0,PrimeCare Frozen Vegetables Pack of 6,Frozen Foods,552.83,428.03,99.0,0.0,0.0,0.0,Healthy,0.0,121988.54999999999
SKU00832,0,1074,411,0.0,0.0,ZestyCo Small Appliances 2L,Electronics & Accessories,946.53,687.6,99.0,0.0,0.0,0.0,Healthy,0.0,0.0
SKU00833,125,68,23,0.125,0.0,SmartBuy Ready Meals Medium,Frozen Foods,325.22,240.13,1000.0,0.0,0.0,0.0,Healthy,0.0,30016.25
SKU00834,496,233,76,0.375,0.0,QuickBite OTC Medicine Family Pack,Health & Wellness,754.91,555.06,1322.6666666666667,0.0,0.0,0.0,Healthy,0.0,275309.75999999995
SKU00835,333,316,107,0.375,0.0,FamilyChoice Vitamins & Supplements 2kg,Health & Wellness,837.84,550.61,888.0,0.0,0.0,0.0,Healthy,0.0,183353.13
SKU00837,8483,2046,722,0.0,0.0,PremiumSelect OTC Medicine 250ml,Health & Wellness,141.0,98.63,99.0,0.0,0.0,0.0,Healthy,0.0,836678.2899999999
SKU00838,23,49,12,0.0,0.0,ZestyCo Bread Medium,Dairy & Bakery,300.1,219.1,99.0,0.0,0.0,0.0,Healthy,0.0,5039.3
SKU00839,9,41,11,0.0,0.0,EverydayPlus Candy 1L,Snacks & Confectionery,83.64,56.44,99.0,0.0,0.0,0.0,Healthy,0.0,507.96
SKU00840,765,472,172,0.5,0.0,PremiumSelect Kids Wear 100g,Apparel & Footwear,2808.27,1900.7,1530.0,0.0,0.0,0.0,Healthy,0.0,1454035.5
SKU00841,136,105,45,0.125,0.0,CleanWave Skin Care 250g,Personal Care,604.4,435.83,1088.0,0.0,0.0,0.0,Healthy,0.0,59272.88
SKU00842,190,140,59,0.0,0.0,GoldenHarvest Frozen Meat 250ml,Frozen Foods,219.97,130.34,99.0,0.0,0.0,0.0,Healthy,0.0,24764.600000000002
SKU00843,93,101,47,0.0,0.0,SmartBuy Candy 250ml,Snacks & Confectionery,121.04,86.32,99.0,0.0,0.0,0.0,Healthy,0.0,8027.759999999999
SKU00846,209,149,55,0.125,0.0,ZestyCo Vitamins & Supplements 1L,Health & Wellness,685.87,443.91,1672.0,0.0,0.0,0.0,Healthy,0.0,92777.19
SKU00848,261,211,71,0.0,0.0,NovaFresh Men's Grooming 1kg,Personal Care,704.92,403.29,99.0,0.0,0.0,0.0,Healthy,0.0,105258.69
SKU00849,60,146,43,0.0,0.0,ValueChoice Office Supplies Pack of 6,Stationery & Office,106.11,70.58,99.0,0.0,0.0,0.0,Healthy,0.0,4234.8
SKU00850,241,131,45,0.0,0.0,GoldenHarvest Frozen Vegetables Family Pack,Frozen Foods,840.4,497.35,99.0,0.0,0.0,0.0,Healthy,0.0,119861.35
SKU00852,235,147,52,0.0,0.0,HomeStyle Small Appliances 2L,Electronics & Accessories,872.61,507.26,99.0,0.0,0.0,0.0,Healthy,0.0,119206.09999999999
SKU00853,306,220,99,0.125,0.0,QuickBite Ice Cream 100g,Frozen Foods,798.7,536.17,2448.0,0.0,0.0,0.0,Healthy,0.0,164068.02
SKU00854,382,181,62,0.0,0.0,MetroBrand Storage & Containers Large,Home & Kitchen,1449.64,835.45,99.0,0.0,0.0,0.0,Healthy,0.0,319141.9
SKU00855,6862,1598,545,0.25,0.0,NutriPlus Bottled Water Family Pack,Beverages,141.42,105.98,27448.0,0.0,0.0,0.0,Healthy,0.0,727234.76
SKU00856,214,135,58,0.125,0.0,GreenValley Notebooks 2kg,Stationery & Office,127.62,79.19,1712.0,0.0,0.0,0.0,Healthy,0.0,16946.66
SKU00857,76,134,52,0.25,0.0,EverydayPlus Cookware 500ml,Home & Kitchen,449.3,313.84,304.0,0.0,0.0,0.0,Healthy,0.0,23851.839999999997
SKU00858,7832,1692,568,0.0,0.0,NutriPlus Ice Cream 100g,Frozen Foods,702.78,416.42,99.0,0.0,0.0,0.0,Healthy,0.0,3261401.44
SKU00859,110,52,13,0.0,0.0,CleanWave Mobile Accessories Medium,Electronics & Accessories,2293.14,1462.8,99.0,0.0,0.0,0.0,Healthy,0.0,160908.0
SKU00860,5359,1205,392,0.0,0.0,FamilyChoice Frozen Vegetables Small,Frozen Foods,680.17,393.43,99.0,0.0,0.0,0.0,Healthy,0.0,2108391.37
SKU00861,24,125,53,0.625,0.0,MetroBrand Butter & Ghee 100g,Dairy & Bakery,194.86,134.01,38.4,0.0,0.0,0.0,Healthy,0.0,3216.24
SKU00863,78,148,68,0.0,0.0,NovaFresh Namkeen 500ml,Snacks & Confectionery,183.57,146.54,99.0,0.0,0.0,0.0,Healthy,0.0,11430.119999999999
SKU00864,339,183,72,0.0,0.0,HomeStyle Bread 2L,Dairy & Bakery,223.39,146.11,99.0,0.0,0.0,0.0,Healthy,0.0,49531.29000000001
SKU00865,221,97,27,0.125,0.0,SunriseFoods Ice Cream 1kg,Frozen Foods,357.37,252.79,1768.0,0.0,0.0,0.0,Healthy,0.0,55866.59
SKU00866,487,223,61,0.0,0.0,PrimeCare Cookware Medium,Home & Kitchen,1323.47,822.8,99.0,0.0,0.0,0.0,Healthy,0.0,400703.6
SKU00867,49,81,30,0.0,0.0,FamilyChoice Hair Care 500ml,Personal Care,192.87,118.29,99.0,0.0,0.0,0.0,Healthy,0.0,5796.21
SKU00868,287,97,39,0.25,0.0,HealthFirst Laundry Medium,Home Care,139.73,106.41,1148.0,0.0,0.0,0.0,Healthy,0.0,30539.67
SKU00869,367,168,61,0.125,0.0,UrbanBite Spices & Seasoning 500g,Grocery,202.64,149.86,2936.0,0.0,0.0,0.0,Healthy,0.0,54998.62
SKU00870,519,348,142,0.0,0.0,EliteHome Coffee 2L,Beverages,272.85,193.95,99.0,0.0,0.0,0.0,Healthy,0.0,100660.04999999999
SKU00872,223,223,86,0.5,0.0,GreenValley Pulses & Lentils Family Pack,Grocery,215.12,127.74,446.0,0.0,0.0,0.0,Healthy,0.0,28486.02
SKU00873,428,197,62,0.25,0.0,QuickBite Cookware 2L,Home & Kitchen,1732.6,1357.53,1712.0,0.0,0.0,0.0,Healthy,0.0,581022.84
SKU00875,297,154,34,0.0,0.0,DailyBest Women's Wear 250g,Apparel & Footwear,1556.21,1193.89,99.0,0.0,0.0,0.0,Healthy,0.0,354585.33
SKU00876,105,41,18,0.0,0.0,SunriseFoods Spices & Seasoning Pack of 12,Grocery,92.51,67.9,99.0,0.0,0.0,0.0,Healthy,0.0,7129.500000000001
SKU00878,122,289,117,0.0,0.0,ZestyCo Eggs 250ml,Dairy & Bakery,92.39,63.96,99.0,0.0,0.0,0.0,Healthy,0.0,7803.12
SKU00879,105,100,32,0.0,0.0,CleanWave Ice Cream 1kg,Frozen Foods,655.37,518.83,99.0,0.0,0.0,0.0,Healthy,0.0,54477.15
SKU00880,138,161,50,0.0,0.0,GreenValley Hair Care 100g,Personal Care,550.09,307.65,99.0,0.0,0.0,0.0,Healthy,0.0,42455.7
SKU00881,286,173,54,0.0,0.0,CrispKing Pest Control 2L,Home Care,398.92,261.94,99.0,0.0,0.0,0.0,Healthy,0.0,74914.84
SKU00882,214,122,31,0.0,0.0,CityFresh Namkeen 1kg,Snacks & Confectionery,72.68,51.25,99.0,0.0,0.0,0.0,Healthy,0.0,10967.5
SKU00884,124,191,67,0.125,0.0,HomeStyle Yogurt Small,Dairy & Bakery,202.79,127.65,992.0,0.0,0.0,0.0,Healthy,0.0,15828.6
SKU00885,138,47,16,0.0,0.0,SunriseFoods Pulses & Lentils 500g,Grocery,188.68,139.09,99.0,0.0,0.0,0.0,Healthy,0.0,19194.420000000002
SKU00887,184,113,48,0.0,0.0,EverydayPlus Storage & Containers 2kg,Home & Kitchen,470.11,321.75,99.0,0.0,0.0,0.0,Healthy,0.0,59202.0
SKU00890,7185,1618,563,0.25,0.0,EliteHome Men's Wear Pack of 6,Apparel & Footwear,539.8,327.59,28740.0,0.0,0.0,0.0,Healthy,0.0,2353734.15
SKU00894,5444,1275,465,0.0,0.0,GoldenHarvest Bath & Body 1kg,Personal Care,353.19,211.96,99.0,0.0,0.0,0.0,Healthy,0.0,1153910.24
SKU00895,355,238,77,0.0,0.0,CrispKing Batteries 2kg,Electronics & Accessories,2043.22,1352.89,99.0,0.0,0.0,0.0,Healthy,0.0,480275.95
SKU00898,284,136,44,0.0,0.0,PureLife First Aid 500ml,Health & Wellness,964.85,682.46,99.0,0.0,0.0,0.0,Healthy,0.0,193818.64
SKU00899,289,103,23,0.0,0.0,PurePlus Mobile Accessories 500ml,Electronics & Accessories,2040.92,1431.72,99.0,0.0,0.0,0.0,Healthy,0.0,413767.08
SKU00900,524,251,83,0.0,0.0,FreshFarm Juices 1kg,Beverages,85.01,67.72,99.0,0.0,0.0,0.0,Healthy,0.0,35485.28
SKU00901,153,86,34,0.0,0.0,PremiumSelect Frozen Meat Small,Frozen Foods,653.7,476.21,99.0,0.0,0.0,0.0,Healthy,0.0,72860.12999999999
SKU00905,144,119,27,0.0,0.0,UrbanBite Sugar & Salt Large,Grocery,247.57,142.05,99.0,0.0,0.0,0.0,Healthy,0.0,20455.2
SKU00906,6529,1440,510,0.0,0.0,HomeStyle Office Supplies Pack of 12,Stationery & Office,101.64,69.35,99.0,0.0,0.0,0.0,Healthy,0.0,452786.14999999997
SKU00909,269,175,63,0.5,0.0,FamilyChoice Air Fresheners Medium,Home Care,403.57,278.89,538.0,0.0,0.0,0.0,Healthy,0.0,75021.41
SKU00911,242,132,51,0.0,0.0,SparkleClean Women's Wear 100g,Apparel & Footwear,1548.8,1077.09,99.0,0.0,0.0,0.0,Healthy,0.0,260655.77999999997
SKU00912,164,146,50,0.0,0.0,CleanWave Small Appliances 2L,Electronics & Accessories,1248.26,941.62,99.0,0.0,0.0,0.0,Healthy,0.0,154425.68
SKU00914,177,111,38,0.0,0.0,PremiumSelect Mobile Accessories 250ml,Electronics & Accessories,3426.97,2698.59,99.0,0.0,0.0,0.0,Healthy,0.0,477650.43000000005
SKU00916,510,292,113,0.0,0.0,MetroBrand Hair Care 2L,Personal Care,268.02,201.3,99.0,0.0,0.0,0.0,Healthy,0.0,102663.0
SKU00918,150,88,19,0.25,0.0,CleanWave Vitamins & Supplements 2kg,Health & Wellness,1559.59,1225.01,600.0,0.0,0.0,0.0,Healthy,0.0,183751.5
SKU00919,693,273,100,0.0,0.0,PrimeCare Skin Care 500ml,Personal Care,576.32,321.95,99.0,0.0,0.0,0.0,Healthy,0.0,223111.35
SKU00922,7,93,26,0.0,0.0,TrueTaste Namkeen Medium,Snacks & Confectionery,60.32,35.63,99.0,0.0,0.0,0.0,Healthy,0.0,249.41000000000003
SKU00923,107,142,58,0.0,0.0,EverydayPlus Kids Wear Small,Apparel & Footwear,1212.74,762.61,99.0,0.0,0.0,0.0,Healthy,0.0,81599.27
SKU00924,23,90,23,0.25,0.0,FreshFarm Ice Cream 500ml,Frozen Foods,401.13,294.61,92.0,0.0,0.0,0.0,Healthy,0.0,6776.030000000001
SKU00925,229,142,65,0.0,0.0,CrispKing Pest Control 100g,Home Care,196.68,152.4,99.0,0.0,0.0,0.0,Healthy,0.0,34899.6
SKU00927,457,241,83,0.0,0.0,SunriseFoods Mobile Accessories Family Pack,Electronics & Accessories,1598.84,1170.26,99.0,0.0,0.0,0.0,Healthy,0.0,534808.82
SKU00928,229,152,58,0.0,0.0,SoftTouch Juices 250g,Beverages,125.37,78.04,99.0,0.0,0.0,0.0,Healthy,0.0,17871.16
SKU00930,183,185,68,0.375,0.0,NovaFresh Storage & Containers Medium,Home & Kitchen,553.98,361.16,488.0,0.0,0.0,0.0,Healthy,0.0,66092.28
SKU00931,417,176,43,0.0,0.0,DailyBest Office Supplies 2L,Stationery & Office,373.2,290.43,99.0,0.0,0.0,0.0,Healthy,0.0,121109.31
SKU00932,8091,1922,656,0.0,0.0,NatureBlend Writing Instruments 500g,Stationery & Office,197.19,146.87,99.0,0.0,0.0,0.0,Healthy,0.0,1188325.17
SKU00933,115,66,27,0.0,0.0,QuickBite Notebooks 100g,Stationery & Office,108.95,69.93,99.0,0.0,0.0,0.0,Healthy,0.0,8041.950000000001
SKU00934,192,110,37,0.5,0.0,ValueChoice Ready Meals 500ml,Frozen Foods,1037.02,659.32,384.0,0.0,0.0,0.0,Healthy,0.0,126589.44
SKU00936,5503,1225,422,0.0,0.0,EliteHome Home Decor Medium,Home & Kitchen,1788.45,1404.14,99.0,0.0,0.0,0.0,Healthy,0.0,7726982.420000001
SKU00937,265,213,75,0.75,0.0,EverydayPlus Women's Wear Large,Apparel & Footwear,767.81,551.35,353.3333333333333,0.0,0.0,0.0,Healthy,0.0,146107.75
SKU00939,370,194,78,0.0,0.0,PurePlus First Aid 500ml,Health & Wellness,747.3,591.54,99.0,0.0,0.0,0.0,Healthy,0.0,218869.8
SKU00940,640,328,117,0.0,0.0,ValueChoice Coffee Large,Beverages,148.78,94.1,99.0,0.0,0.0,0.0,Healthy,0.0,60224.0
SKU00944,122,183,82,0.0,0.0,CityFresh Oral Care Pack of 12,Personal Care,717.92,538.0,99.0,0.0,0.0,0.0,Healthy,0.0,65636.0
SKU00946,144,99,39,0.0,0.0,NutriPlus Flour & Atta Family Pack,Grocery,415.87,302.22,99.0,0.0,0.0,0.0,Healthy,0.0,43519.68000000001
SKU00948,100,49,23,0.0,0.0,PureLife Footwear 2L,Apparel & Footwear,2060.9,1564.57,99.0,0.0,0.0,0.0,Healthy,0.0,156457.0
SKU00949,230,209,80,0.0,0.0,UrbanBite Spices & Seasoning 1L,Grocery,210.68,142.82,99.0,0.0,0.0,0.0,Healthy,0.0,32848.6
SKU00950,221,92,35,0.0,0.0,EverydayPlus Dishwashing Pack of 12,Home Care,227.07,158.19,99.0,0.0,0.0,0.0,Healthy,0.0,34959.99
SKU00951,191,154,45,0.0,0.0,FamilyChoice Dishwashing Large,Home Care,511.08,304.23,99.0,0.0,0.0,0.0,Healthy,0.0,58107.93
SKU00954,7648,1873,634,0.125,0.0,PurePlus Soft Drinks Small,Beverages,209.16,145.35,61184.0,0.0,0.0,0.0,Healthy,0.0,1111636.8
SKU00956,13,119,47,0.0,0.0,CleanWave Namkeen Large,Snacks & Confectionery,78.37,52.5,99.0,0.0,0.0,0.0,Healthy,0.0,682.5
SKU00957,211,87,31,0.0,0.0,NutriPlus Chips & Crisps Small,Snacks & Confectionery,159.22,98.5,99.0,0.0,0.0,0.0,Healthy,0.0,20783.5
SKU00958,3732,809,279,0.0,0.0,HomeStyle Home Decor Pack of 12,Home & Kitchen,313.45,193.2,99.0,0.0,0.0,0.0,Healthy,0.0,721022.3999999999
SKU00959,51,42,13,0.0,0.0,CrispKing Writing Instruments Small,Stationery & Office,33.01,22.83,99.0,0.0,0.0,0.0,Healthy,0.0,1164.33
SKU00960,347,164,55,0.0,0.0,QuickBite Flour & Atta Family Pack,Grocery,173.87,108.29,99.0,0.0,0.0,0.0,Healthy,0.0,37576.630000000005
SKU00961,321,143,41,0.0,0.0,FreshFarm OTC Medicine 100g,Health & Wellness,605.41,384.22,99.0,0.0,0.0,0.0,Healthy,0.0,123334.62000000001
SKU00962,141,81,30,0.0,0.0,FamilyChoice Chocolates 2L,Snacks & Confectionery,121.58,74.01,99.0,0.0,0.0,0.0,Healthy,0.0,10435.41
SKU00963,195,79,23,0.0,0.0,FamilyChoice Chocolates 100g,Snacks & Confectionery,108.45,71.75,99.0,0.0,0.0,0.0,Healthy,0.0,13991.25
SKU00966,162,91,31,0.0,0.0,ZestyCo Laundry 2kg,Home Care,361.28,252.25,99.0,0.0,0.0,0.0,Healthy,0.0,40864.5
SKU00968,176,203,68,0.25,0.0,PureLife Vitamins & Supplements Pack of 12,Health & Wellness,178.22,114.38,704.0,0.0,0.0,0.0,Healthy,0.0,20130.879999999997
SKU00971,193,212,83,0.0,0.0,GoldenHarvest Pulses & Lentils 250g,Grocery,168.09,127.42,99.0,0.0,0.0,0.0,Healthy,0.0,24592.06
SKU00972,5611,1188,392,0.0,0.0,SmartBuy Tea Pack of 6,Beverages,232.47,160.25,99.0,0.0,0.0,0.0,Healthy,0.0,899162.75
SKU00977,208,110,35,0.0,0.0,FreshFarm Cookware Pack of 6,Home & Kitchen,921.45,638.63,99.0,0.0,0.0,0.0,Healthy,0.0,132835.04
SKU00978,8163,1682,619,0.0,0.0,HomeStyle OTC Medicine Small,Health & Wellness,524.42,302.09,99.0,0.0,0.0,0.0,Healthy,0.0,2465960.67
SKU00979,26,59,15,0.0,0.0,SmartBuy Frozen Meat 500ml,Frozen Foods,393.05,257.58,99.0,0.0,0.0,0.0,Healthy,0.0,6697.08
SKU00981,237,171,41,0.25,0.0,TrueTaste Skin Care 250ml,Personal Care,330.37,187.33,948.0,0.0,0.0,0.0,Healthy,0.0,44397.21000000001
SKU00982,161,135,37,0.375,0.0,GoldenHarvest Batteries 500g,Electronics & Accessories,1475.54,907.97,429.3333333333333,0.0,0.0,0.0,Healthy,0.0,146183.17
SKU00983,253,101,45,0.25,0.0,NutriPlus Footwear 100g,Apparel & Footwear,1292.33,1009.43,1012.0,0.0,0.0,0.0,Healthy,0.0,255385.78999999998
SKU00986,7521,1700,578,0.0,0.0,UrbanBite Pulses & Lentils 500ml,Grocery,101.6,58.38,99.0,0.0,0.0,0.0,Healthy,0.0,439075.98000000004
SKU00987,9126,1998,713,0.0,0.0,TrueTaste Mobile Accessories Medium,Electronics & Accessories,1614.69,1137.98,99.0,0.0,0.0,0.0,Healthy,0.0,10385205.48
SKU00989,246,116,33,0.0,0.0,EliteHome Mobile Accessories 1kg,Electronics & Accessories,1774.79,1263.54,99.0,0.0,0.0,0.0,Healthy,0.0,310830.83999999997
SKU00990,490,333,142,0.375,0.0,FamilyChoice Frozen Meat Family Pack,Frozen Foods,485.43,383.25,1306.6666666666667,0.0,0.0,0.0,Healthy,0.0,187792.5
SKU00991,6857,1587,582,0.0,0.0,PurePlus Cookware 100g,Home & Kitchen,226.46,127.96,99.0,0.0,0.0,0.0,Healthy,0.0,877421.72
SKU00992,179,124,46,0.0,0.0,UrbanBite Skin Care 500ml,Personal Care,188.51,113.0,99.0,0.0,0.0,0.0,Healthy,0.0,20227.0
SKU00996,158,1749,631,0.375,0.0,MetroBrand Pest Control 1kg,Home Care,117.61,76.74,421.3333333333333,0.0,0.0,0.0,Healthy,0.0,12124.92
SKU00998,109,94,43,0.0,0.0,PremiumSelect Kids Wear 500ml,Apparel & Footwear,2284.54,1349.97,99.0,0.0,0.0,0.0,Healthy,0.0,147146.73
SKU01002,144,98,22,0.0,0.0,GreenValley Ready Meals 1L,Frozen Foods,252.83,193.42,99.0,0.0,0.0,0.0,Healthy,0.0,27852.48
SKU01003,180,156,53,0.25,0.0,GreenValley Air Fresheners Small,Home Care,324.39,236.12,720.0,0.0,0.0,0.0,Healthy,0.0,42501.6
SKU01004,248,172,71,0.0,0.0,CityFresh Storage & Containers 100g,Home & Kitchen,2343.18,1497.72,99.0,0.0,0.0,0.0,Healthy,0.0,371434.56
SKU01005,222,199,67,0.25,0.0,EliteHome Milk Medium,Dairy & Bakery,211.75,146.2,888.0,0.0,0.0,0.0,Healthy,0.0,32456.399999999998
SKU01006,337,131,38,0.625,0.0,PureLife First Aid 1kg,Health & Wellness,416.38,241.15,539.2,0.0,0.0,0.0,Healthy,0.0,81267.55
SKU01007,305,294,114,0.0,0.0,CrispKing Soft Drinks 1L,Beverages,107.05,72.15,99.0,0.0,0.0,0.0,Healthy,0.0,22005.75
SKU01011,24,75,29,0.0,0.0,SunriseFoods Frozen Vegetables Pack of 6,Frozen Foods,546.32,391.1,99.0,0.0,0.0,0.0,Healthy,0.0,9386.400000000001
SKU01012,404,252,94,0.25,0.0,PureLife Dishwashing 1kg,Home Care,100.05,79.46,1616.0,0.0,0.0,0.0,Healthy,0.0,32101.839999999997
SKU01015,291,234,88,0.0,0.0,EliteHome Frozen Vegetables 2kg,Frozen Foods,427.87,252.01,99.0,0.0,0.0,0.0,Healthy,0.0,73334.91
SKU01017,4908,1092,388,0.0,0.0,NatureBlend Pulses & Lentils Pack of 6,Grocery,410.69,281.93,99.0,0.0,0.0,0.0,Healthy,0.0,1383712.44
SKU01019,125,84,18,0.125,0.0,TrueTaste Office Supplies Small,Stationery & Office,287.61,202.2,1000.0,0.0,0.0,0.0,Healthy,0.0,25275.0
SKU01020,76,229,75,0.0,0.0,SparkleClean Office Supplies 250g,Stationery & Office,152.7,103.09,99.0,0.0,0.0,0.0,Healthy,0.0,7834.84
SKU01023,5138,1367,461,0.0,0.0,CrispKing Men's Grooming Large,Personal Care,526.16,382.68,99.0,0.0,0.0,0.0,Healthy,0.0,1966209.84
SKU01024,64,27,10,0.0,0.0,EliteHome Biscuits & Cookies Family Pack,Snacks & Confectionery,156.04,86.03,99.0,0.0,0.0,0.0,Healthy,0.0,5505.92
SKU01025,472,293,86,0.0,0.0,DailyBest Cooking Oil 1kg,Grocery,119.84,94.66,99.0,0.0,0.0,0.0,Healthy,0.0,44679.52
SKU01027,124,58,26,0.0,0.0,EliteHome Eggs 2L,Dairy & Bakery,82.61,45.44,99.0,0.0,0.0,0.0,Healthy,0.0,5634.5599999999995
SKU01028,123,172,53,0.0,0.0,SunriseFoods Chocolates 500ml,Snacks & Confectionery,120.24,78.98,99.0,0.0,0.0,0.0,Healthy,0.0,9714.54
SKU01029,297,200,71,0.0,0.0,NatureBlend Eggs 1kg,Dairy & Bakery,90.75,53.11,99.0,0.0,0.0,0.0,Healthy,0.0,15773.67
SKU01031,7383,1821,637,0.0,0.0,PrimeCare First Aid 500g,Health & Wellness,668.1,419.47,99.0,0.0,0.0,0.0,Healthy,0.0,3096947.0100000002
SKU01032,5816,1392,486,0.0,0.0,PrimeCare Office Supplies 250ml,Stationery & Office,242.61,144.67,99.0,0.0,0.0,0.0,Healthy,0.0,841400.72
SKU01033,253,188,61,0.0,0.0,NutriPlus Mobile Accessories Small,Electronics & Accessories,1645.61,1310.46,99.0,0.0,0.0,0.0,Healthy,0.0,331546.38
SKU01034,5335,1058,412,0.0,0.0,HealthFirst Pest Control 100g,Home Care,313.23,198.33,99.0,0.0,0.0,0.0,Healthy,0.0,1058090.55
SKU01036,118,100,38,0.25,0.0,EliteHome Yogurt 1kg,Dairy & Bakery,132.2,82.43,472.0,0.0,0.0,0.0,Healthy,0.0,9726.740000000002
SKU01038,7546,1644,558,0.0,0.0,NovaFresh OTC Medicine Family Pack,Health & Wellness,1338.59,802.08,99.0,0.0,0.0,0.0,Healthy,0.0,6052495.680000001
SKU01039,40,49,23,0.0,0.0,SmartBuy Frozen Vegetables 500ml,Frozen Foods,418.6,243.59,99.0,0.0,0.0,0.0,Healthy,0.0,9743.6
SKU01042,7768,1711,612,0.0,0.0,QuickBite Milk Medium,Dairy & Bakery,77.89,59.55,99.0,0.0,0.0,0.0,Healthy,0.0,462584.39999999997
SKU01044,284,198,66,0.0,0.0,SmartBuy Mobile Accessories 250g,Electronics & Accessories,2603.87,1968.12,99.0,0.0,0.0,0.0,Healthy,0.0,558946.08
SKU01047,159,141,37,0.375,0.0,HomeStyle Batteries 250ml,Electronics & Accessories,778.4,486.45,424.0,0.0,0.0,0.0,Healthy,0.0,77345.55
SKU01049,122,53,18,0.0,0.0,MetroBrand Men's Wear 1kg,Apparel & Footwear,884.98,655.97,99.0,0.0,0.0,0.0,Healthy,0.0,80028.34
SKU01050,64,57,19,0.0,0.0,SunriseFoods Vitamins & Supplements Large,Health & Wellness,1245.06,740.33,99.0,0.0,0.0,0.0,Healthy,0.0,47381.12
SKU01052,5998,1348,504,0.0,0.0,MetroBrand Pest Control 500g,Home Care,205.27,143.41,99.0,0.0,0.0,0.0,Healthy,0.0,860173.1799999999
SKU01053,303,219,65,0.0,0.0,PrimeCare Notebooks Small,Stationery & Office,52.87,29.99,99.0,0.0,0.0,0.0,Healthy,0.0,9086.97
SKU01055,21,52,16,0.0,0.0,FreshFarm Vitamins & Supplements 500ml,Health & Wellness,916.38,616.05,99.0,0.0,0.0,0.0,Healthy,0.0,12937.05
SKU01056,279,141,49,0.125,0.0,FamilyChoice Home Decor Small,Home & Kitchen,2441.35,1600.25,2232.0,0.0,0.0,0.0,Healthy,0.0,446469.75
SKU01057,85,51,15,0.0,0.0,EverydayPlus Ice Cream 100g,Frozen Foods,251.59,173.44,99.0,0.0,0.0,0.0,Healthy,0.0,14742.4
SKU01058,91,48,20,0.25,0.0,SmartBuy Small Appliances Pack of 12,Electronics & Accessories,642.99,470.77,364.0,0.0,0.0,0.0,Healthy,0.0,42840.07
SKU01059,162,99,37,0.0,0.0,MetroBrand Cheese 1kg,Dairy & Bakery,176.99,112.96,99.0,0.0,0.0,0.0,Healthy,0.0,18299.52
SKU01061,278,126,46,0.0,0.0,PrimeCare Vitamins & Supplements 1L,Health & Wellness,797.99,493.23,99.0,0.0,0.0,0.0,Healthy,0.0,137117.94
SKU01063,7715,1758,592,0.0,0.0,DailyBest Surface Cleaners Small,Home Care,103.23,58.09,99.0,0.0,0.0,0.0,Healthy,0.0,448164.35000000003
SKU01065,81,61,14,0.0,0.0,SunriseFoods Spices & Seasoning Family Pack,Grocery,104.37,61.91,99.0,0.0,0.0,0.0,Healthy,0.0,5014.71
SKU01066,311,244,87,0.0,0.0,EliteHome Tea Medium,Beverages,50.68,36.95,99.0,0.0,0.0,0.0,Healthy,0.0,11491.45
SKU01068,8004,1741,622,0.0,0.0,PrimeCare Mobile Accessories Pack of 6,Electronics & Accessories,2201.06,1243.53,99.0,0.0,0.0,0.0,Healthy,0.0,9953214.12
SKU01069,30,30,9,0.0,0.0,FreshFarm Men's Wear 250ml,Apparel & Footwear,1801.49,1119.04,99.0,0.0,0.0,0.0,Healthy,0.0,33571.2
SKU01071,405,217,61,0.25,0.0,NutriPlus Vitamins & Supplements 2L,Health & Wellness,673.91,487.51,1620.0,0.0,0.0,0.0,Healthy,0.0,197441.55
SKU01072,241,214,89,0.5,0.0,PurePlus Frozen Meat 2kg,Frozen Foods,827.35,598.21,482.0,0.0,0.0,0.0,Healthy,0.0,144168.61000000002
SKU01073,269,120,33,0.0,0.0,EverydayPlus Office Supplies Pack of 6,Stationery & Office,332.78,264.01,99.0,0.0,0.0,0.0,Healthy,0.0,71018.69
SKU01074,106,49,24,0.25,0.0,SparkleClean Vitamins & Supplements 1kg,Health & Wellness,287.03,183.1,424.0,0.0,0.0,0.0,Healthy,0.0,19408.6
SKU01075,6602,1413,499,0.0,0.0,HealthFirst Dishwashing Large,Home Care,382.05,215.8,99.0,0.0,0.0,0.0,Healthy,0.0,1424711.6
SKU01076,370,220,75,0.0,0.0,FreshFarm Office Supplies Family Pack,Stationery & Office,172.63,132.12,99.0,0.0,0.0,0.0,Healthy,0.0,48884.4
SKU01077,11,65,24,0.0,0.0,SmartBuy Tea 500g,Beverages,126.83,92.92,99.0,0.0,0.0,0.0,Healthy,0.0,1022.12
SKU01078,229,194,75,0.25,0.0,QuickBite Writing Instruments Pack of 12,Stationery & Office,243.34,137.98,916.0,0.0,0.0,0.0,Healthy,0.0,31597.42
SKU01083,13,34,9,0.0,0.0,UrbanBite Notebooks 1kg,Stationery & Office,421.04,254.64,99.0,0.0,0.0,0.0,Healthy,0.0,3310.3199999999997
SKU01086,421,337,110,0.25,0.0,PremiumSelect Bath & Body 250ml,Personal Care,123.82,91.34,1684.0,0.0,0.0,0.0,Healthy,0.0,38454.14
SKU01087,62,140,53,0.0,0.0,CityFresh Spices & Seasoning 1kg,Grocery,231.99,134.89,99.0,0.0,0.0,0.0,Healthy,0.0,8363.179999999998
SKU01090,16,21,7,0.0,0.0,DailyBest Pulses & Lentils Pack of 12,Grocery,261.96,145.58,99.0,0.0,0.0,0.0,Healthy,0.0,2329.28
SKU01091,62,79,35,0.0,0.0,NutriPlus Ice Cream 250ml,Frozen Foods,650.81,445.8,99.0,0.0,0.0,0.0,Healthy,0.0,27639.600000000002
SKU01094,103,37,15,0.125,0.0,ZestyCo Dishwashing 2L,Home Care,210.83,158.97,824.0,0.0,0.0,0.0,Healthy,0.0,16373.91
SKU01095,170,79,36,0.0,0.0,ValueChoice Home Decor Large,Home & Kitchen,1277.56,923.06,99.0,0.0,0.0,0.0,Healthy,0.0,156920.19999999998
SKU01096,118,95,23,0.375,0.0,QuickBite Notebooks Pack of 12,Stationery & Office,79.71,58.88,314.6666666666667,0.0,0.0,0.0,Healthy,0.0,6947.84
SKU01097,91,112,54,0.0,0.0,UrbanBite Home Decor Large,Home & Kitchen,1366.05,823.62,99.0,0.0,0.0,0.0,Healthy,0.0,74949.42
SKU01099,102,108,44,0.0,0.0,SmartBuy Milk Family Pack,Dairy & Bakery,192.67,135.54,99.0,0.0,0.0,0.0,Healthy,0.0,13825.08
SKU01102,83,73,30,0.0,0.0,NutriPlus Skin Care 250ml,Personal Care,340.37,191.95,99.0,0.0,0.0,0.0,Healthy,0.0,15931.849999999999
SKU01103,34,34,8,0.25,0.0,CleanWave Pulses & Lentils 500ml,Grocery,222.82,124.15,136.0,0.0,0.0,0.0,Healthy,0.0,4221.1
SKU01104,7823,1755,648,0.0,0.0,TrueTaste Kids Wear 500ml,Apparel & Footwear,1089.39,826.23,99.0,0.0,0.0,0.0,Healthy,0.0,6463597.29
SKU01107,318,187,71,0.0,0.0,DailyBest Namkeen 1kg,Snacks & Confectionery,67.08,37.18,99.0,0.0,0.0,0.0,Healthy,0.0,11823.24
SKU01108,253,133,43,0.625,0.0,PurePlus Ice Cream Pack of 6,Frozen Foods,482.5,371.56,404.8,0.0,0.0,0.0,Healthy,0.0,94004.68000000001
SKU01109,395,232,78,0.0,0.0,QuickBite Ice Cream Family Pack,Frozen Foods,486.1,272.79,99.0,0.0,0.0,0.0,Healthy,0.0,107752.05
SKU01112,7745,1798,648,0.0,0.0,PrimeCare Writing Instruments Pack of 6,Stationery & Office,148.59,94.42,99.0,0.0,0.0,0.0,Healthy,0.0,731282.9
SKU01114,124,111,43,0.0,0.0,HomeStyle Footwear Large,Apparel & Footwear,554.93,428.39,99.0,0.0,0.0,0.0,Healthy,0.0,53120.36
SKU01115,3,25,11,0.625,5.2431640625,CityFresh Chocolates 100g,Snacks & Confectionery,124.25,92.22,4.8,0.0,0.0,0.0,Healthy,0.0,0.0
SKU01116,71,49,15,0.0,0.0,PrimeCare Rice & Grains Medium,Grocery,297.88,229.74,99.0,0.0,0.0,0.0,Healthy,0.0,16311.54
SKU01117,557,288,91,0.0,0.0,UrbanBite Spices & Seasoning 500g,Grocery,157.6,115.05,99.0,0.0,0.0,0.0,Healthy,0.0,64082.85
SKU01118,70,165,64,0.0,0.0,DailyBest Skin Care Medium,Personal Care,510.49,322.93,99.0,0.0,0.0,0.0,Healthy,0.0,22605.100000000002
SKU01119,126,174,61,0.125,0.0,PremiumSelect Notebooks Medium,Stationery & Office,181.19,108.07,1008.0,0.0,0.0,0.0,Healthy,0.0,13616.82
SKU01120,220,147,59,0.0,0.0,GreenValley Spices & Seasoning 1kg,Grocery,213.08,145.42,99.0,0.0,0.0,0.0,Healthy,0.0,31992.399999999998
SKU01121,225,236,86,0.0,0.0,PrimeCare Oral Care 100g,Personal Care,316.47,202.28,99.0,0.0,0.0,0.0,Healthy,0.0,45513.0
SKU01123,283,220,65,0.125,0.0,MetroBrand Writing Instruments 2kg,Stationery & Office,97.2,54.41,2264.0,0.0,0.0,0.0,Healthy,0.0,15398.029999999999
SKU01124,614,344,139,0.0,0.0,GoldenHarvest Small Appliances 2L,Electronics & Accessories,1664.53,1212.19,99.0,0.0,0.0,0.0,Healthy,0.0,744284.66
SKU01128,276,200,66,0.0,0.0,PurePlus Footwear Small,Apparel & Footwear,2811.97,1698.13,99.0,0.0,0.0,0.0,Healthy,0.0,468683.88
SKU01129,52,89,37,0.0,0.0,HomeStyle Rice & Grains 2kg,Grocery,329.67,191.02,99.0,0.0,0.0,0.0,Healthy,0.0,9933.04
SKU01130,248,136,32,0.0,0.0,ValueChoice Storage & Containers 2kg,Home & Kitchen,1764.9,1063.27,99.0,0.0,0.0,0.0,Healthy,0.0,263690.96
SKU01131,124,86,30,0.25,0.0,HomeStyle Mobile Accessories 500g,Electronics & Accessories,1745.98,1113.72,496.0,0.0,0.0,0.0,Healthy,0.0,138101.28
SKU01132,445,273,114,0.0,0.0,SoftTouch Mobile Accessories 2kg,Electronics & Accessories,327.79,224.23,99.0,0.0,0.0,0.0,Healthy,0.0,99782.34999999999
SKU01134,57,59,20,0.0,0.0,HealthFirst Men's Wear 1kg,Apparel & Footwear,1312.85,1007.57,99.0,0.0,0.0,0.0,Healthy,0.0,57431.490000000005
SKU01136,498,237,77,0.375,0.0,HealthFirst Sugar & Salt 2kg,Grocery,306.5,223.79,1328.0,0.0,0.0,0.0,Healthy,0.0,111447.42
SKU01142,272,150,67,0.0,0.0,CrispKing Storage & Containers 2L,Home & Kitchen,424.49,287.22,99.0,0.0,0.0,0.0,Healthy,0.0,78123.84000000001
SKU01143,3,93,22,0.0,0.0,HealthFirst Laundry Large,Home Care,410.89,241.96,99.0,0.0,0.0,0.0,Healthy,0.0,725.88
SKU01144,425,287,95,0.0,0.0,EliteHome Spices & Seasoning 1kg,Grocery,215.74,158.31,99.0,0.0,0.0,0.0,Healthy,0.0,67281.75
SKU01145,449,156,50,0.375,0.0,BasicNeeds Notebooks Family Pack,Stationery & Office,34.0,20.69,1197.3333333333333,0.0,0.0,0.0,Healthy,0.0,9289.810000000001
SKU01146,422,314,106,0.375,0.0,DailyBest Ice Cream 1kg,Frozen Foods,212.51,126.85,1125.3333333333333,0.0,0.0,0.0,Healthy,0.0,53530.7
SKU01147,108,198,63,0.0,0.0,CityFresh Milk 500g,Dairy & Bakery,249.35,153.82,99.0,0.0,0.0,0.0,Healthy,0.0,16612.559999999998
SKU01148,64,29,11,0.0,0.0,EverydayPlus Small Appliances Medium,Electronics & Accessories,1716.82,1192.45,99.0,0.0,0.0,0.0,Healthy,0.0,76316.8
SKU01149,32,26,10,0.25,0.0,FreshFarm Frozen Meat Large,Frozen Foods,500.46,311.86,128.0,0.0,0.0,0.0,Healthy,0.0,9979.52
SKU01150,54,81,31,0.0,0.0,HomeStyle Pulses & Lentils 250g,Grocery,279.57,156.62,99.0,0.0,0.0,0.0,Healthy,0.0,8457.48
SKU01151,256,136,48,0.375,0.0,CityFresh Women's Wear 2L,Apparel & Footwear,1839.22,1189.74,682.6666666666666,0.0,0.0,0.0,Healthy,0.0,304573.44
SKU01152,0,1646,568,0.0,5.951004328067754,FamilyChoice Skin Care 1L,Personal Care,486.03,295.8,99.0,0.0,0.0,0.0,Healthy,0.0,0.0
SKU01154,163,62,24,0.0,0.0,EverydayPlus Storage & Containers 1L,Home & Kitchen,1547.75,1029.08,99.0,0.0,0.0,0.0,Healthy,0.0,167740.03999999998
SKU01155,382,257,75,0.625,0.0,TrueTaste Vitamins & Supplements Pack of 12,Health & Wellness,996.18,567.35,611.2,0.0,0.0,0.0,Healthy,0.0,216727.7
SKU01156,190,162,50,0.0,0.0,EliteHome Batteries 2L,Electronics & Accessories,2106.88,1288.0,99.0,0.0,0.0,0.0,Healthy,0.0,244720.0
SKU01158,5024,1047,343,0.0,0.0,CleanWave Chips & Crisps Large,Snacks & Confectionery,90.44,60.7,99.0,0.0,0.0,0.0,Healthy,0.0,304956.8
SKU01159,64,70,15,0.625,0.0,SoftTouch Hair Care 1kg,Personal Care,361.28,272.97,102.4,0.0,0.0,0.0,Healthy,0.0,17470.08
SKU01160,467,179,80,0.125,0.0,FreshFarm Cookware Pack of 6,Home & Kitchen,762.62,461.12,3736.0,0.0,0.0,0.0,Healthy,0.0,215343.04
SKU01163,160,166,58,0.0,0.0,SparkleClean Men's Wear 1kg,Apparel & Footwear,3396.91,2383.36,99.0,0.0,0.0,0.0,Healthy,0.0,381337.60000000003
SKU01167,4604,1195,447,0.0,0.0,UrbanBite Small Appliances Small,Electronics & Accessories,1837.34,1031.07,99.0,0.0,0.0,0.0,Healthy,0.0,4747046.279999999
SKU01169,129,179,48,0.375,0.0,HealthFirst Surface Cleaners 1kg,Home Care,146.46,116.0,344.0,0.0,0.0,0.0,Healthy,0.0,14964.0
SKU01172,117,51,17,0.125,0.0,PrimeCare Yogurt 250ml,Dairy & Bakery,302.18,206.83,936.0,0.0,0.0,0.0,Healthy,0.0,24199.11
SKU01174,9037,1898,613,0.125,0.0,NovaFresh Home Decor 2L,Home & Kitchen,1964.02,1462.83,72296.0,0.0,0.0,0.0,Healthy,0.0,13219594.709999999
SKU01176,468,240,73,0.625,0.0,MetroBrand Chips & Crisps 1kg,Snacks & Confectionery,95.51,57.95,748.8,0.0,0.0,0.0,Healthy,0.0,27120.600000000002
SKU01177,49,79,22,0.0,0.0,GreenValley Mobile Accessories 2kg,Electronics & Accessories,1402.34,979.02,99.0,0.0,0.0,0.0,Healthy,0.0,47971.979999999996
SKU01178,1,20,7,0.125,0.0,GreenValley Coffee 1kg,Beverages,95.91,74.74,8.0,0.0,0.0,0.0,Healthy,0.0,74.74
SKU01181,184,70,23,0.0,0.0,CityFresh Laundry 500ml,Home Care,437.11,240.78,99.0,0.0,0.0,0.0,Healthy,0.0,44303.52
SKU01182,85,44,19,0.0,0.0,PureLife Small Appliances Pack of 12,Electronics & Accessories,2365.65,1669.45,99.0,0.0,0.0,0.0,Healthy,0.0,141903.25
SKU01185,101,94,38,0.0,0.0,EliteHome Frozen Vegetables 2L,Frozen Foods,446.89,353.88,99.0,0.0,0.0,0.0,Healthy,0.0,35741.88
SKU01186,245,176,59,0.0,0.0,FamilyChoice Notebooks Family Pack,Stationery & Office,109.5,78.9,99.0,0.0,0.0,0.0,Healthy,0.0,19330.5
SKU01187,4938,1092,371,0.0,0.0,CleanWave First Aid Large,Health & Wellness,629.38,377.06,99.0,0.0,0.0,0.0,Healthy,0.0,1861922.28
SKU01188,208,122,35,0.0,0.0,QuickBite Milk 1kg,Dairy & Bakery,281.05,224.65,99.0,0.0,0.0,0.0,Healthy,0.0,46727.200000000004
SKU01191,7071,1585,525,0.0,0.0,CityFresh Frozen Meat Medium,Frozen Foods,672.51,484.26,99.0,0.0,0.0,0.0,Healthy,0.0,3424202.46
SKU01193,115,41,16,0.125,0.0,EliteHome Tea Pack of 12,Beverages,253.89,164.96,920.0,0.0,0.0,0.0,Healthy,0.0,18970.4
SKU01194,346,246,102,0.0,0.0,FamilyChoice Ice Cream Pack of 12,Frozen Foods,620.84,449.48,99.0,0.0,0.0,0.0,Healthy,0.0,155520.08000000002
SKU01196,171,136,49,0.0,0.0,CleanWave Office Supplies 2L,Stationery & Office,124.22,81.87,99.0,0.0,0.0,0.0,Healthy,0.0,13999.77
SKU01199,179,223,96,0.0,0.0,CrispKing Batteries 500g,Electronics & Accessories,2539.08,1538.86,99.0,0.0,0.0,0.0,Healthy,0.0,275455.94
SKU01200,4575,1044,378,0.0,0.0,MetroBrand OTC Medicine 250g,Health & Wellness,973.91,689.14,99.0,0.0,0.0,0.0,Healthy,0.0,3152815.5
SKU01201,156,132,48,0.0,0.0,NutriPlus Cooking Oil Family Pack,Grocery,133.28,79.64,99.0,0.0,0.0,0.0,Healthy,0.0,12423.84
SKU01204,42,26,10,0.0,0.0,UrbanBite Home Decor Pack of 6,Home & Kitchen,2364.73,1549.55,99.0,0.0,0.0,0.0,Healthy,0.0,65081.1
SKU01206,287,163,46,0.0,0.0,EliteHome Dishwashing 2L,Home Care,405.83,313.01,99.0,0.0,0.0,0.0,Healthy,0.0,89833.87
SKU01207,213,141,68,0.0,0.0,FreshFarm Bath & Body Small,Personal Care,437.42,316.03,99.0,0.0,0.0,0.0,Healthy,0.0,67314.39
SKU01209,59,33,12,0.25,0.0,SoftTouch Soft Drinks 2kg,Beverages,99.4,63.07,236.0,0.0,0.0,0.0,Healthy,0.0,3721.13
SKU01210,377,247,84,0.0,0.0,SoftTouch Oral Care 250ml,Personal Care,279.72,206.3,99.0,0.0,0.0,0.0,Healthy,0.0,77775.1
SKU01211,206,152,46,0.125,0.0,PremiumSelect Flour & Atta Medium,Grocery,261.45,203.13,1648.0,0.0,0.0,0.0,Healthy,0.0,41844.78
SKU01213,198,144,37,0.125,0.0,MetroBrand Bath & Body Family Pack,Personal Care,423.96,296.36,1584.0,0.0,0.0,0.0,Healthy,0.0,58679.280000000006
SKU01216,250,215,75,0.0,0.0,HomeStyle Cooking Oil 1L,Grocery,609.83,401.3,99.0,0.0,0.0,0.0,Healthy,0.0,100325.0
SKU01217,103,47,19,0.375,0.0,TrueTaste Eggs 1kg,Dairy & Bakery,184.17,103.83,274.6666666666667,0.0,0.0,0.0,Healthy,0.0,10694.49
SKU01218,156,126,44,0.125,0.0,EliteHome Laundry 100g,Home Care,375.09,208.35,1248.0,0.0,0.0,0.0,Healthy,0.0,32502.6
SKU01220,212,74,22,0.0,0.0,PrimeCare Vitamins & Supplements 250ml,Health & Wellness,872.06,590.79,99.0,0.0,0.0,0.0,Healthy,0.0,125247.48
SKU01221,4,77,27,0.0,0.0,BasicNeeds Home Decor 250g,Home & Kitchen,2043.23,1248.87,99.0,0.0,0.0,0.0,Healthy,0.0,4995.48
SKU01222,328,213,87,0.0,0.0,NovaFresh Skin Care Large,Personal Care,670.78,518.64,99.0,0.0,0.0,0.0,Healthy,0.0,170113.91999999998
SKU01223,61,25,12,0.125,0.0,TrueTaste Pest Control Family Pack,Home Care,271.98,163.64,488.0,0.0,0.0,0.0,Healthy,0.0,9982.039999999999
SKU01224,7713,1629,579,0.0,0.0,DailyBest Air Fresheners 250ml,Home Care,282.15,204.59,99.0,0.0,0.0,0.0,Healthy,0.0,1578002.67
SKU01225,201,277,104,0.0,0.0,QuickBite Cookware Pack of 12,Home & Kitchen,1771.96,1323.81,99.0,0.0,0.0,0.0,Healthy,0.0,266085.81
SKU01227,165,157,45,0.25,0.0,NatureBlend Notebooks 1L,Stationery & Office,401.78,305.31,660.0,0.0,0.0,0.0,Healthy,0.0,50376.15
SKU01229,7128,1594,491,0.0,0.0,GreenValley Ice Cream 500ml,Frozen Foods,492.86,327.48,99.0,0.0,0.0,0.0,Healthy,0.0,2334277.44
SKU01230,402,206,77,0.0,0.0,FamilyChoice Frozen Meat Medium,Frozen Foods,687.23,485.17,99.0,0.0,0.0,0.0,Healthy,0.0,195038.34
SKU01231,25,20,6,0.0,0.0,GoldenHarvest Notebooks 500g,Stationery & Office,300.33,229.58,99.0,0.0,0.0,0.0,Healthy,0.0,5739.5
SKU01232,20,35,10,0.0,0.0,ValueChoice Cheese Pack of 12,Dairy & Bakery,416.45,272.8,99.0,0.0,0.0,0.0,Healthy,0.0,5456.0
SKU01235,74,83,29,0.0,0.0,GoldenHarvest Hair Care 100g,Personal Care,283.19,195.73,99.0,0.0,0.0,0.0,Healthy,0.0,14484.019999999999
SKU01236,232,95,23,0.0,0.0,ValueChoice Chocolates 250g,Snacks & Confectionery,109.0,63.79,99.0,0.0,0.0,0.0,Healthy,0.0,14799.28
SKU01237,228,195,84,0.0,0.0,ValueChoice Frozen Meat Pack of 6,Frozen Foods,974.68,696.97,99.0,0.0,0.0,0.0,Healthy,0.0,158909.16
SKU01238,337,152,51,0.0,0.0,PremiumSelect Eggs Large,Dairy & Bakery,176.71,113.84,99.0,0.0,0.0,0.0,Healthy,0.0,38364.08
SKU01246,174,289,107,0.0,0.0,SmartBuy Vitamins & Supplements 1kg,Health & Wellness,526.86,364.68,99.0,0.0,0.0,0.0,Healthy,0.0,63454.32
SKU01247,463,228,83,0.125,0.0,PureLife First Aid 500ml,Health & Wellness,828.82,521.99,3704.0,0.0,0.0,0.0,Healthy,0.0,241681.37
SKU01249,44,113,37,0.0,0.0,EliteHome Flour & Atta Family Pack,Grocery,112.21,86.04,99.0,0.0,0.0,0.0,Healthy,0.0,3785.76
SKU01250,22,26,7,0.0,0.0,PurePlus Yogurt 1kg,Dairy & Bakery,56.55,34.75,99.0,0.0,0.0,0.0,Healthy,0.0,764.5
SKU01251,231,222,99,0.0,0.0,CleanWave Storage & Containers 2kg,Home & Kitchen,2613.85,1754.99,99.0,0.0,0.0,0.0,Healthy,0.0,405402.69
SKU01253,177,171,67,0.0,0.0,PurePlus Cheese 500g,Dairy & Bakery,228.57,179.77,99.0,0.0,0.0,0.0,Healthy,0.0,31819.29
SKU01256,4290,1055,385,0.0,0.0,PurePlus Energy Drinks 1kg,Beverages,156.9,125.21,99.0,0.0,0.0,0.0,Healthy,0.0,537150.9
SKU01257,480,290,108,0.0,0.0,NatureBlend Bath & Body Pack of 12,Personal Care,362.06,219.07,99.0,0.0,0.0,0.0,Healthy,0.0,105153.59999999999
SKU01258,145,231,88,0.0,0.0,TrueTaste Storage & Containers 2L,Home & Kitchen,2146.77,1580.01,99.0,0.0,0.0,0.0,Healthy,0.0,229101.45
SKU01259,145,94,30,0.0,0.0,QuickBite Flour & Atta Large,Grocery,371.59,275.86,99.0,0.0,0.0,0.0,Healthy,0.0,39999.700000000004
SKU01261,106,56,18,0.0,0.0,DailyBest Sugar & Salt Family Pack,Grocery,327.98,236.56,99.0,0.0,0.0,0.0,Healthy,0.0,25075.36
SKU01262,370,208,77,0.0,0.0,PrimeCare Frozen Meat 250ml,Frozen Foods,592.69,354.22,99.0,0.0,0.0,0.0,Healthy,0.0,131061.40000000001
SKU01264,5425,1155,420,0.0,0.0,SmartBuy Men's Wear 250ml,Apparel & Footwear,1108.95,659.92,99.0,0.0,0.0,0.0,Healthy,0.0,3580066.0
SKU01266,301,277,85,0.0,0.0,PremiumSelect Men's Wear 250ml,Apparel & Footwear,875.0,569.19,99.0,0.0,0.0,0.0,Healthy,0.0,171326.19
SKU01267,326,153,65,0.0,0.0,HealthFirst Vitamins & Supplements Medium,Health & Wellness,974.77,669.22,99.0,0.0,0.0,0.0,Healthy,0.0,218165.72
SKU01269,78,69,19,0.0,0.0,NutriPlus Home Decor 2kg,Home & Kitchen,2876.02,1935.15,99.0,0.0,0.0,0.0,Healthy,0.0,150941.7
SKU01270,445,215,96,0.25,0.0,NutriPlus Laundry Family Pack,Home Care,282.8,184.48,1780.0,0.0,0.0,0.0,Healthy,0.0,82093.59999999999
SKU01271,171,174,49,0.0,0.0,ValueChoice Writing Instruments Pack of 12,Stationery & Office,230.92,157.87,99.0,0.0,0.0,0.0,Healthy,0.0,26995.77
SKU01273,186,91,39,0.0,0.0,FamilyChoice Vitamins & Supplements 500g,Health & Wellness,672.35,382.47,99.0,0.0,0.0,0.0,Healthy,0.0,71139.42
SKU01275,254,155,58,0.0,0.0,ZestyCo Yogurt Small,Dairy & Bakery,96.57,76.04,99.0,0.0,0.0,0.0,Healthy,0.0,19314.16
SKU01282,446,214,51,0.0,0.0,HomeStyle Namkeen 100g,Snacks & Confectionery,39.37,23.39,99.0,0.0,0.0,0.0,Healthy,0.0,10431.94
SKU01283,142,84,39,0.0,0.0,MetroBrand Biscuits & Cookies Pack of 12,Snacks & Confectionery,70.13,44.03,99.0,0.0,0.0,0.0,Healthy,0.0,6252.26
SKU01284,81,64,28,0.0,0.0,BasicNeeds Frozen Meat Medium,Frozen Foods,265.24,204.52,99.0,0.0,0.0,0.0,Healthy,0.0,16566.120000000003
SKU01286,96,76,17,0.0,0.0,CityFresh Soft Drinks 2L,Beverages,85.48,51.38,99.0,0.0,0.0,0.0,Healthy,0.0,4932.4800000000005
SKU01289,58,22,10,0.0,0.0,CityFresh Milk Small,Dairy & Bakery,257.68,182.92,99.0,0.0,0.0,0.0,Healthy,0.0,10609.359999999999
SKU01290,365,196,86,0.375,0.0,GreenValley Notebooks Medium,Stationery & Office,86.62,62.8,973.3333333333334,0.0,0.0,0.0,Healthy,0.0,22922.0
SKU01292,150,70,19,0.0,0.0,TrueTaste Frozen Meat 2kg,Frozen Foods,601.93,356.17,99.0,0.0,0.0,0.0,Healthy,0.0,53425.5
SKU01293,90,79,36,0.0,0.0,ZestyCo Writing Instruments Family Pack,Stationery & Office,228.78,151.47,99.0,0.0,0.0,0.0,Healthy,0.0,13632.3
SKU01295,31,100,44,0.0,0.0,ZestyCo Soft Drinks 250ml,Beverages,148.61,114.68,99.0,0.0,0.0,0.0,Healthy,0.0,3555.0800000000004
SKU01296,156,112,37,0.0,0.0,DailyBest Spices & Seasoning 2kg,Grocery,84.47,63.68,99.0,0.0,0.0,0.0,Healthy,0.0,9934.08
SKU01297,81,43,13,0.125,0.0,PureLife Notebooks 250g,Stationery & Office,280.29,161.83,648.0,0.0,0.0,0.0,Healthy,0.0,13108.230000000001
SKU01298,127,74,22,0.0,0.0,FamilyChoice Office Supplies Large,Stationery & Office,187.71,113.69,99.0,0.0,0.0,0.0,Healthy,0.0,14438.63
SKU01299,286,122,47,0.0,0.0,CityFresh Mobile Accessories 1kg,Electronics & Accessories,2565.74,1806.91,99.0,0.0,0.0,0.0,Healthy,0.0,516776.26
SKU01301,168,236,96,0.0,0.0,HealthFirst Eggs 500ml,Dairy & Bakery,478.27,264.09,99.0,0.0,0.0,0.0,Healthy,0.0,44367.119999999995
SKU01303,7196,1639,556,0.0,0.0,HealthFirst Sugar & Salt Medium,Grocery,413.39,237.08,99.0,0.0,0.0,0.0,Healthy,0.0,1706027.6800000002
SKU01305,253,241,107,0.0,0.0,CityFresh Frozen Meat 500g,Frozen Foods,741.4,533.96,99.0,0.0,0.0,0.0,Healthy,0.0,135091.88
SKU01309,354,161,62,0.0,0.0,ZestyCo Butter & Ghee 500ml,Dairy & Bakery,474.17,304.95,99.0,0.0,0.0,0.0,Healthy,0.0,107952.3
SKU01310,8360,1901,603,0.375,0.0,FreshFarm Frozen Meat Pack of 6,Frozen Foods,735.63,477.85,22293.333333333332,0.0,0.0,0.0,Healthy,0.0,3994826.0
SKU01311,83,87,32,0.0,0.0,UrbanBite Men's Wear 500g,Apparel & Footwear,889.85,504.56,99.0,0.0,0.0,0.0,Healthy,0.0,41878.48
SKU01312,404,160,63,0.0,0.0,FreshFarm Butter & Ghee 1kg,Dairy & Bakery,152.76,95.03,99.0,0.0,0.0,0.0,Healthy,0.0,38392.12
SKU01313,287,210,81,0.625,0.0,EliteHome Pulses & Lentils 2L,Grocery,438.16,268.64,459.2,0.0,0.0,0.0,Healthy,0.0,77099.68
SKU01314,210,138,56,0.0,0.0,FamilyChoice Rice & Grains 1kg,Grocery,325.53,237.5,99.0,0.0,0.0,0.0,Healthy,0.0,49875.0
SKU01315,209,119,43,0.375,0.0,UrbanBite Cookware Pack of 6,Home & Kitchen,1695.35,1204.49,557.3333333333334,0.0,0.0,0.0,Healthy,0.0,251738.41
SKU01316,331,177,64,0.0,0.0,PureLife Tea Large,Beverages,190.6,135.15,99.0,0.0,0.0,0.0,Healthy,0.0,44734.65
SKU01318,7148,1639,597,0.0,0.0,FamilyChoice Skin Care Pack of 6,Personal Care,348.04,221.19,99.0,0.0,0.0,0.0,Healthy,0.0,1581066.1199999999
SKU01319,203,173,37,0.0,0.0,TrueTaste Kids Wear Large,Apparel & Footwear,2048.66,1251.62,99.0,0.0,0.0,0.0,Healthy,0.0,254078.86
SKU01320,642,355,126,0.375,0.0,UrbanBite Rice & Grains Large,Grocery,228.08,126.09,1712.0,0.0,0.0,0.0,Healthy,0.0,80949.78
SKU01321,561,347,112,0.0,0.0,SunriseFoods Cookware 100g,Home & Kitchen,1107.76,650.24,99.0,0.0,0.0,0.0,Healthy,0.0,364784.64
SKU01323,476,202,71,0.125,0.0,SmartBuy Surface Cleaners Family Pack,Home Care,300.51,238.57,3808.0,0.0,0.0,0.0,Healthy,0.0,113559.31999999999
SKU01326,233,194,90,0.0,0.0,PureLife Cheese 1L,Dairy & Bakery,248.26,174.42,99.0,0.0,0.0,0.0,Healthy,0.0,40639.86
SKU01327,69,30,12,0.0,0.0,PurePlus Dishwashing 2L,Home Care,416.18,298.49,99.0,0.0,0.0,0.0,Healthy,0.0,20595.81
SKU01328,118,77,19,0.0,0.0,SmartBuy Hair Care Pack of 12,Personal Care,433.14,303.26,99.0,0.0,0.0,0.0,Healthy,0.0,35784.68
SKU01329,158,96,34,0.5,0.0,HomeStyle Namkeen Small,Snacks & Confectionery,61.78,43.97,316.0,0.0,0.0,0.0,Healthy,0.0,6947.26
SKU01330,59,31,7,0.0,0.0,SoftTouch Hair Care 250ml,Personal Care,183.49,110.98,99.0,0.0,0.0,0.0,Healthy,0.0,6547.820000000001
SKU01333,245,181,53,0.0,0.0,NovaFresh Yogurt 100g,Dairy & Bakery,87.58,53.3,99.0,0.0,0.0,0.0,Healthy,0.0,13058.5
SKU01334,7,92,21,0.0,0.0,QuickBite Tea Family Pack,Beverages,115.01,78.02,99.0,0.0,0.0,0.0,Healthy,0.0,546.14
SKU01335,132,52,18,0.0,0.0,PremiumSelect Bath & Body 500g,Personal Care,236.44,176.69,99.0,0.0,0.0,0.0,Healthy,0.0,23323.079999999998
SKU01336,293,164,65,0.0,0.0,HealthFirst Home Decor Family Pack,Home & Kitchen,804.43,625.68,99.0,0.0,0.0,0.0,Healthy,0.0,183324.24
SKU01337,7791,1746,622,0.0,0.0,ZestyCo Coffee 2kg,Beverages,226.99,146.63,99.0,0.0,0.0,0.0,Healthy,0.0,1142394.33
SKU01338,144,127,33,0.0,0.0,FamilyChoice Pulses & Lentils 250ml,Grocery,354.64,237.94,99.0,0.0,0.0,0.0,Healthy,0.0,34263.36
SKU01339,8910,1887,653,0.0,0.0,CleanWave Soft Drinks 100g,Beverages,241.91,151.79,99.0,0.0,0.0,0.0,Healthy,0.0,1352448.9
SKU01340,6594,1446,479,0.0,0.0,PureLife Frozen Vegetables Family Pack,Frozen Foods,704.19,453.6,99.0,0.0,0.0,0.0,Healthy,0.0,2991038.4000000004
SKU01341,390,190,79,0.5,0.0,MetroBrand Yogurt 250ml,Dairy & Bakery,51.95,31.53,780.0,0.0,0.0,0.0,Healthy,0.0,12296.7
SKU01342,399,244,62,0.0,0.0,DailyBest Surface Cleaners 500g,Home Care,357.71,199.42,99.0,0.0,0.0,0.0,Healthy,0.0,79568.58
SKU01346,111,142,45,0.0,0.0,NatureBlend Pest Control 250g,Home Care,308.88,210.24,99.0,0.0,0.0,0.0,Healthy,0.0,23336.64
SKU01347,6574,1451,515,0.0,0.0,PrimeCare Ice Cream 1L,Frozen Foods,496.45,313.56,99.0,0.0,0.0,0.0,Healthy,0.0,2061343.44
SKU01348,44,58,17,0.0,0.0,CityFresh Footwear 250ml,Apparel & Footwear,1179.87,785.57,99.0,0.0,0.0,0.0,Healthy,0.0,34565.08
SKU01350,55,23,6,0.0,0.0,CityFresh Storage & Containers 100g,Home & Kitchen,1403.21,940.48,99.0,0.0,0.0,0.0,Healthy,0.0,51726.4
SKU01354,22,96,20,0.125,0.0,SoftTouch Bread 500g,Dairy & Bakery,99.58,77.91,176.0,0.0,0.0,0.0,Healthy,0.0,1714.02
SKU01355,363,201,74,0.0,0.0,FreshFarm First Aid Medium,Health & Wellness,1326.65,818.53,99.0,0.0,0.0,0.0,Healthy,0.0,297126.39
SKU01358,174,111,49,0.125,0.0,TrueTaste Surface Cleaners Medium,Home Care,180.03,122.11,1392.0,0.0,0.0,0.0,Healthy,0.0,21247.14
SKU01361,329,224,55,0.125,0.0,ZestyCo Hair Care Small,Personal Care,728.62,556.59,2632.0,0.0,0.0,0.0,Healthy,0.0,183118.11000000002
SKU01362,339,158,42,0.0,0.0,NutriPlus Candy 1kg,Snacks & Confectionery,56.5,35.12,99.0,0.0,0.0,0.0,Healthy,0.0,11905.679999999998
SKU01363,19,1026,356,0.25,0.0,CrispKing Mobile Accessories 2L,Electronics & Accessories,3184.6,2002.05,76.0,0.0,0.0,0.0,Healthy,0.0,38038.95
SKU01365,144,162,79,0.25,0.0,TrueTaste Candy Pack of 6,Snacks & Confectionery,57.76,38.36,576.0,0.0,0.0,0.0,Healthy,0.0,5523.84
SKU01366,216,173,56,0.0,0.0,SunriseFoods Notebooks 1kg,Stationery & Office,221.2,167.81,99.0,0.0,0.0,0.0,Healthy,0.0,36246.96
SKU01367,77,80,31,0.375,0.0,PrimeCare Dishwashing Pack of 6,Home Care,673.36,473.29,205.33333333333334,0.0,0.0,0.0,Healthy,0.0,36443.33
SKU01369,141,74,36,0.0,0.0,NovaFresh Laundry 100g,Home Care,137.32,108.39,99.0,0.0,0.0,0.0,Healthy,0.0,15282.99
SKU01372,31,83,40,0.0,0.0,DailyBest Mobile Accessories 250ml,Electronics & Accessories,1572.73,965.07,99.0,0.0,0.0,0.0,Healthy,0.0,29917.170000000002
SKU01373,28,36,17,0.0,0.0,GoldenHarvest Chips & Crisps 100g,Snacks & Confectionery,74.0,51.35,99.0,0.0,0.0,0.0,Healthy,0.0,1437.8
SKU01375,185,131,59,0.0,0.0,CleanWave Vitamins & Supplements Small,Health & Wellness,383.13,235.72,99.0,0.0,0.0,0.0,Healthy,0.0,43608.2
SKU01376,154,83,23,0.0,0.0,TrueTaste Rice & Grains Medium,Grocery,448.86,357.83,99.0,0.0,0.0,0.0,Healthy,0.0,55105.82
SKU01378,50,99,23,0.0,0.0,SmartBuy Bottled Water Family Pack,Beverages,153.18,101.21,99.0,0.0,0.0,0.0,Healthy,0.0,5060.5
SKU01382,259,159,59,0.0,0.0,PrimeCare Pulses & Lentils Family Pack,Grocery,356.73,246.15,99.0,0.0,0.0,0.0,Healthy,0.0,63752.85
SKU01384,131,84,30,0.0,0.0,CleanWave Chips & Crisps Family Pack,Snacks & Confectionery,223.56,165.66,99.0,0.0,0.0,0.0,Healthy,0.0,21701.46
SKU01385,67,50,13,0.25,0.0,PremiumSelect Footwear Family Pack,Apparel & Footwear,988.91,782.68,268.0,0.0,0.0,0.0,Healthy,0.0,52439.56
SKU01386,352,236,85,0.0,0.0,NutriPlus Spices & Seasoning 500g,Grocery,276.58,211.86,99.0,0.0,0.0,0.0,Healthy,0.0,74574.72
SKU01387,203,150,56,0.0,0.0,QuickBite Bottled Water Pack of 6,Beverages,236.41,149.16,99.0,0.0,0.0,0.0,Healthy,0.0,30279.48
SKU01388,10,27,13,0.5,0.0,CleanWave Energy Drinks Pack of 12,Beverages,163.36,119.55,20.0,0.0,0.0,0.0,Healthy,0.0,1195.5
SKU01389,474,326,99,0.125,0.0,BasicNeeds Mobile Accessories Medium,Electronics & Accessories,3609.79,2053.94,3792.0,0.0,0.0,0.0,Healthy,0.0,973567.56
SKU01390,307,152,59,0.0,0.0,TrueTaste Vitamins & Supplements 250ml,Health & Wellness,692.78,404.62,99.0,0.0,0.0,0.0,Healthy,0.0,124218.34
SKU01391,14,66,22,0.0,0.0,BasicNeeds Pest Control Medium,Home Care,346.5,230.39,99.0,0.0,0.0,0.0,Healthy,0.0,3225.46
SKU01392,4808,1114,424,0.0,0.0,BasicNeeds Candy 1L,Snacks & Confectionery,130.77,86.95,99.0,0.0,0.0,0.0,Healthy,0.0,418055.60000000003
SKU01393,257,149,50,0.0,0.0,UrbanBite Juices 250ml,Beverages,126.23,85.39,99.0,0.0,0.0,0.0,Healthy,0.0,21945.23
SKU01394,94,84,29,0.625,0.0,FamilyChoice Ice Cream 500g,Frozen Foods,559.28,374.05,150.4,0.0,0.0,0.0,Healthy,0.0,35160.700000000004
SKU01395,267,218,76,0.0,0.0,PremiumSelect Chips & Crisps 2kg,Snacks & Confectionery,122.37,86.92,99.0,0.0,0.0,0.0,Healthy,0.0,23207.64
SKU01396,8350,1800,642,0.0,0.0,GoldenHarvest First Aid Family Pack,Health & Wellness,131.89,104.01,99.0,0.0,0.0,0.0,Healthy,0.0,868483.5
SKU01397,54,33,12,0.25,0.0,CityFresh Small Appliances Pack of 12,Electronics & Accessories,4181.58,2480.4,216.0,0.0,0.0,0.0,Healthy,0.0,133941.6
SKU01398,175,320,103,0.0,0.0,MetroBrand Home Decor Pack of 12,Home & Kitchen,648.34,414.53,99.0,0.0,0.0,0.0,Healthy,0.0,72542.75
SKU01403,202,181,63,0.0,0.0,PureLife Frozen Vegetables Medium,Frozen Foods,734.76,443.37,99.0,0.0,0.0,0.0,Healthy,0.0,89560.74
SKU01404,47,47,17,0.0,0.0,SparkleClean First Aid 500ml,Health & Wellness,1213.28,796.67,99.0,0.0,0.0,0.0,Healthy,0.0,37443.49
SKU01405,550,308,116,0.0,0.0,PureLife Surface Cleaners Medium,Home Care,579.34,361.03,99.0,0.0,0.0,0.0,Healthy,0.0,198566.49999999997
SKU01412,158,93,21,0.0,0.0,CityFresh Bread 1L,Dairy & Bakery,193.3,117.38,99.0,0.0,0.0,0.0,Healthy,0.0,18546.04
SKU01413,4195,856,298,0.0,0.0,PremiumSelect Chocolates 100g,Snacks & Confectionery,182.61,133.17,99.0,0.0,0.0,0.0,Healthy,0.0,558648.1499999999
SKU01415,361,250,79,0.0,0.0,HomeStyle Frozen Vegetables 500ml,Frozen Foods,621.27,455.67,99.0,0.0,0.0,0.0,Healthy,0.0,164496.87
SKU01417,101,34,8,0.0,0.0,GreenValley Notebooks 250g,Stationery & Office,186.97,137.09,99.0,0.0,0.0,0.0,Healthy,0.0,13846.09
SKU01418,95,96,29,0.0,0.0,PremiumSelect Vitamins & Supplements 1L,Health & Wellness,1090.09,814.3,99.0,0.0,0.0,0.0,Healthy,0.0,77358.5
SKU01419,94,58,14,0.125,0.0,MetroBrand Cookware 2L,Home & Kitchen,699.31,504.77,752.0,0.0,0.0,0.0,Healthy,0.0,47448.38
SKU01421,23,27,9,0.0,0.0,DailyBest Sugar & Salt Pack of 6,Grocery,248.59,146.75,99.0,0.0,0.0,0.0,Healthy,0.0,3375.25
SKU01422,167,217,76,0.0,0.0,TrueTaste Bath & Body 500g,Personal Care,309.79,227.57,99.0,0.0,0.0,0.0,Healthy,0.0,38004.19
SKU01423,8702,1858,663,0.0,0.0,BasicNeeds Mobile Accessories 500g,Electronics & Accessories,2866.27,2040.58,99.0,0.0,0.0,0.0,Healthy,0.0,17757127.16
SKU01424,6,50,12,0.0,0.0,FamilyChoice Kids Wear 500ml,Apparel & Footwear,592.37,471.47,99.0,0.0,0.0,0.0,Healthy,0.0,2828.82
SKU01427,22,75,36,0.0,0.0,HealthFirst Frozen Vegetables 250g,Frozen Foods,956.01,709.77,99.0,0.0,0.0,0.0,Healthy,0.0,15614.939999999999
SKU01428,7485,1615,579,0.0,0.0,BasicNeeds Men's Wear 250ml,Apparel & Footwear,2772.39,2043.62,99.0,0.0,0.0,0.0,Healthy,0.0,15296495.7
SKU01430,238,112,39,0.375,0.0,EverydayPlus First Aid 1kg,Health & Wellness,641.12,472.19,634.6666666666666,0.0,0.0,0.0,Healthy,0.0,112381.22
SKU01431,171,81,32,0.0,0.0,TrueTaste Butter & Ghee Family Pack,Dairy & Bakery,305.88,191.99,99.0,0.0,0.0,0.0,Healthy,0.0,32830.29
SKU01433,8401,1892,627,0.0,0.0,GreenValley Ice Cream Family Pack,Frozen Foods,794.12,461.8,99.0,0.0,0.0,0.0,Healthy,0.0,3879581.8000000003
SKU01434,397,247,72,0.0,0.0,PureLife Bath & Body Family Pack,Personal Care,730.42,454.77,99.0,0.0,0.0,0.0,Healthy,0.0,180543.69
SKU01436,77,56,17,0.25,0.0,GreenValley Bread 500ml,Dairy & Bakery,168.64,103.65,308.0,0.0,0.0,0.0,Healthy,0.0,7981.05
SKU01437,370,212,85,0.0,0.0,HomeStyle Kids Wear Small,Apparel & Footwear,1550.38,1195.13,99.0,0.0,0.0,0.0,Healthy,0.0,442198.10000000003
SKU01440,81,76,26,0.5,0.0,HealthFirst Cooking Oil Pack of 12,Grocery,183.65,125.23,162.0,0.0,0.0,0.0,Healthy,0.0,10143.630000000001
SKU01441,6621,1454,505,0.125,0.0,GreenValley Mobile Accessories Small,Electronics & Accessories,773.63,466.41,52968.0,0.0,0.0,0.0,Healthy,0.0,3088100.6100000003
SKU01442,94,90,25,0.0,0.0,NutriPlus Men's Grooming 500ml,Personal Care,370.49,255.29,99.0,0.0,0.0,0.0,Healthy,0.0,23997.26
SKU01443,155,79,29,0.125,0.0,QuickBite Hair Care Medium,Personal Care,174.67,137.76,1240.0,0.0,0.0,0.0,Healthy,0.0,21352.8
SKU01450,91,123,50,0.125,0.0,SoftTouch Mobile Accessories 250ml,Electronics & Accessories,2031.9,1589.7,728.0,0.0,0.0,0.0,Healthy,0.0,144662.7
SKU01451,271,161,51,0.25,0.0,FamilyChoice Milk Family Pack,Dairy & Bakery,119.56,84.67,1084.0,0.0,0.0,0.0,Healthy,0.0,22945.57
SKU01452,115,72,27,0.125,0.0,PrimeCare Small Appliances Pack of 12,Electronics & Accessories,1517.49,904.78,920.0,0.0,0.0,0.0,Healthy,0.0,104049.7
SKU01453,355,151,65,0.0,0.0,HealthFirst Women's Wear 500g,Apparel & Footwear,1258.86,1004.68,99.0,0.0,0.0,0.0,Healthy,0.0,356661.39999999997
SKU01454,136,104,35,0.0,0.0,NutriPlus Cheese 250ml,Dairy & Bakery,115.42,83.51,99.0,0.0,0.0,0.0,Healthy,0.0,11357.36
SKU01456,404,302,94,0.125,0.0,TrueTaste Cookware 1kg,Home & Kitchen,1082.17,811.51,3232.0,0.0,0.0,0.0,Healthy,0.0,327850.04
SKU01457,5091,1193,429,0.25,0.0,TrueTaste Energy Drinks 2L,Beverages,108.29,74.65,20364.0,0.0,0.0,0.0,Healthy,0.0,380043.15
SKU01458,212,85,39,0.0,0.0,ValueChoice OTC Medicine 500ml,Health & Wellness,551.81,358.71,99.0,0.0,0.0,0.0,Healthy,0.0,76046.51999999999
SKU01459,337,187,60,0.0,0.0,NutriPlus Chips & Crisps Small,Snacks & Confectionery,93.99,56.31,99.0,0.0,0.0,0.0,Healthy,0.0,18976.47
SKU01460,571,220,62,0.0,0.0,MetroBrand Coffee Small,Beverages,86.67,53.69,99.0,0.0,0.0,0.0,Healthy,0.0,30656.989999999998
SKU01461,123,139,55,0.0,0.0,CleanWave Women's Wear Medium,Apparel & Footwear,717.03,424.35,99.0,0.0,0.0,0.0,Healthy,0.0,52195.05
SKU01463,151,54,27,0.0,0.0,FamilyChoice Small Appliances 500ml,Electronics & Accessories,1637.46,1012.35,99.0,0.0,0.0,0.0,Healthy,0.0,152864.85
SKU01464,52,55,19,0.0,0.0,SparkleClean Mobile Accessories Pack of 12,Electronics & Accessories,2371.71,1583.09,99.0,0.0,0.0,0.0,Healthy,0.0,82320.68
SKU01465,233,128,49,0.0,0.0,HealthFirst Pulses & Lentils 500ml,Grocery,260.03,205.94,99.0,0.0,0.0,0.0,Healthy,0.0,47984.02
SKU01467,205,117,49,0.0,0.0,SoftTouch Women's Wear Pack of 6,Apparel & Footwear,1516.97,1134.42,99.0,0.0,0.0,0.0,Healthy,0.0,232556.1
SKU01469,380,190,80,0.125,0.0,CleanWave Juices 250g,Beverages,69.23,54.43,3040.0,0.0,0.0,0.0,Healthy,0.0,20683.4
SKU01472,611,277,104,0.0,0.0,MetroBrand Sugar & Salt Large,Grocery,452.74,255.83,99.0,0.0,0.0,0.0,Healthy,0.0,156312.13
SKU01473,176,125,38,0.0,0.0,HealthFirst Office Supplies 2kg,Stationery & Office,67.8,40.82,99.0,0.0,0.0,0.0,Healthy,0.0,7184.32
SKU01479,330,239,80,0.25,0.0,SunriseFoods Oral Care Family Pack,Personal Care,425.66,271.53,1320.0,0.0,0.0,0.0,Healthy,0.0,89604.9
SKU01481,273,239,86,0.0,0.0,NutriPlus Frozen Meat 1L,Frozen Foods,746.72,524.64,99.0,0.0,0.0,0.0,Healthy,0.0,143226.72
SKU01483,297,150,47,0.625,0.0,GoldenHarvest Juices 250ml,Beverages,152.56,102.07,475.2,0.0,0.0,0.0,Healthy,0.0,30314.789999999997
SKU01484,6,100,41,0.0,0.0,ZestyCo Home Decor Large,Home & Kitchen,575.12,351.74,99.0,0.0,0.0,0.0,Healthy,0.0,2110.44
SKU01487,76,47,20,0.0,0.0,CleanWave Soft Drinks Small,Beverages,63.13,36.01,99.0,0.0,0.0,0.0,Healthy,0.0,2736.7599999999998
SKU01488,127,49,16,0.0,0.0,CleanWave Vitamins & Supplements 2kg,Health & Wellness,612.26,462.23,99.0,0.0,0.0,0.0,Healthy,0.0,58703.21
SKU01490,211,74,30,0.0,0.0,PrimeCare Cheese 500ml,Dairy & Bakery,82.43,65.22,99.0,0.0,0.0,0.0,Healthy,0.0,13761.42
SKU01491,137,81,18,0.5,0.0,MetroBrand Mobile Accessories Family Pack,Electronics & Accessories,848.79,642.5,274.0,0.0,0.0,0.0,Healthy,0.0,88022.5
SKU01492,504,281,81,0.0,0.0,PureLife Rice & Grains 100g,Grocery,117.46,80.82,99.0,0.0,0.0,0.0,Healthy,0.0,40733.28
SKU01493,185,208,64,0.0,0.0,ZestyCo Pest Control 100g,Home Care,197.84,112.29,99.0,0.0,0.0,0.0,Healthy,0.0,20773.65
SKU01495,6202,1397,473,0.0,0.0,SunriseFoods Coffee Large,Beverages,97.4,58.36,99.0,0.0,0.0,0.0,Healthy,0.0,361948.72
SKU01496,281,98,38,0.0,0.0,SparkleClean Eggs 100g,Dairy & Bakery,101.65,67.27,99.0,0.0,0.0,0.0,Healthy,0.0,18902.87
SKU01498,196,124,35,0.0,0.0,HomeStyle OTC Medicine Family Pack,Health & Wellness,385.28,228.79,99.0,0.0,0.0,0.0,Healthy,0.0,44842.84
SKU01500,102,48,21,0.0,0.0,CleanWave Storage & Containers Large,Home & Kitchen,1061.91,849.02,99.0,0.0,0.0,0.0,Healthy,0.0,86600.04
SKU01502,352,148,46,0.0,0.0,UrbanBite Sugar & Salt 1kg,Grocery,293.53,164.89,99.0,0.0,0.0,0.0,Healthy,0.0,58041.28
SKU01503,61,96,45,0.0,0.0,SunriseFoods Sugar & Salt Medium,Grocery,335.94,207.44,99.0,0.0,0.0,0.0,Healthy,0.0,12653.84
SKU01504,22,51,20,0.0,0.0,PureLife First Aid Pack of 12,Health & Wellness,1287.11,780.36,99.0,0.0,0.0,0.0,Healthy,0.0,17167.920000000002
SKU01505,237,80,39,0.0,0.0,SparkleClean Soft Drinks 100g,Beverages,96.81,65.31,99.0,0.0,0.0,0.0,Healthy,0.0,15478.470000000001
SKU01506,254,248,92,0.125,0.0,GoldenHarvest Candy 2L,Snacks & Confectionery,160.9,105.41,2032.0,0.0,0.0,0.0,Healthy,0.0,26774.14
SKU01508,167,95,26,0.375,0.0,MetroBrand Storage & Containers Medium,Home & Kitchen,2295.38,1346.86,445.3333333333333,0.0,0.0,0.0,Healthy,0.0,224925.62
SKU01509,168,86,25,0.0,0.0,MetroBrand Storage & Containers Small,Home & Kitchen,1268.69,915.31,99.0,0.0,0.0,0.0,Healthy,0.0,153772.08
SKU01510,67,38,15,0.0,0.0,HealthFirst Cheese 1L,Dairy & Bakery,89.78,54.2,99.0,0.0,0.0,0.0,Healthy,0.0,3631.4
SKU01512,395,234,97,0.0,0.0,PureLife OTC Medicine 500g,Health & Wellness,375.88,209.87,99.0,0.0,0.0,0.0,Healthy,0.0,82898.65000000001
SKU01513,96,223,96,0.0,0.0,FamilyChoice Chocolates 250g,Snacks & Confectionery,58.86,44.11,99.0,0.0,0.0,0.0,Healthy,0.0,4234.5599999999995
SKU01515,237,183,64,0.0,0.0,BasicNeeds Ice Cream Family Pack,Frozen Foods,478.96,288.43,99.0,0.0,0.0,0.0,Healthy,0.0,68357.91
SKU01516,386,247,65,0.0,0.0,ZestyCo Skin Care 250g,Personal Care,309.06,216.48,99.0,0.0,0.0,0.0,Healthy,0.0,83561.28
SKU01517,110,140,47,0.0,0.0,CleanWave Men's Wear Pack of 12,Apparel & Footwear,796.86,525.33,99.0,0.0,0.0,0.0,Healthy,0.0,57786.3
SKU01518,575,357,103,0.0,0.0,QuickBite Mobile Accessories 2L,Electronics & Accessories,2930.01,2216.75,99.0,0.0,0.0,0.0,Healthy,0.0,1274631.25
SKU01519,536,347,110,0.375,0.0,NutriPlus Frozen Meat 500g,Frozen Foods,441.41,351.33,1429.3333333333333,0.0,0.0,0.0,Healthy,0.0,188312.88
SKU01520,277,231,69,0.0,0.0,ValueChoice Batteries 1kg,Electronics & Accessories,1113.71,647.21,99.0,0.0,0.0,0.0,Healthy,0.0,179277.17
SKU01521,210,196,61,0.0,0.0,CrispKing Men's Wear 2kg,Apparel & Footwear,2407.72,1619.26,99.0,0.0,0.0,0.0,Healthy,0.0,340044.6
SKU01524,188,127,47,0.0,0.0,FamilyChoice Kids Wear Medium,Apparel & Footwear,1864.17,1041.35,99.0,0.0,0.0,0.0,Healthy,0.0,195773.8
SKU01528,105,70,31,0.0,0.0,SunriseFoods Dishwashing 500ml,Home Care,157.61,119.7,99.0,0.0,0.0,0.0,Healthy,0.0,12568.5
SKU01530,91,53,12,0.5,0.0,HomeStyle Ice Cream Small,Frozen Foods,295.91,230.69,182.0,0.0,0.0,0.0,Healthy,0.0,20992.79
SKU01531,92,92,43,0.0,0.0,FreshFarm Notebooks 1L,Stationery & Office,230.82,172.62,99.0,0.0,0.0,0.0,Healthy,0.0,15881.04
SKU01532,28,24,7,0.0,0.0,SoftTouch Cooking Oil 500g,Grocery,196.08,127.02,99.0,0.0,0.0,0.0,Healthy,0.0,3556.56
SKU01533,185,244,87,0.0,0.0,NatureBlend Spices & Seasoning 1kg,Grocery,276.23,160.95,99.0,0.0,0.0,0.0,Healthy,0.0,29775.749999999996
SKU01536,257,145,51,0.0,0.0,FreshFarm Frozen Vegetables Pack of 12,Frozen Foods,440.4,256.41,99.0,0.0,0.0,0.0,Healthy,0.0,65897.37000000001
SKU01538,8929,1892,660,0.0,0.0,EliteHome Skin Care 250ml,Personal Care,384.58,284.85,99.0,0.0,0.0,0.0,Healthy,0.0,2543425.6500000004
SKU01539,130,122,47,0.125,0.0,UrbanBite Office Supplies 2L,Stationery & Office,347.54,273.83,1040.0,0.0,0.0,0.0,Healthy,0.0,35597.9
SKU01540,201,108,27,0.0,0.0,EverydayPlus Tea Medium,Beverages,115.29,72.03,99.0,0.0,0.0,0.0,Healthy,0.0,14478.03
SKU01543,360,248,83,0.0,0.0,SparkleClean OTC Medicine 2kg,Health & Wellness,1328.2,821.42,99.0,0.0,0.0,0.0,Healthy,0.0,295711.2
SKU01545,409,201,72,0.0,0.0,FamilyChoice Soft Drinks Small,Beverages,186.61,108.48,99.0,0.0,0.0,0.0,Healthy,0.0,44368.32
SKU01546,35,126,40,0.0,0.0,CrispKing Batteries 500g,Electronics & Accessories,562.85,403.96,99.0,0.0,0.0,0.0,Healthy,0.0,14138.599999999999
SKU01548,106,131,41,0.0,0.0,GreenValley Coffee 100g,Beverages,146.21,85.29,99.0,0.0,0.0,0.0,Healthy,0.0,9040.74
SKU01550,394,191,51,0.25,0.0,HealthFirst Writing Instruments 100g,Stationery & Office,34.48,25.03,1576.0,0.0,0.0,0.0,Healthy,0.0,9861.82
SKU01552,140,184,65,0.0,0.0,CityFresh Chips & Crisps Large,Snacks & Confectionery,215.66,149.9,99.0,0.0,0.0,0.0,Healthy,0.0,20986.0
SKU01553,82,85,22,0.0,0.0,PremiumSelect Batteries 500ml,Electronics & Accessories,1178.57,707.6,99.0,0.0,0.0,0.0,Healthy,0.0,58023.200000000004
SKU01554,443,279,109,0.0,0.0,PremiumSelect Chips & Crisps Large,Snacks & Confectionery,228.02,158.09,99.0,0.0,0.0,0.0,Healthy,0.0,70033.87
SKU01557,46,69,24,0.0,0.0,NatureBlend Notebooks Small,Stationery & Office,93.65,54.89,99.0,0.0,0.0,0.0,Healthy,0.0,2524.94
SKU01560,64,33,10,0.0,0.0,PurePlus Chocolates 1L,Snacks & Confectionery,41.4,25.64,99.0,0.0,0.0,0.0,Healthy,0.0,1640.96
SKU01561,189,165,68,0.0,0.0,NutriPlus Hair Care Pack of 6,Personal Care,642.41,390.5,99.0,0.0,0.0,0.0,Healthy,0.0,73804.5
SKU01564,30,119,27,0.0,0.0,EliteHome Batteries Pack of 12,Electronics & Accessories,886.79,699.81,99.0,0.0,0.0,0.0,Healthy,0.0,20994.3
SKU01565,37,52,14,0.25,0.0,QuickBite OTC Medicine Medium,Health & Wellness,1076.02,814.61,148.0,0.0,0.0,0.0,Healthy,0.0,30140.57
SKU01567,7987,1846,633,0.0,0.0,EverydayPlus First Aid 500ml,Health & Wellness,950.45,564.75,99.0,0.0,0.0,0.0,Healthy,0.0,4510658.25
SKU01569,41,39,18,0.0,0.0,NatureBlend Skin Care 100g,Personal Care,441.1,333.06,99.0,0.0,0.0,0.0,Healthy,0.0,13655.460000000001
SKU01571,160,83,34,0.0,0.0,SunriseFoods Energy Drinks Medium,Beverages,109.55,84.3,99.0,0.0,0.0,0.0,Healthy,0.0,13488.0
SKU01573,280,242,79,0.0,0.0,EliteHome Vitamins & Supplements Pack of 12,Health & Wellness,847.69,602.25,99.0,0.0,0.0,0.0,Healthy,0.0,168630.0
SKU01577,35,88,24,0.0,0.0,PureLife Office Supplies 500ml,Stationery & Office,67.67,39.84,99.0,0.0,0.0,0.0,Healthy,0.0,1394.4
SKU01579,52,106,33,0.0,0.0,CityFresh Laundry 250ml,Home Care,384.09,219.93,99.0,0.0,0.0,0.0,Healthy,0.0,11436.36
SKU01580,5140,1130,429,0.25,0.0,PureLife Juices 2L,Beverages,132.1,75.58,20560.0,0.0,0.0,0.0,Healthy,0.0,388481.2
SKU01581,212,121,41,0.0,0.0,EliteHome Kids Wear Large,Apparel & Footwear,791.77,497.2,99.0,0.0,0.0,0.0,Healthy,0.0,105406.4
SKU01582,7626,1681,583,0.0,0.0,ZestyCo Cookware Family Pack,Home & Kitchen,1469.26,1052.77,99.0,0.0,0.0,0.0,Healthy,0.0,8028424.02
SKU01586,187,74,26,0.0,0.0,SparkleClean Kids Wear Small,Apparel & Footwear,3685.13,2416.24,99.0,0.0,0.0,0.0,Healthy,0.0,451836.87999999995
SKU01587,266,133,42,0.125,0.0,GreenValley Frozen Meat 2L,Frozen Foods,939.45,620.53,2128.0,0.0,0.0,0.0,Healthy,0.0,165060.97999999998
SKU01589,462,257,90,0.0,0.0,CrispKing Cooking Oil 2kg,Grocery,136.14,77.14,99.0,0.0,0.0,0.0,Healthy,0.0,35638.68
SKU01591,75,79,26,0.125,0.0,NutriPlus Laundry 2kg,Home Care,239.52,176.66,600.0,0.0,0.0,0.0,Healthy,0.0,13249.5
SKU01592,6806,1434,539,0.0,0.0,QuickBite Small Appliances 500ml,Electronics & Accessories,1748.08,1076.66,99.0,0.0,0.0,0.0,Healthy,0.0,7327747.960000001
SKU01593,230,81,27,0.0,0.0,ValueChoice Surface Cleaners 500ml,Home Care,225.82,172.46,99.0,0.0,0.0,0.0,Healthy,0.0,39665.8
SKU01595,510,255,93,0.0,0.0,EliteHome Candy 2kg,Snacks & Confectionery,170.68,115.77,99.0,0.0,0.0,0.0,Healthy,0.0,59042.7
SKU01597,49,34,10,0.0,0.0,SunriseFoods Notebooks Large,Stationery & Office,327.23,240.36,99.0,0.0,0.0,0.0,Healthy,0.0,11777.640000000001
SKU01599,426,218,64,0.0,0.0,DailyBest Women's Wear 1kg,Apparel & Footwear,1657.47,1169.65,99.0,0.0,0.0,0.0,Healthy,0.0,498270.9
SKU01600,273,150,52,0.125,0.0,UrbanBite Batteries Pack of 6,Electronics & Accessories,419.03,241.87,2184.0,0.0,0.0,0.0,Healthy,0.0,66030.51
SKU01602,493,304,83,0.0,0.0,SunriseFoods Storage & Containers 2L,Home & Kitchen,614.85,432.23,99.0,0.0,0.0,0.0,Healthy,0.0,213089.39
SKU01604,87,75,24,0.25,0.0,NutriPlus Skin Care Pack of 12,Personal Care,127.93,74.34,348.0,0.0,0.0,0.0,Healthy,0.0,6467.58
SKU01605,7895,1861,673,0.125,0.0,EverydayPlus First Aid 500g,Health & Wellness,821.82,651.5,63160.0,0.0,0.0,0.0,Healthy,0.0,5143592.5
SKU01606,376,289,114,0.0,0.0,HomeStyle Yogurt Medium,Dairy & Bakery,187.87,111.69,99.0,0.0,0.0,0.0,Healthy,0.0,41995.44
SKU01607,113,72,27,0.0,0.0,NovaFresh Oral Care 500ml,Personal Care,269.24,208.38,99.0,0.0,0.0,0.0,Healthy,0.0,23546.94
SKU01609,512,269,94,0.0,0.0,CityFresh Frozen Meat 250ml,Frozen Foods,600.87,389.98,99.0,0.0,0.0,0.0,Healthy,0.0,199669.76
SKU01611,376,158,41,0.25,0.0,CrispKing Skin Care Pack of 6,Personal Care,628.95,444.33,1504.0,0.0,0.0,0.0,Healthy,0.0,167068.08
SKU01612,52,36,13,0.0,0.0,ZestyCo Hair Care 1L,Personal Care,151.28,102.03,99.0,0.0,0.0,0.0,Healthy,0.0,5305.56
SKU01613,83,161,58,0.0,0.0,CrispKing Rice & Grains 250g,Grocery,176.32,112.34,99.0,0.0,0.0,0.0,Healthy,0.0,9324.220000000001
SKU01614,107,40,15,0.0,0.0,CrispKing OTC Medicine 2L,Health & Wellness,1232.96,831.84,99.0,0.0,0.0,0.0,Healthy,0.0,89006.88
SKU01615,5,58,25,0.125,0.0,SunriseFoods Frozen Meat 2kg,Frozen Foods,449.46,325.94,40.0,0.0,0.0,0.0,Healthy,0.0,1629.7
SKU01616,102,54,22,0.0,0.0,HealthFirst Office Supplies 250g,Stationery & Office,63.66,41.32,99.0,0.0,0.0,0.0,Healthy,0.0,4214.64
SKU01617,194,264,90,0.0,0.0,SparkleClean Ice Cream Medium,Frozen Foods,182.51,125.26,99.0,0.0,0.0,0.0,Healthy,0.0,24300.440000000002
SKU01620,132,94,24,0.0,0.0,SunriseFoods Biscuits & Cookies 500g,Snacks & Confectionery,197.37,123.3,99.0,0.0,0.0,0.0,Healthy,0.0,16275.6
SKU01621,356,227,71,0.0,0.0,SoftTouch Oral Care 250ml,Personal Care,876.03,530.86,99.0,0.0,0.0,0.0,Healthy,0.0,188986.16
SKU01623,335,122,44,0.0,0.0,SoftTouch Men's Grooming 500g,Personal Care,443.72,353.19,99.0,0.0,0.0,0.0,Healthy,0.0,118318.65
SKU01624,335,187,62,0.0,0.0,GoldenHarvest Oral Care Family Pack,Personal Care,498.35,277.7,99.0,0.0,0.0,0.0,Healthy,0.0,93029.5
SKU01625,209,81,32,0.0,0.0,SunriseFoods Footwear 2kg,Apparel & Footwear,1672.86,1002.07,99.0,0.0,0.0,0.0,Healthy,0.0,209432.63
SKU01626,158,96,40,0.0,0.0,UrbanBite Energy Drinks 2L,Beverages,137.3,108.61,99.0,0.0,0.0,0.0,Healthy,0.0,17160.38
SKU01629,686,305,106,0.0,0.0,NatureBlend Milk 2L,Dairy & Bakery,94.03,67.3,99.0,0.0,0.0,0.0,Healthy,0.0,46167.799999999996
SKU01630,107,112,54,0.0,0.0,DailyBest Mobile Accessories 2L,Electronics & Accessories,1994.81,1273.03,99.0,0.0,0.0,0.0,Healthy,0.0,136214.21
SKU01633,301,199,74,0.0,0.0,PremiumSelect Cooking Oil 250g,Grocery,515.21,356.11,99.0,0.0,0.0,0.0,Healthy,0.0,107189.11
SKU01634,313,129,34,0.0,0.0,EliteHome Office Supplies 500ml,Stationery & Office,174.34,124.95,99.0,0.0,0.0,0.0,Healthy,0.0,39109.35
SKU01635,151,112,43,0.0,0.0,ZestyCo Mobile Accessories 250ml,Electronics & Accessories,1048.53,633.6,99.0,0.0,0.0,0.0,Healthy,0.0,95673.6
SKU01636,77,87,23,0.0,0.0,MetroBrand Candy 500ml,Snacks & Confectionery,179.26,110.31,99.0,0.0,0.0,0.0,Healthy,0.0,8493.87
SKU01637,329,235,95,0.0,0.0,ValueChoice Namkeen 250g,Snacks & Confectionery,193.01,149.18,99.0,0.0,0.0,0.0,Healthy,0.0,49080.22
SKU01638,279,111,28,0.0,0.0,PremiumSelect Soft Drinks Pack of 12,Beverages,94.61,73.74,99.0,0.0,0.0,0.0,Healthy,0.0,20573.46
SKU01639,427,185,55,0.5,0.0,MetroBrand Dishwashing 500ml,Home Care,367.95,276.6,854.0,0.0,0.0,0.0,Healthy,0.0,118108.20000000001
SKU01640,81,31,10,0.0,0.0,NovaFresh Kids Wear 100g,Apparel & Footwear,1332.63,773.61,99.0,0.0,0.0,0.0,Healthy,0.0,62662.41
SKU01641,41,22,8,0.0,0.0,PureLife OTC Medicine 100g,Health & Wellness,759.85,573.41,99.0,0.0,0.0,0.0,Healthy,0.0,23509.809999999998
SKU01642,163,185,75,0.0,0.0,HealthFirst Home Decor 2L,Home & Kitchen,2898.52,1608.12,99.0,0.0,0.0,0.0,Healthy,0.0,262123.55999999997
SKU01643,5104,1298,469,0.0,0.0,FreshFarm Men's Grooming Pack of 6,Personal Care,672.44,470.13,99.0,0.0,0.0,0.0,Healthy,0.0,2399543.52
SKU01644,408,212,65,0.125,0.0,GreenValley Milk 2L,Dairy & Bakery,68.26,49.07,3264.0,0.0,0.0,0.0,Healthy,0.0,20020.56
SKU01645,7608,1714,599,0.0,0.0,UrbanBite Air Fresheners Pack of 12,Home Care,448.03,294.18,99.0,0.0,0.0,0.0,Healthy,0.0,2238121.44
SKU01646,450,274,96,0.0,0.0,PremiumSelect Chips & Crisps Small,Snacks & Confectionery,55.49,37.17,99.0,0.0,0.0,0.0,Healthy,0.0,16726.5
SKU01647,280,112,50,0.0,0.0,EverydayPlus Notebooks Large,Stationery & Office,247.03,181.68,99.0,0.0,0.0,0.0,Healthy,0.0,50870.4
SKU01648,198,81,28,0.0,0.0,MetroBrand Namkeen Family Pack,Snacks & Confectionery,46.69,36.12,99.0,0.0,0.0,0.0,Healthy,0.0,7151.759999999999
SKU01649,8969,1961,671,0.0,0.0,NatureBlend Surface Cleaners Large,Home Care,433.36,258.86,99.0,0.0,0.0,0.0,Healthy,0.0,2321715.3400000003
SKU01650,525,284,103,0.375,0.0,PurePlus Ice Cream Small,Frozen Foods,183.35,107.19,1400.0,0.0,0.0,0.0,Healthy,0.0,56274.75
SKU01651,7395,1560,522,0.0,0.0,CrispKing Sugar & Salt 500ml,Grocery,107.72,76.21,99.0,0.0,0.0,0.0,Healthy,0.0,563572.95
SKU01653,167,80,33,0.25,0.0,ValueChoice Surface Cleaners Pack of 6,Home Care,550.27,329.37,668.0,0.0,0.0,0.0,Healthy,0.0,55004.79
SKU01655,135,76,17,0.0,0.0,SparkleClean Bottled Water Pack of 12,Beverages,62.18,37.26,99.0,0.0,0.0,0.0,Healthy,0.0,5030.099999999999
SKU01656,61,50,15,0.0,0.0,UrbanBite Flour & Atta 2L,Grocery,553.42,370.39,99.0,0.0,0.0,0.0,Healthy,0.0,22593.79
SKU01659,393,234,69,0.0,0.0,BasicNeeds Soft Drinks Pack of 12,Beverages,39.17,26.86,99.0,0.0,0.0,0.0,Healthy,0.0,10555.98
SKU01663,70,95,38,0.0,0.0,ValueChoice Batteries 2kg,Electronics & Accessories,2718.53,2024.19,99.0,0.0,0.0,0.0,Healthy,0.0,141693.30000000002
SKU01665,186,140,55,0.0,0.0,UrbanBite Storage & Containers 2kg,Home & Kitchen,2278.76,1634.03,99.0,0.0,0.0,0.0,Healthy,0.0,303929.58
SKU01666,242,121,47,0.125,0.0,NutriPlus Juices Pack of 12,Beverages,94.34,56.61,1936.0,0.0,0.0,0.0,Healthy,0.0,13699.619999999999
SKU01667,600,257,71,0.0,0.0,EliteHome Candy Medium,Snacks & Confectionery,161.47,122.44,99.0,0.0,0.0,0.0,Healthy,0.0,73464.0
SKU01668,182,237,80,0.0,0.0,FreshFarm Bread Large,Dairy & Bakery,212.25,158.1,99.0,0.0,0.0,0.0,Healthy,0.0,28774.2
SKU01669,225,122,41,0.0,0.0,HealthFirst Coffee Pack of 12,Beverages,133.62,85.98,99.0,0.0,0.0,0.0,Healthy,0.0,19345.5
SKU01670,110,97,27,0.0,0.0,UrbanBite Milk Pack of 12,Dairy & Bakery,280.78,222.07,99.0,0.0,0.0,0.0,Healthy,0.0,24427.7
SKU01672,351,172,69,0.0,0.0,NatureBlend Kids Wear Pack of 12,Apparel & Footwear,2494.85,1384.65,99.0,0.0,0.0,0.0,Healthy,0.0,486012.15
SKU01674,6655,1477,497,0.375,0.0,GreenValley Cookware 1L,Home & Kitchen,1707.75,1195.67,17746.666666666668,0.0,0.0,0.0,Healthy,0.0,7957183.850000001
SKU01675,7287,1688,563,0.0,0.0,ValueChoice Kids Wear 250ml,Apparel & Footwear,922.38,532.89,99.0,0.0,0.0,0.0,Healthy,0.0,3883169.4299999997
SKU01676,87,40,8,0.25,0.0,MetroBrand Storage & Containers Pack of 6,Home & Kitchen,2232.74,1317.04,348.0,0.0,0.0,0.0,Healthy,0.0,114582.48
SKU01678,7978,1793,624,0.5,0.0,FreshFarm Notebooks 2kg,Stationery & Office,227.83,134.81,15956.0,0.0,0.0,0.0,Healthy,0.0,1075514.18
SKU01683,249,85,34,0.0,0.0,QuickBite First Aid Pack of 6,Health & Wellness,513.45,375.76,99.0,0.0,0.0,0.0,Healthy,0.0,93564.23999999999
SKU01684,5803,1278,462,0.0,0.0,HealthFirst Flour & Atta Family Pack,Grocery,170.29,133.93,99.0,0.0,0.0,0.0,Healthy,0.0,777195.79
SKU01686,38,41,13,0.0,0.0,HealthFirst Coffee Medium,Beverages,54.03,30.19,99.0,0.0,0.0,0.0,Healthy,0.0,1147.22
SKU01687,554,242,99,0.0,0.0,HealthFirst Office Supplies 500g,Stationery & Office,284.88,166.59,99.0,0.0,0.0,0.0,Healthy,0.0,92290.86
SKU01689,422,241,102,0.0,0.0,GoldenHarvest Chips & Crisps 100g,Snacks & Confectionery,170.77,116.35,99.0,0.0,0.0,0.0,Healthy,0.0,49099.7
SKU01691,240,116,37,0.0,0.0,MetroBrand Dishwashing 1kg,Home Care,242.67,175.47,99.0,0.0,0.0,0.0,Healthy,0.0,42112.8
SKU01692,82,63,19,0.0,0.0,EverydayPlus Energy Drinks 2kg,Beverages,74.16,58.53,99.0,0.0,0.0,0.0,Healthy,0.0,4799.46
SKU01693,361,204,55,0.25,0.0,SparkleClean Women's Wear 100g,Apparel & Footwear,1483.29,908.43,1444.0,0.0,0.0,0.0,Healthy,0.0,327943.23
SKU01695,318,287,107,0.5,0.0,UrbanBite Mobile Accessories 1L,Electronics & Accessories,1323.43,977.1,636.0,0.0,0.0,0.0,Healthy,0.0,310717.8
SKU01696,8196,1848,649,0.375,0.0,TrueTaste First Aid Pack of 6,Health & Wellness,246.47,183.01,21856.0,0.0,0.0,0.0,Healthy,0.0,1499949.96
SKU01697,185,110,34,0.0,0.0,BasicNeeds Skin Care Pack of 6,Personal Care,306.11,171.69,99.0,0.0,0.0,0.0,Healthy,0.0,31762.649999999998
SKU01698,83,120,29,0.0,0.0,ZestyCo Frozen Meat Family Pack,Frozen Foods,343.81,242.16,99.0,0.0,0.0,0.0,Healthy,0.0,20099.28
SKU01700,92,63,29,0.125,0.0,ValueChoice Soft Drinks 250ml,Beverages,162.9,115.37,736.0,0.0,0.0,0.0,Healthy,0.0,10614.04
SKU01701,132,131,57,0.125,0.0,SunriseFoods Cooking Oil 2kg,Grocery,420.92,307.94,1056.0,0.0,0.0,0.0,Healthy,0.0,40648.08
SKU01702,202,196,81,0.0,0.0,HomeStyle Bread 2L,Dairy & Bakery,252.98,153.23,99.0,0.0,0.0,0.0,Healthy,0.0,30952.46
SKU01704,465,186,66,0.0,0.0,BasicNeeds Soft Drinks Small,Beverages,119.92,84.29,99.0,0.0,0.0,0.0,Healthy,0.0,39194.850000000006
SKU01705,89,94,23,0.0,0.0,SparkleClean Energy Drinks 2L,Beverages,158.38,110.16,99.0,0.0,0.0,0.0,Healthy,0.0,9804.24
SKU01706,156,73,29,0.0,0.0,BasicNeeds Home Decor 1kg,Home & Kitchen,1068.65,824.51,99.0,0.0,0.0,0.0,Healthy,0.0,128623.56
SKU01707,71,25,12,0.0,0.0,QuickBite Bath & Body 2L,Personal Care,352.2,238.65,99.0,0.0,0.0,0.0,Healthy,0.0,16944.15
SKU01708,376,172,71,0.0,0.0,FamilyChoice OTC Medicine Family Pack,Health & Wellness,720.51,540.34,99.0,0.0,0.0,0.0,Healthy,0.0,203167.84000000003
SKU01710,56,22,10,0.0,0.0,PurePlus Small Appliances 2L,Electronics & Accessories,2094.77,1500.75,99.0,0.0,0.0,0.0,Healthy,0.0,84042.0
SKU01712,329,187,66,0.0,0.0,CityFresh Bread 100g,Dairy & Bakery,264.48,163.74,99.0,0.0,0.0,0.0,Healthy,0.0,53870.46000000001
SKU01713,168,166,42,0.125,0.0,QuickBite Cookware 1kg,Home & Kitchen,744.29,514.82,1344.0,0.0,0.0,0.0,Healthy,0.0,86489.76000000001
SKU01715,333,186,75,0.25,0.0,PremiumSelect Home Decor 500ml,Home & Kitchen,2315.8,1299.77,1332.0,0.0,0.0,0.0,Healthy,0.0,432823.41
SKU01716,349,203,70,0.0,0.0,ZestyCo Men's Grooming Large,Personal Care,621.03,349.3,99.0,0.0,0.0,0.0,Healthy,0.0,121905.7
SKU01717,5126,1161,429,0.0,0.0,EliteHome Bottled Water 500ml,Beverages,289.99,226.29,99.0,0.0,0.0,0.0,Healthy,0.0,1159962.54
SKU01718,67,144,45,0.125,0.0,GoldenHarvest Men's Wear Pack of 6,Apparel & Footwear,1752.89,1265.97,536.0,0.0,0.0,0.0,Healthy,0.0,84819.99
SKU01720,188,127,42,0.25,0.0,FreshFarm Men's Wear Small,Apparel & Footwear,2353.73,1861.46,752.0,0.0,0.0,0.0,Healthy,0.0,349954.48
SKU01721,82,87,28,0.25,0.0,CrispKing Rice & Grains Pack of 6,Grocery,505.25,366.43,328.0,0.0,0.0,0.0,Healthy,0.0,30047.260000000002
SKU01722,72,25,8,0.0,0.0,ValueChoice Chocolates Small,Snacks & Confectionery,159.4,108.21,99.0,0.0,0.0,0.0,Healthy,0.0,7791.12
SKU01726,151,68,26,0.0,0.0,SoftTouch Juices Small,Beverages,126.0,95.43,99.0,0.0,0.0,0.0,Healthy,0.0,14409.93
SKU01727,132,64,19,0.0,0.0,QuickBite Chocolates 500ml,Snacks & Confectionery,108.74,73.21,99.0,0.0,0.0,0.0,Healthy,0.0,9663.72
SKU01728,91,101,35,0.0,0.0,QuickBite Cookware Family Pack,Home & Kitchen,1907.83,1418.24,99.0,0.0,0.0,0.0,Healthy,0.0,129059.84
SKU01729,486,227,87,0.0,0.0,NatureBlend Batteries 500g,Electronics & Accessories,2438.69,1631.84,99.0,0.0,0.0,0.0,Healthy,0.0,793074.24
SKU01732,216,196,68,0.0,0.0,PureLife Cheese Small,Dairy & Bakery,402.29,226.75,99.0,0.0,0.0,0.0,Healthy,0.0,48978.0
SKU01733,4161,964,350,0.0,0.0,NutriPlus Namkeen Pack of 12,Snacks & Confectionery,41.71,25.04,99.0,0.0,0.0,0.0,Healthy,0.0,104191.44
SKU01735,331,129,47,0.0,0.0,HealthFirst Vitamins & Supplements 100g,Health & Wellness,997.19,591.26,99.0,0.0,0.0,0.0,Healthy,0.0,195707.06
SKU01738,96,64,24,0.125,0.0,BasicNeeds Hair Care 500ml,Personal Care,676.75,380.86,768.0,0.0,0.0,0.0,Healthy,0.0,36562.56
SKU01741,220,128,58,0.0,0.0,SunriseFoods Chips & Crisps Small,Snacks & Confectionery,153.81,88.55,99.0,0.0,0.0,0.0,Healthy,0.0,19481.0
SKU01742,128,87,32,0.0,0.0,GoldenHarvest Biscuits & Cookies 100g,Snacks & Confectionery,65.38,36.94,99.0,0.0,0.0,0.0,Healthy,0.0,4728.32
SKU01744,152,91,24,0.0,0.0,PurePlus Small Appliances 500ml,Electronics & Accessories,1152.42,708.58,99.0,0.0,0.0,0.0,Healthy,0.0,107704.16
SKU01745,183,176,69,0.0,0.0,ValueChoice Coffee Pack of 6,Beverages,122.25,84.22,99.0,0.0,0.0,0.0,Healthy,0.0,15412.26
SKU01747,262,144,52,0.0,0.0,MetroBrand Frozen Meat 2kg,Frozen Foods,705.35,392.25,99.0,0.0,0.0,0.0,Healthy,0.0,102769.5
SKU01748,361,184,61,0.0,0.0,SoftTouch Cookware 250g,Home & Kitchen,750.21,417.73,99.0,0.0,0.0,0.0,Healthy,0.0,150800.53
SKU01750,115,56,17,0.0,0.0,QuickBite Men's Grooming Small,Personal Care,225.67,169.03,99.0,0.0,0.0,0.0,Healthy,0.0,19438.45
SKU01752,107,184,66,0.0,0.0,CleanWave Ice Cream Family Pack,Frozen Foods,459.19,324.17,99.0,0.0,0.0,0.0,Healthy,0.0,34686.19
SKU01753,96,40,11,0.75,0.0,GoldenHarvest Small Appliances 2L,Electronics & Accessories,2122.2,1631.44,128.0,0.0,0.0,0.0,Healthy,0.0,156618.24
SKU01755,187,98,37,0.0,0.0,MetroBrand Bread Family Pack,Dairy & Bakery,158.5,121.7,99.0,0.0,0.0,0.0,Healthy,0.0,22757.9
SKU01757,226,218,69,0.0,0.0,BasicNeeds Milk 2kg,Dairy & Bakery,92.06,67.41,99.0,0.0,0.0,0.0,Healthy,0.0,15234.66
SKU01758,112,65,30,0.0,0.0,PurePlus Soft Drinks Family Pack,Beverages,127.26,97.7,99.0,0.0,0.0,0.0,Healthy,0.0,10942.4
SKU01759,1,31,6,0.125,0.0,MetroBrand Rice & Grains 1L,Grocery,94.8,55.12,8.0,0.0,0.0,0.0,Healthy,0.0,55.12
SKU01761,67,99,40,0.0,0.0,CrispKing Flour & Atta 1L,Grocery,308.43,206.92,99.0,0.0,0.0,0.0,Healthy,0.0,13863.64
SKU01762,6160,1394,533,0.0,0.0,QuickBite Home Decor 250g,Home & Kitchen,2255.17,1614.7,99.0,0.0,0.0,0.0,Healthy,0.0,9946552.0
SKU01766,7282,1824,663,0.125,0.0,DailyBest Ready Meals Large,Frozen Foods,1036.35,690.64,58256.0,0.0,0.0,0.0,Healthy,0.0,5029240.4799999995
SKU01767,109,60,12,0.0,0.0,PrimeCare Milk 2L,Dairy & Bakery,219.82,133.65,99.0,0.0,0.0,0.0,Healthy,0.0,14567.85
SKU01769,246,107,50,0.125,0.0,ZestyCo Laundry Pack of 12,Home Care,576.91,402.91,1968.0,0.0,0.0,0.0,Healthy,0.0,99115.86
SKU01770,8470,1909,641,0.0,0.0,ZestyCo Ready Meals 2L,Frozen Foods,318.52,186.95,99.0,0.0,0.0,0.0,Healthy,0.0,1583466.5
SKU01771,91,90,27,0.25,0.0,PremiumSelect Hair Care 100g,Personal Care,336.08,200.22,364.0,0.0,0.0,0.0,Healthy,0.0,18220.02
SKU01772,266,136,55,0.0,0.0,NovaFresh Frozen Meat Large,Frozen Foods,252.57,199.03,99.0,0.0,0.0,0.0,Healthy,0.0,52941.98
SKU01773,39,85,37,0.625,0.0,DailyBest Women's Wear 1L,Apparel & Footwear,2961.29,1650.3,62.4,0.0,0.0,0.0,Healthy,0.0,64361.7
SKU01777,175,196,69,0.0,0.0,UrbanBite Hair Care 250ml,Personal Care,485.89,289.34,99.0,0.0,0.0,0.0,Healthy,0.0,50634.49999999999
SKU01779,216,73,18,0.0,0.0,CityFresh Namkeen 1kg,Snacks & Confectionery,130.19,94.26,99.0,0.0,0.0,0.0,Healthy,0.0,20360.16
SKU01781,7425,1580,555,0.0,0.0,CrispKing Soft Drinks 2L,Beverages,260.71,194.31,99.0,0.0,0.0,0.0,Healthy,0.0,1442751.75
SKU01782,169,99,25,0.0,0.0,GoldenHarvest Air Fresheners 1L,Home Care,247.79,186.78,99.0,0.0,0.0,0.0,Healthy,0.0,31565.82
SKU01783,143,115,52,0.0,0.0,DailyBest Cookware 100g,Home & Kitchen,396.76,280.02,99.0,0.0,0.0,0.0,Healthy,0.0,40042.86
SKU01785,87,90,20,0.375,0.0,UrbanBite Bottled Water 100g,Beverages,110.74,83.51,232.0,0.0,0.0,0.0,Healthy,0.0,7265.370000000001
SKU01786,160,232,97,0.0,0.0,FreshFarm Juices 1L,Beverages,299.03,165.59,99.0,0.0,0.0,0.0,Healthy,0.0,26494.4
SKU01791,98,131,38,0.0,0.0,FreshFarm Coffee 2kg,Beverages,129.55,71.37,99.0,0.0,0.0,0.0,Healthy,0.0,6994.26
SKU01792,8073,1705,573,0.0,0.0,SoftTouch Butter & Ghee 500ml,Dairy & Bakery,400.01,250.71,99.0,0.0,0.0,0.0,Healthy,0.0,2023981.83
SKU01793,337,296,107,0.25,0.0,SoftTouch Storage & Containers 1kg,Home & Kitchen,2230.84,1313.05,1348.0,0.0,0.0,0.0,Healthy,0.0,442497.85
SKU01795,14,61,23,0.0,0.0,TrueTaste Bath & Body Medium,Personal Care,262.01,199.41,99.0,0.0,0.0,0.0,Healthy,0.0,2791.74
SKU01796,73,47,12,0.5,0.0,ValueChoice Tea 500ml,Beverages,75.33,48.79,146.0,0.0,0.0,0.0,Healthy,0.0,3561.67
SKU01797,194,92,26,0.125,0.0,SunriseFoods Bottled Water Small,Beverages,74.29,56.41,1552.0,0.0,0.0,0.0,Healthy,0.0,10943.539999999999
SKU01799,41,77,27,0.0,0.0,HomeStyle Cooking Oil 500g,Grocery,244.14,189.76,99.0,0.0,0.0,0.0,Healthy,0.0,7780.16
SKU01800,45,64,26,0.0,0.0,CityFresh Bread 2kg,Dairy & Bakery,144.95,110.41,99.0,0.0,0.0,0.0,Healthy,0.0,4968.45
SKU01801,112,83,30,0.0,0.0,PureLife Home Decor 250ml,Home & Kitchen,948.83,564.27,99.0,0.0,0.0,0.0,Healthy,0.0,63198.24
SKU01802,261,174,49,0.0,0.0,CrispKing First Aid 1kg,Health & Wellness,813.93,627.76,99.0,0.0,0.0,0.0,Healthy,0.0,163845.36
SKU01803,7382,1759,634,0.0,0.0,PureLife Spices & Seasoning 1L,Grocery,316.1,189.07,99.0,0.0,0.0,0.0,Healthy,0.0,1395714.74
SKU01805,8896,1896,681,0.0,0.0,CleanWave Writing Instruments 500ml,Stationery & Office,158.18,94.75,99.0,0.0,0.0,0.0,Healthy,0.0,842896.0
SKU01807,86,37,10,0.0,0.0,PremiumSelect Frozen Vegetables 100g,Frozen Foods,288.3,229.6,99.0,0.0,0.0,0.0,Healthy,0.0,19745.6
SKU01808,399,233,94,0.5,0.0,UrbanBite Ready Meals 2kg,Frozen Foods,225.82,167.4,798.0,0.0,0.0,0.0,Healthy,0.0,66792.6
SKU01809,1,44,18,0.0,0.0,NovaFresh Vitamins & Supplements Medium,Health & Wellness,1072.06,738.13,99.0,0.0,0.0,0.0,Healthy,0.0,738.13
SKU01812,63,89,41,0.0,0.0,MetroBrand Writing Instruments 100g,Stationery & Office,351.24,208.39,99.0,0.0,0.0,0.0,Healthy,0.0,13128.57
SKU01814,61,73,27,0.0,0.0,ValueChoice Kids Wear 500g,Apparel & Footwear,887.42,490.78,99.0,0.0,0.0,0.0,Healthy,0.0,29937.579999999998
SKU01816,54,22,10,0.0,0.0,BasicNeeds Small Appliances Medium,Electronics & Accessories,3324.34,1846.55,99.0,0.0,0.0,0.0,Healthy,0.0,99713.7
SKU01818,7039,1568,523,0.0,0.0,CleanWave Surface Cleaners 2L,Home Care,472.39,301.8,99.0,0.0,0.0,0.0,Healthy,0.0,2124370.2
SKU01819,245,221,90,0.0,0.0,NutriPlus Storage & Containers 250ml,Home & Kitchen,1045.44,658.24,99.0,0.0,0.0,0.0,Healthy,0.0,161268.8
SKU01820,335,151,57,0.875,0.0,PureLife Coffee Small,Beverages,89.1,54.43,382.85714285714283,0.0,0.0,0.0,Healthy,0.0,18234.05
SKU01822,8786,1891,706,0.0,0.0,CleanWave Office Supplies Medium,Stationery & Office,191.35,105.39,99.0,0.0,0.0,0.0,Healthy,0.0,925956.54
SKU01825,187,141,48,0.0,0.0,PrimeCare Frozen Meat Small,Frozen Foods,688.73,406.69,99.0,0.0,0.0,0.0,Healthy,0.0,76051.03
SKU01826,43,37,11,0.0,0.0,SoftTouch Spices & Seasoning 100g,Grocery,156.74,89.43,99.0,0.0,0.0,0.0,Healthy,0.0,3845.4900000000002
SKU01827,7618,1704,582,0.0,0.0,ValueChoice Office Supplies 2kg,Stationery & Office,270.58,167.65,99.0,0.0,0.0,0.0,Healthy,0.0,1277157.7
SKU01828,5492,1242,431,0.0,0.0,NatureBlend Hair Care Small,Personal Care,523.52,334.32,99.0,0.0,0.0,0.0,Healthy,0.0,1836085.44
SKU01830,6825,1438,522,0.0,0.0,SunriseFoods Women's Wear Pack of 12,Apparel & Footwear,1563.44,899.39,99.0,0.0,0.0,0.0,Healthy,0.0,6138336.75
SKU01831,2,43,12,0.0,0.0,QuickBite Vitamins & Supplements 250ml,Health & Wellness,341.82,271.74,99.0,0.0,0.0,0.0,Healthy,0.0,543.48
SKU01833,221,118,40,0.125,0.0,SunriseFoods Sugar & Salt 2L,Grocery,62.59,41.33,1768.0,0.0,0.0,0.0,Healthy,0.0,9133.93
SKU01834,8446,1873,643,0.0,0.0,PureLife Men's Wear Large,Apparel & Footwear,2159.15,1570.25,99.0,0.0,0.0,0.0,Healthy,0.0,13262331.5
SKU01839,34,67,19,0.0,0.0,CityFresh Biscuits & Cookies Large,Snacks & Confectionery,153.87,117.01,99.0,0.0,0.0,0.0,Healthy,0.0,3978.34
SKU01841,356,229,101,0.0,0.0,DailyBest Ice Cream Pack of 6,Frozen Foods,478.63,369.68,99.0,0.0,0.0,0.0,Healthy,0.0,131606.08000000002
SKU01842,72,173,67,0.75,0.0,SoftTouch Pest Control 1L,Home Care,348.33,239.14,96.0,0.0,0.0,0.0,Healthy,0.0,17218.079999999998
SKU01844,229,207,75,0.25,0.0,EliteHome OTC Medicine 500g,Health & Wellness,897.46,500.37,916.0,0.0,0.0,0.0,Healthy,0.0,114584.73
SKU01845,198,90,33,0.0,0.0,NatureBlend Kids Wear 500g,Apparel & Footwear,626.06,484.53,99.0,0.0,0.0,0.0,Healthy,0.0,95936.93999999999
SKU01846,290,210,59,0.0,0.0,BasicNeeds Spices & Seasoning Large,Grocery,189.44,114.3,99.0,0.0,0.0,0.0,Healthy,0.0,33147.0
SKU01848,59,98,37,0.375,0.0,PremiumSelect Writing Instruments 2L,Stationery & Office,274.37,186.82,157.33333333333334,0.0,0.0,0.0,Healthy,0.0,11022.38
SKU01849,201,216,74,0.125,0.0,CleanWave Butter & Ghee 250ml,Dairy & Bakery,145.96,115.3,1608.0,0.0,0.0,0.0,Healthy,0.0,23175.3
SKU01850,41,64,13,0.0,0.0,BasicNeeds Yogurt 100g,Dairy & Bakery,218.29,138.92,99.0,0.0,0.0,0.0,Healthy,0.0,5695.719999999999
SKU01851,5036,1128,399,0.0,0.0,MetroBrand Home Decor Large,Home & Kitchen,1282.27,775.93,99.0,0.0,0.0,0.0,Healthy,0.0,3907583.4799999995
SKU01853,27,40,17,0.0,0.0,DailyBest Men's Grooming Medium,Personal Care,206.97,155.67,99.0,0.0,0.0,0.0,Healthy,0.0,4203.089999999999
SKU01854,8415,1880,684,0.0,0.0,GreenValley Surface Cleaners Small,Home Care,225.3,161.28,99.0,0.0,0.0,0.0,Healthy,0.0,1357171.2
SKU01855,26,52,16,0.0,0.0,EliteHome Women's Wear Small,Apparel & Footwear,1938.76,1264.86,99.0,0.0,0.0,0.0,Healthy,0.0,32886.36
SKU01857,5219,1201,439,0.0,0.0,ValueChoice Air Fresheners Large,Home Care,250.66,197.44,99.0,0.0,0.0,0.0,Healthy,0.0,1030439.36
SKU01858,98,62,16,0.0,0.0,UrbanBite Tea 2L,Beverages,74.37,42.19,99.0,0.0,0.0,0.0,Healthy,0.0,4134.62
SKU01859,421,213,101,0.0,0.0,MetroBrand Footwear 500ml,Apparel & Footwear,1895.5,1401.49,99.0,0.0,0.0,0.0,Healthy,0.0,590027.29
SKU01861,417,242,103,0.0,0.0,UrbanBite Laundry 250ml,Home Care,632.49,501.0,99.0,0.0,0.0,0.0,Healthy,0.0,208917.0
SKU01862,402,259,103,0.125,0.0,SunriseFoods Oral Care 2kg,Personal Care,439.89,303.35,3216.0,0.0,0.0,0.0,Healthy,0.0,121946.70000000001
SKU01865,359,225,89,0.0,0.0,CityFresh First Aid Pack of 6,Health & Wellness,1649.45,1313.63,99.0,0.0,0.0,0.0,Healthy,0.0,471593.17000000004
SKU01867,409,153,51,0.0,0.0,SoftTouch Bath & Body 1kg,Personal Care,102.2,63.74,99.0,0.0,0.0,0.0,Healthy,0.0,26069.66
SKU01868,274,127,55,0.0,0.0,HealthFirst Small Appliances Family Pack,Electronics & Accessories,924.01,588.21,99.0,0.0,0.0,0.0,Healthy,0.0,161169.54
SKU01869,286,149,51,0.0,0.0,DailyBest Batteries 1L,Electronics & Accessories,1753.31,1295.18,99.0,0.0,0.0,0.0,Healthy,0.0,370421.48000000004
SKU01871,40,95,19,0.25,0.0,SoftTouch Bread 2kg,Dairy & Bakery,155.25,85.84,160.0,0.0,0.0,0.0,Healthy,0.0,3433.6000000000004
SKU01874,6606,1434,523,0.0,0.0,SparkleClean OTC Medicine 1L,Health & Wellness,409.33,243.42,99.0,0.0,0.0,0.0,Healthy,0.0,1608032.52
SKU01875,370,168,73,0.0,0.0,SmartBuy Rice & Grains Small,Grocery,290.33,181.81,99.0,0.0,0.0,0.0,Healthy,0.0,67269.7
SKU01877,3622,856,254,0.875,0.0,HomeStyle Vitamins & Supplements 2kg,Health & Wellness,1306.98,939.87,4139.428571428572,0.0,0.0,0.0,Healthy,0.0,3404209.14
SKU01878,118,153,50,0.0,0.0,NutriPlus Office Supplies Family Pack,Stationery & Office,98.98,55.79,99.0,0.0,0.0,0.0,Healthy,0.0,6583.22
SKU01879,447,178,67,0.25,0.0,ValueChoice Frozen Meat 2L,Frozen Foods,415.75,291.79,1788.0,0.0,0.0,0.0,Healthy,0.0,130430.13
SKU01880,7026,1522,543,0.0,0.0,GreenValley Men's Grooming 250ml,Personal Care,509.53,335.86,99.0,0.0,0.0,0.0,Healthy,0.0,2359752.36
SKU01881,295,122,33,0.0,0.0,SparkleClean Ready Meals 100g,Frozen Foods,261.78,193.33,99.0,0.0,0.0,0.0,Healthy,0.0,57032.350000000006
SKU01882,130,120,30,0.75,0.0,PurePlus Namkeen 2L,Snacks & Confectionery,69.32,53.44,173.33333333333334,0.0,0.0,0.0,Healthy,0.0,6947.2
SKU01883,305,146,57,0.0,0.0,CityFresh Energy Drinks Pack of 6,Beverages,62.74,35.53,99.0,0.0,0.0,0.0,Healthy,0.0,10836.65
SKU01884,395,243,106,0.0,0.0,UrbanBite Batteries Large,Electronics & Accessories,1125.1,894.44,99.0,0.0,0.0,0.0,Healthy,0.0,353303.80000000005
SKU01886,96,66,22,0.25,0.0,BasicNeeds Cookware 500g,Home & Kitchen,1996.89,1463.91,384.0,0.0,0.0,0.0,Healthy,0.0,140535.36000000002
SKU01887,192,137,52,0.0,0.0,MetroBrand Vitamins & Supplements Family Pack,Health & Wellness,1220.54,946.87,99.0,0.0,0.0,0.0,Healthy,0.0,181799.04
SKU01888,179,248,79,0.25,0.0,TrueTaste Flour & Atta 2L,Grocery,105.0,77.48,716.0,0.0,0.0,0.0,Healthy,0.0,13868.92
SKU01889,213,229,86,0.125,0.0,SparkleClean Office Supplies 100g,Stationery & Office,83.31,48.96,1704.0,0.0,0.0,0.0,Healthy,0.0,10428.48
SKU01891,562,222,74,0.0,0.0,EverydayPlus Bread 1L,Dairy & Bakery,62.17,34.83,99.0,0.0,0.0,0.0,Healthy,0.0,19574.46
SKU01892,62,182,52,0.125,0.0,CityFresh Storage & Containers Pack of 6,Home & Kitchen,231.9,135.14,496.0,0.0,0.0,0.0,Healthy,0.0,8378.679999999998
SKU01893,259,165,57,0.0,0.0,MetroBrand Batteries 1kg,Electronics & Accessories,2926.57,1654.26,99.0,0.0,0.0,0.0,Healthy,0.0,428453.34
SKU01895,459,228,84,0.0,0.0,SparkleClean Yogurt Small,Dairy & Bakery,95.13,65.69,99.0,0.0,0.0,0.0,Healthy,0.0,30151.71
SKU01896,151,137,64,0.0,0.0,GreenValley Notebooks Family Pack,Stationery & Office,83.38,47.46,99.0,0.0,0.0,0.0,Healthy,0.0,7166.46
SKU01898,173,138,50,0.125,0.0,FamilyChoice Frozen Meat 500ml,Frozen Foods,304.55,221.53,1384.0,0.0,0.0,0.0,Healthy,0.0,38324.69
SKU01899,152,119,41,0.0,0.0,GreenValley Footwear 250ml,Apparel & Footwear,752.97,416.98,99.0,0.0,0.0,0.0,Healthy,0.0,63380.96000000001
SKU01901,231,130,47,0.125,0.0,GreenValley Candy 100g,Snacks & Confectionery,102.51,75.79,1848.0,0.0,0.0,0.0,Healthy,0.0,17507.49
SKU01903,7581,1605,521,0.5,0.0,HealthFirst Bath & Body 100g,Personal Care,359.99,240.8,15162.0,0.0,0.0,0.0,Healthy,0.0,1825504.8
SKU01905,438,366,130,0.0,0.0,SparkleClean Small Appliances 1kg,Electronics & Accessories,2021.49,1379.53,99.0,0.0,0.0,0.0,Healthy,0.0,604234.14
SKU01906,5770,1241,434,0.0,0.0,GreenValley Skin Care Pack of 12,Personal Care,153.28,103.82,99.0,0.0,0.0,0.0,Healthy,0.0,599041.3999999999
SKU01908,106,46,17,0.0,0.0,SmartBuy Small Appliances Small,Electronics & Accessories,2110.37,1602.59,99.0,0.0,0.0,0.0,Healthy,0.0,169874.53999999998
SKU01909,83,147,45,0.0,0.0,CrispKing Men's Grooming Pack of 12,Personal Care,321.25,206.28,99.0,0.0,0.0,0.0,Healthy,0.0,17121.24
SKU01911,7733,1765,610,0.0,0.0,PrimeCare Storage & Containers 2L,Home & Kitchen,1116.98,837.95,99.0,0.0,0.0,0.0,Healthy,0.0,6479867.350000001
SKU01912,92,135,47,0.0,0.0,SoftTouch Frozen Vegetables Pack of 6,Frozen Foods,806.73,553.59,99.0,0.0,0.0,0.0,Healthy,0.0,50930.280000000006
SKU01913,76,102,35,0.0,0.0,PurePlus Energy Drinks 500ml,Beverages,208.36,150.37,99.0,0.0,0.0,0.0,Healthy,0.0,11428.12
SKU01914,132,95,34,0.0,0.0,EverydayPlus Mobile Accessories 100g,Electronics & Accessories,1531.95,871.36,99.0,0.0,0.0,0.0,Healthy,0.0,115019.52
SKU01915,8285,1808,636,0.0,0.0,GoldenHarvest Vitamins & Supplements Large,Health & Wellness,677.32,388.67,99.0,0.0,0.0,0.0,Healthy,0.0,3220130.95
SKU01917,264,188,42,0.25,0.0,FreshFarm Mobile Accessories Family Pack,Electronics & Accessories,986.08,744.3,1056.0,0.0,0.0,0.0,Healthy,0.0,196495.19999999998
SKU01918,166,56,17,0.0,0.0,NovaFresh Cookware Large,Home & Kitchen,529.69,333.25,99.0,0.0,0.0,0.0,Healthy,0.0,55319.5
SKU01919,7323,1694,620,0.0,0.0,SmartBuy Bread 100g,Dairy & Bakery,88.6,70.01,99.0,0.0,0.0,0.0,Healthy,0.0,512683.23000000004
SKU01920,207,195,61,0.25,0.0,CityFresh Air Fresheners Small,Home Care,314.41,232.69,828.0,0.0,0.0,0.0,Healthy,0.0,48166.83
SKU01921,158,109,41,0.0,0.0,SoftTouch Biscuits & Cookies Pack of 6,Snacks & Confectionery,64.75,48.27,99.0,0.0,0.0,0.0,Healthy,0.0,7626.660000000001
SKU01923,619,376,120,0.0,0.0,EverydayPlus Bath & Body Medium,Personal Care,403.84,247.81,99.0,0.0,0.0,0.0,Healthy,0.0,153394.39
SKU01924,68,26,8,0.0,0.0,SmartBuy Hair Care 250g,Personal Care,104.76,66.27,99.0,0.0,0.0,0.0,Healthy,0.0,4506.36
SKU01925,25,106,31,0.0,0.0,HomeStyle Small Appliances 1kg,Electronics & Accessories,1164.18,674.77,99.0,0.0,0.0,0.0,Healthy,0.0,16869.25
SKU01928,155,174,72,0.0,0.0,CrispKing Laundry 250g,Home Care,198.45,146.43,99.0,0.0,0.0,0.0,Healthy,0.0,22696.65
SKU01930,117,181,67,0.0,0.0,PrimeCare Juices 1kg,Beverages,60.28,36.37,99.0,0.0,0.0,0.0,Healthy,0.0,4255.29
SKU01931,110,78,22,0.0,0.0,PrimeCare Women's Wear 250g,Apparel & Footwear,1441.93,969.66,99.0,0.0,0.0,0.0,Healthy,0.0,106662.59999999999
SKU01932,98,36,11,0.0,0.0,EverydayPlus Energy Drinks 500g,Beverages,181.98,130.66,99.0,0.0,0.0,0.0,Healthy,0.0,12804.68
SKU01934,434,228,92,0.0,0.0,NovaFresh Batteries 100g,Electronics & Accessories,671.56,532.12,99.0,0.0,0.0,0.0,Healthy,0.0,230940.08000000002
SKU01935,19,40,15,0.0,0.0,TrueTaste Tea 2kg,Beverages,161.94,97.19,99.0,0.0,0.0,0.0,Healthy,0.0,1846.61
SKU01936,101,79,16,0.375,0.0,HealthFirst OTC Medicine 2kg,Health & Wellness,539.02,329.71,269.3333333333333,0.0,0.0,0.0,Healthy,0.0,33300.71
SKU01938,160,111,41,0.0,0.0,CityFresh Vitamins & Supplements Family Pack,Health & Wellness,1070.48,614.78,99.0,0.0,0.0,0.0,Healthy,0.0,98364.79999999999
SKU01939,6142,1463,501,0.0,0.0,HealthFirst Milk Medium,Dairy & Bakery,297.93,222.4,99.0,0.0,0.0,0.0,Healthy,0.0,1365980.8
SKU01940,308,116,39,0.125,0.0,MetroBrand Pulses & Lentils 250ml,Grocery,127.72,74.5,2464.0,0.0,0.0,0.0,Healthy,0.0,22946.0
SKU01941,98,36,8,0.5,0.0,EverydayPlus Storage & Containers 1L,Home & Kitchen,546.17,363.81,196.0,0.0,0.0,0.0,Healthy,0.0,35653.38
SKU01943,150,197,67,0.125,0.0,BasicNeeds Women's Wear Medium,Apparel & Footwear,1053.43,781.61,1200.0,0.0,0.0,0.0,Healthy,0.0,117241.5
SKU01944,455,191,75,0.0,0.0,SoftTouch Chocolates Small,Snacks & Confectionery,36.52,21.13,99.0,0.0,0.0,0.0,Healthy,0.0,9614.15
SKU01945,306,242,96,0.0,0.0,EliteHome Energy Drinks Large,Beverages,212.86,160.93,99.0,0.0,0.0,0.0,Healthy,0.0,49244.58
SKU01946,146,62,27,0.0,0.0,DailyBest Footwear 2L,Apparel & Footwear,3073.34,2343.85,99.0,0.0,0.0,0.0,Healthy,0.0,342202.1
SKU01947,248,126,36,0.125,0.0,ZestyCo Notebooks Large,Stationery & Office,132.92,99.47,1984.0,0.0,0.0,0.0,Healthy,0.0,24668.56
SKU01949,652,359,114,0.0,0.0,EverydayPlus Men's Wear Small,Apparel & Footwear,1243.2,954.85,99.0,0.0,0.0,0.0,Healthy,0.0,622562.2000000001
SKU01950,480,259,100,0.25,0.0,MetroBrand Candy Pack of 6,Snacks & Confectionery,104.93,77.86,1920.0,0.0,0.0,0.0,Healthy,0.0,37372.8
SKU01951,112,122,49,0.0,0.0,SparkleClean Storage & Containers 250ml,Home & Kitchen,996.14,692.15,99.0,0.0,0.0,0.0,Healthy,0.0,77520.8
SKU01952,80,67,23,0.0,0.0,PrimeCare Small Appliances Pack of 6,Electronics & Accessories,1332.06,1001.92,99.0,0.0,0.0,0.0,Healthy,0.0,80153.59999999999
SKU01954,102,65,19,0.0,0.0,ValueChoice Tea Pack of 6,Beverages,206.88,146.75,99.0,0.0,0.0,0.0,Healthy,0.0,14968.5
SKU01955,518,353,111,0.375,0.0,PurePlus Cookware 1kg,Home & Kitchen,375.68,229.41,1381.3333333333333,0.0,0.0,0.0,Healthy,0.0,118834.38
SKU01958,67,65,32,0.125,0.0,CrispKing Tea Pack of 12,Beverages,94.8,75.59,536.0,0.0,0.0,0.0,Healthy,0.0,5064.530000000001
SKU01960,127,85,29,0.125,0.0,NovaFresh Cheese Small,Dairy & Bakery,98.1,77.75,1016.0,0.0,0.0,0.0,Healthy,0.0,9874.25
SKU01964,125,67,23,0.0,0.0,UrbanBite Storage & Containers Pack of 12,Home & Kitchen,1160.91,917.65,99.0,0.0,0.0,0.0,Healthy,0.0,114706.25
SKU01965,18,83,20,0.25,0.0,QuickBite Batteries Large,Electronics & Accessories,1260.69,872.07,72.0,0.0,0.0,0.0,Healthy,0.0,15697.26
SKU01968,155,159,42,0.125,0.0,BasicNeeds Ice Cream 2kg,Frozen Foods,599.03,459.22,1240.0,0.0,0.0,0.0,Healthy,0.0,71179.1
SKU01969,195,73,22,0.25,0.0,GreenValley Frozen Meat Large,Frozen Foods,488.89,375.01,780.0,0.0,0.0,0.0,Healthy,0.0,73126.95
SKU01970,7867,1773,597,0.0,0.0,FamilyChoice Batteries Large,Electronics & Accessories,1472.18,951.86,99.0,0.0,0.0,0.0,Healthy,0.0,7488282.62
SKU01971,7611,1803,583,0.0,0.0,TrueTaste Kids Wear Large,Apparel & Footwear,2455.1,1369.13,99.0,0.0,0.0,0.0,Healthy,0.0,10420448.430000002
SKU01972,183,66,26,0.25,0.0,QuickBite Office Supplies 2kg,Stationery & Office,81.24,48.03,732.0,0.0,0.0,0.0,Healthy,0.0,8789.49
SKU01975,51,26,12,0.625,0.0,FreshFarm Mobile Accessories Family Pack,Electronics & Accessories,2559.26,1442.97,81.6,0.0,0.0,0.0,Healthy,0.0,73591.47
SKU01976,220,246,104,0.25,0.0,UrbanBite Yogurt Large,Dairy & Bakery,355.82,220.34,880.0,0.0,0.0,0.0,Healthy,0.0,48474.8
SKU01977,319,212,67,0.375,0.0,SmartBuy Yogurt 500g,Dairy & Bakery,107.84,75.19,850.6666666666666,0.0,0.0,0.0,Healthy,0.0,23985.61
SKU01978,180,70,15,0.5,0.0,PrimeCare Vitamins & Supplements 1kg,Health & Wellness,314.35,183.98,360.0,0.0,0.0,0.0,Healthy,0.0,33116.4
SKU01979,75,48,24,0.0,0.0,BasicNeeds Pulses & Lentils 2L,Grocery,174.01,109.44,99.0,0.0,0.0,0.0,Healthy,0.0,8208.0
SKU01981,8785,1842,608,0.0,0.0,NatureBlend Mobile Accessories 500ml,Electronics & Accessories,788.09,452.19,99.0,0.0,0.0,0.0,Healthy,0.0,3972489.15
SKU01983,192,78,22,0.625,0.0,ZestyCo Ready Meals Pack of 12,Frozen Foods,530.92,410.54,307.2,0.0,0.0,0.0,Healthy,0.0,78823.68000000001
SKU01984,163,118,46,0.0,0.0,SunriseFoods Men's Grooming Large,Personal Care,254.86,185.79,99.0,0.0,0.0,0.0,Healthy,0.0,30283.77
SKU01986,4464,1032,412,0.0,0.0,CrispKing Batteries 500ml,Electronics & Accessories,2055.6,1635.75,99.0,0.0,0.0,0.0,Healthy,0.0,7301988.0
SKU01987,11,23,6,0.0,0.0,NovaFresh Ice Cream Medium,Frozen Foods,1078.02,789.99,99.0,0.0,0.0,0.0,Healthy,0.0,8689.89
SKU01991,133,144,48,0.0,0.0,CleanWave Mobile Accessories 250ml,Electronics & Accessories,2731.16,1938.47,99.0,0.0,0.0,0.0,Healthy,0.0,257816.51
SKU01992,75,45,22,0.125,0.0,SmartBuy Home Decor Pack of 6,Home & Kitchen,394.66,299.21,600.0,0.0,0.0,0.0,Healthy,0.0,22440.75
SKU01994,374,184,53,0.0,0.0,PurePlus Vitamins & Supplements Family Pack,Health & Wellness,1289.58,1025.61,99.0,0.0,0.0,0.0,Healthy,0.0,383578.13999999996
SKU01995,216,81,19,0.0,0.0,PrimeCare Hair Care Family Pack,Personal Care,293.37,199.22,99.0,0.0,0.0,0.0,Healthy,0.0,43031.52
SKU01996,68,158,74,0.0,0.0,NovaFresh Dishwashing Medium,Home Care,333.67,260.3,99.0,0.0,0.0,0.0,Healthy,0.0,17700.4
SKU01997,243,94,43,0.625,0.0,NovaFresh Candy 1L,Snacks & Confectionery,78.84,53.8,388.8,0.0,0.0,0.0,Healthy,0.0,13073.4
SKU01999,69,40,20,0.0,0.0,GreenValley Cookware 500ml,Home & Kitchen,1844.71,1176.47,99.0,0.0,0.0,0.0,Healthy,0.0,81176.43000000001
SKU02000,325,214,81,0.0,0.0,BasicNeeds Cookware Family Pack,Home & Kitchen,2827.7,1711.58,99.0,0.0,0.0,0.0,Healthy,0.0,556263.5
SKU02004,82,42,14,0.125,0.0,NutriPlus Ready Meals 100g,Frozen Foods,925.67,551.39,656.0,0.0,0.0,0.0,Healthy,0.0,45213.979999999996
SKU02005,66,47,13,0.125,0.0,QuickBite Batteries Pack of 6,Electronics & Accessories,788.62,505.61,528.0,0.0,0.0,0.0,Healthy,0.0,33370.26
SKU02009,77,187,87,0.125,0.0,GreenValley Men's Wear 100g,Apparel & Footwear,1970.46,1513.37,616.0,0.0,0.0,0.0,Healthy,0.0,116529.48999999999
SKU02010,441,244,98,0.0,0.0,PremiumSelect Skin Care 500g,Personal Care,301.95,184.13,99.0,0.0,0.0,0.0,Healthy,0.0,81201.33
SKU02011,280,137,47,0.0,0.0,DailyBest Men's Wear 500ml,Apparel & Footwear,1226.41,961.62,99.0,0.0,0.0,0.0,Healthy,0.0,269253.6
SKU02012,138,93,21,0.0,0.0,HomeStyle Namkeen 2L,Snacks & Confectionery,71.6,40.22,99.0,0.0,0.0,0.0,Healthy,0.0,5550.36
SKU02013,123,125,55,0.0,0.0,HomeStyle Bath & Body 250g,Personal Care,239.82,170.92,99.0,0.0,0.0,0.0,Healthy,0.0,21023.16
SKU02014,8389,1833,625,0.0,0.0,NovaFresh Home Decor 250ml,Home & Kitchen,675.08,483.57,99.0,0.0,0.0,0.0,Healthy,0.0,4056668.73
SKU02015,228,226,79,0.25,0.0,GreenValley Writing Instruments 2kg,Stationery & Office,104.06,61.29,912.0,0.0,0.0,0.0,Healthy,0.0,13974.119999999999
SKU02016,127,286,114,0.375,0.0,EliteHome Writing Instruments 2L,Stationery & Office,194.97,139.66,338.6666666666667,0.0,0.0,0.0,Healthy,0.0,17736.82
SKU02017,263,98,37,0.375,0.0,QuickBite Bread 2kg,Dairy & Bakery,105.32,68.13,701.3333333333334,0.0,0.0,0.0,Healthy,0.0,17918.19
SKU02018,318,126,54,0.0,0.0,DailyBest Home Decor 100g,Home & Kitchen,1042.89,673.13,99.0,0.0,0.0,0.0,Healthy,0.0,214055.34
SKU02019,17,22,7,0.0,0.0,NatureBlend Writing Instruments 1L,Stationery & Office,326.69,251.35,99.0,0.0,0.0,0.0,Healthy,0.0,4272.95
SKU02020,163,84,36,0.0,0.0,DailyBest Office Supplies Medium,Stationery & Office,143.5,113.09,99.0,0.0,0.0,0.0,Healthy,0.0,18433.670000000002
SKU02022,82,125,50,0.0,0.0,BasicNeeds Small Appliances 250ml,Electronics & Accessories,1330.54,959.35,99.0,0.0,0.0,0.0,Healthy,0.0,78666.7
SKU02023,84,33,12,0.0,0.0,MetroBrand Office Supplies 1L,Stationery & Office,133.8,78.77,99.0,0.0,0.0,0.0,Healthy,0.0,6616.679999999999
SKU02025,255,173,52,0.0,0.0,GreenValley Chips & Crisps 1kg,Snacks & Confectionery,210.28,123.51,99.0,0.0,0.0,0.0,Healthy,0.0,31495.050000000003
SKU02026,26,35,8,0.0,0.0,GoldenHarvest Women's Wear 500ml,Apparel & Footwear,1823.87,1292.51,99.0,0.0,0.0,0.0,Healthy,0.0,33605.26
SKU02027,26,67,17,0.25,0.0,PremiumSelect Coffee 2L,Beverages,152.04,111.23,104.0,0.0,0.0,0.0,Healthy,0.0,2891.98
SKU02029,418,191,64,0.0,0.0,PurePlus First Aid Family Pack,Health & Wellness,463.23,364.99,99.0,0.0,0.0,0.0,Healthy,0.0,152565.82
SKU02031,76,124,40,0.125,0.0,PureLife Batteries 100g,Electronics & Accessories,1821.78,1075.59,608.0,0.0,0.0,0.0,Healthy,0.0,81744.84
SKU02032,290,98,35,0.0,0.0,PurePlus Candy 1L,Snacks & Confectionery,90.84,54.68,99.0,0.0,0.0,0.0,Healthy,0.0,15857.2
SKU02034,84,78,31,0.25,0.0,GreenValley Vitamins & Supplements 100g,Health & Wellness,751.83,476.15,336.0,0.0,0.0,0.0,Healthy,0.0,39996.6
SKU02035,106,46,13,0.625,0.0,PurePlus Vitamins & Supplements 250ml,Health & Wellness,900.31,495.37,169.6,0.0,0.0,0.0,Healthy,0.0,52509.22
SKU02038,6590,1573,504,0.0,0.0,NutriPlus Milk 500ml,Dairy & Bakery,83.56,56.9,99.0,0.0,0.0,0.0,Healthy,0.0,374971.0
SKU02039,173,112,42,0.0,0.0,HomeStyle Dishwashing 1kg,Home Care,351.73,250.9,99.0,0.0,0.0,0.0,Healthy,0.0,43405.700000000004
SKU02042,252,162,62,0.0,0.0,SoftTouch Men's Grooming Small,Personal Care,128.72,97.79,99.0,0.0,0.0,0.0,Healthy,0.0,24643.08
SKU02044,199,140,51,0.0,0.0,PurePlus Candy Pack of 6,Snacks & Confectionery,169.73,116.04,99.0,0.0,0.0,0.0,Healthy,0.0,23091.960000000003
SKU02045,76,26,11,0.0,0.0,PurePlus OTC Medicine Medium,Health & Wellness,1073.39,648.31,99.0,0.0,0.0,0.0,Healthy,0.0,49271.56
SKU02048,400,250,99,0.0,0.0,QuickBite Home Decor 500ml,Home & Kitchen,520.27,318.62,99.0,0.0,0.0,0.0,Healthy,0.0,127448.0
SKU02051,103,221,77,0.125,0.0,ValueChoice Bath & Body Medium,Personal Care,454.54,363.26,824.0,0.0,0.0,0.0,Healthy,0.0,37415.78
SKU02052,296,158,53,0.0,0.0,ValueChoice Pulses & Lentils 2L,Grocery,277.43,157.77,99.0,0.0,0.0,0.0,Healthy,0.0,46699.920000000006
SKU02053,138,62,23,0.0,0.0,TrueTaste Pulses & Lentils Small,Grocery,231.71,146.87,99.0,0.0,0.0,0.0,Healthy,0.0,20268.06
SKU02054,126,80,26,0.5,0.0,HomeStyle Skin Care 100g,Personal Care,148.75,116.84,252.0,0.0,0.0,0.0,Healthy,0.0,14721.84
SKU02055,5853,1345,478,0.375,0.0,ValueChoice Laundry 1kg,Home Care,445.25,296.22,15608.0,0.0,0.0,0.0,Healthy,0.0,1733775.6600000001
SKU02057,7224,1559,595,0.0,0.0,FreshFarm Energy Drinks 250ml,Beverages,167.06,117.15,99.0,0.0,0.0,0.0,Healthy,0.0,846291.6000000001
SKU02058,166,92,26,0.0,0.0,PremiumSelect Cookware Family Pack,Home & Kitchen,521.75,373.64,99.0,0.0,0.0,0.0,Healthy,0.0,62024.24
SKU02061,62,26,10,0.0,0.0,FamilyChoice Small Appliances Pack of 6,Electronics & Accessories,4447.64,2789.75,99.0,0.0,0.0,0.0,Healthy,0.0,172964.5
SKU02063,382,225,69,0.0,0.0,GoldenHarvest First Aid Family Pack,Health & Wellness,429.58,277.39,99.0,0.0,0.0,0.0,Healthy,0.0,105962.98
SKU02064,7611,1708,598,0.0,0.0,CityFresh Soft Drinks 1kg,Beverages,45.95,29.12,99.0,0.0,0.0,0.0,Healthy,0.0,221632.32
SKU02065,326,249,81,0.375,0.0,NovaFresh Juices 100g,Beverages,70.19,51.44,869.3333333333334,0.0,0.0,0.0,Healthy,0.0,16769.44
SKU02067,155,193,46,0.0,0.0,PurePlus Air Fresheners Pack of 6,Home Care,290.9,191.21,99.0,0.0,0.0,0.0,Healthy,0.0,29637.550000000003
SKU02070,4564,1016,339,0.0,0.0,NutriPlus Biscuits & Cookies 500g,Snacks & Confectionery,156.71,93.26,99.0,0.0,0.0,0.0,Healthy,0.0,425638.64
SKU02072,236,94,31,0.0,0.0,DailyBest Tea 500g,Beverages,91.41,54.25,99.0,0.0,0.0,0.0,Healthy,0.0,12803.0
SKU02073,4,82,34,0.0,0.0,MetroBrand Cooking Oil 500g,Grocery,463.5,354.42,99.0,0.0,0.0,0.0,Healthy,0.0,1417.68
SKU02074,82,62,19,0.0,0.0,SoftTouch Dishwashing Pack of 12,Home Care,110.03,77.45,99.0,0.0,0.0,0.0,Healthy,0.0,6350.900000000001
SKU02075,4557,1040,366,0.0,0.0,SunriseFoods Oral Care Pack of 12,Personal Care,587.86,442.48,99.0,0.0,0.0,0.0,Healthy,0.0,2016381.36
SKU02076,30,51,19,0.125,0.0,GoldenHarvest First Aid Pack of 6,Health & Wellness,1012.51,781.8,240.0,0.0,0.0,0.0,Healthy,0.0,23454.0
SKU02078,228,98,29,0.0,0.0,NatureBlend Office Supplies 250g,Stationery & Office,161.99,112.96,99.0,0.0,0.0,0.0,Healthy,0.0,25754.879999999997
SKU02080,163,114,27,0.0,0.0,PrimeCare Writing Instruments 250g,Stationery & Office,100.16,71.61,99.0,0.0,0.0,0.0,Healthy,0.0,11672.43
SKU02081,92,86,34,0.0,0.0,DailyBest First Aid Family Pack,Health & Wellness,610.19,336.34,99.0,0.0,0.0,0.0,Healthy,0.0,30943.28
SKU02083,89,119,33,0.375,0.0,SunriseFoods Writing Instruments Small,Stationery & Office,133.13,101.78,237.33333333333334,0.0,0.0,0.0,Healthy,0.0,9058.42
SKU02085,427,175,54,0.0,0.0,PureLife First Aid 250ml,Health & Wellness,1199.89,738.12,99.0,0.0,0.0,0.0,Healthy,0.0,315177.24
SKU02089,163,93,30,0.0,0.0,EverydayPlus Dishwashing Large,Home Care,410.86,303.98,99.0,0.0,0.0,0.0,Healthy,0.0,49548.740000000005
SKU02090,712,361,113,0.0,0.0,NovaFresh Home Decor Pack of 12,Home & Kitchen,588.59,345.26,99.0,0.0,0.0,0.0,Healthy,0.0,245825.12
SKU02092,380,173,55,0.0,0.0,PurePlus First Aid Family Pack,Health & Wellness,420.0,330.88,99.0,0.0,0.0,0.0,Healthy,0.0,125734.4
SKU02093,267,108,28,0.0,0.0,MetroBrand Dishwashing 500g,Home Care,166.2,94.2,99.0,0.0,0.0,0.0,Healthy,0.0,25151.4
SKU02095,235,87,29,0.0,0.0,GreenValley Small Appliances 250g,Electronics & Accessories,463.44,303.63,99.0,0.0,0.0,0.0,Healthy,0.0,71353.05
SKU02096,61,135,62,0.0,0.0,PureLife Women's Wear 500g,Apparel & Footwear,674.25,430.43,99.0,0.0,0.0,0.0,Healthy,0.0,26256.23
SKU02097,57,73,30,0.5,0.0,HomeStyle Frozen Vegetables Pack of 6,Frozen Foods,894.0,636.98,114.0,0.0,0.0,0.0,Healthy,0.0,36307.86
SKU02099,388,238,86,0.125,0.0,CityFresh Bottled Water Pack of 12,Beverages,160.15,103.7,3104.0,0.0,0.0,0.0,Healthy,0.0,40235.6
SKU02101,70,84,31,0.125,0.0,GoldenHarvest Frozen Meat Medium,Frozen Foods,1016.14,647.81,560.0,0.0,0.0,0.0,Healthy,0.0,45346.7
SKU02103,6650,1512,568,0.0,0.0,MetroBrand Namkeen Medium,Snacks & Confectionery,113.18,85.58,99.0,0.0,0.0,0.0,Healthy,0.0,569107.0
SKU02104,7332,1727,595,0.0,0.0,GoldenHarvest Ready Meals 2kg,Frozen Foods,263.84,179.06,99.0,0.0,0.0,0.0,Healthy,0.0,1312867.92
SKU02108,115,52,20,0.0,0.0,ValueChoice First Aid 500ml,Health & Wellness,610.6,369.25,99.0,0.0,0.0,0.0,Healthy,0.0,42463.75
SKU02110,297,157,61,0.25,0.0,GreenValley Notebooks Medium,Stationery & Office,248.08,164.21,1188.0,0.0,0.0,0.0,Healthy,0.0,48770.37
SKU02111,35,62,16,0.0,0.0,GreenValley Pulses & Lentils 1kg,Grocery,175.31,136.75,99.0,0.0,0.0,0.0,Healthy,0.0,4786.25
SKU02113,175,98,45,0.0,0.0,ZestyCo Spices & Seasoning 2kg,Grocery,309.55,225.98,99.0,0.0,0.0,0.0,Healthy,0.0,39546.5
SKU02115,713,273,95,0.0,0.0,ZestyCo Tea 250ml,Beverages,112.03,62.25,99.0,0.0,0.0,0.0,Healthy,0.0,44384.25
SKU02116,265,172,55,0.125,0.0,SparkleClean Tea 100g,Beverages,149.86,94.23,2120.0,0.0,0.0,0.0,Healthy,0.0,24970.95
SKU02117,81,100,46,0.0,0.0,FreshFarm Small Appliances Large,Electronics & Accessories,3413.2,2444.58,99.0,0.0,0.0,0.0,Healthy,0.0,198010.97999999998
SKU02118,1,33,10,0.25,2.62158203125,GoldenHarvest Batteries Pack of 6,Electronics & Accessories,1908.77,1207.61,4.0,0.0,0.0,0.0,Healthy,0.0,0.0
SKU02119,43,42,16,0.0,0.0,FreshFarm Bottled Water 500ml,Beverages,161.61,92.89,99.0,0.0,0.0,0.0,Healthy,0.0,3994.27
SKU02120,151,258,72,0.0,0.0,ZestyCo Writing Instruments 250g,Stationery & Office,80.4,54.63,99.0,0.0,0.0,0.0,Healthy,0.0,8249.130000000001
SKU02121,50,160,64,0.0,0.0,PremiumSelect Cheese 250g,Dairy & Bakery,217.94,128.28,99.0,0.0,0.0,0.0,Healthy,0.0,6414.0
SKU02122,132,136,59,0.0,0.0,GoldenHarvest Milk 1L,Dairy & Bakery,152.62,95.62,99.0,0.0,0.0,0.0,Healthy,0.0,12621.84
SKU02123,265,159,70,0.0,0.0,FreshFarm Bread Pack of 6,Dairy & Bakery,214.95,145.19,99.0,0.0,0.0,0.0,Healthy,0.0,38475.35
SKU02124,126,57,12,0.0,0.0,NatureBlend Pest Control 1kg,Home Care,165.82,96.02,99.0,0.0,0.0,0.0,Healthy,0.0,12098.519999999999
SKU02125,109,48,17,0.125,0.0,QuickBite Chips & Crisps Small,Snacks & Confectionery,112.77,65.2,872.0,0.0,0.0,0.0,Healthy,0.0,7106.8
SKU02126,69,52,22,0.0,0.0,HomeStyle Dishwashing 250ml,Home Care,313.98,189.18,99.0,0.0,0.0,0.0,Healthy,0.0,13053.42
SKU02127,2,59,14,0.0,0.0,FamilyChoice Biscuits & Cookies 100g,Snacks & Confectionery,126.63,88.38,99.0,0.0,0.0,0.0,Healthy,0.0,176.76
SKU02128,4607,1056,339,0.25,0.0,HomeStyle Spices & Seasoning 2L,Grocery,184.2,144.28,18428.0,0.0,0.0,0.0,Healthy,0.0,664697.96
SKU02129,8538,1929,655,0.0,0.0,UrbanBite Oral Care 500g,Personal Care,227.28,138.59,99.0,0.0,0.0,0.0,Healthy,0.0,1183281.42
SKU02132,146,187,69,0.25,0.0,HomeStyle Hair Care 2kg,Personal Care,428.85,304.0,584.0,0.0,0.0,0.0,Healthy,0.0,44384.0
SKU02136,160,185,49,0.0,0.0,DailyBest Footwear 100g,Apparel & Footwear,3212.47,2313.56,99.0,0.0,0.0,0.0,Healthy,0.0,370169.6
SKU02137,179,69,34,0.25,0.0,EverydayPlus Storage & Containers 500g,Home & Kitchen,1893.03,1048.11,716.0,0.0,0.0,0.0,Healthy,0.0,187611.68999999997
SKU02139,207,89,27,0.0,0.0,GoldenHarvest Writing Instruments 1kg,Stationery & Office,278.4,163.62,99.0,0.0,0.0,0.0,Healthy,0.0,33869.340000000004
SKU02140,94,58,19,0.0,0.0,NutriPlus Skin Care 2kg,Personal Care,278.82,190.54,99.0,0.0,0.0,0.0,Healthy,0.0,17910.76
SKU02142,5450,1278,462,0.0,0.0,QuickBite Eggs 250ml,Dairy & Bakery,150.6,106.61,99.0,0.0,0.0,0.0,Healthy,0.0,581024.5
SKU02143,191,182,76,0.125,0.0,SoftTouch Biscuits & Cookies Pack of 6,Snacks & Confectionery,88.64,66.9,1528.0,0.0,0.0,0.0,Healthy,0.0,12777.900000000001
SKU02144,83,36,13,0.0,0.0,HealthFirst Batteries Pack of 12,Electronics & Accessories,2699.17,1962.87,99.0,0.0,0.0,0.0,Healthy,0.0,162918.21
SKU02145,381,287,85,0.375,0.0,SparkleClean Mobile Accessories 250g,Electronics & Accessories,716.15,529.25,1016.0,0.0,0.0,0.0,Healthy,0.0,201644.25
SKU02148,301,169,63,0.0,0.0,SmartBuy Dishwashing 500ml,Home Care,264.71,178.78,99.0,0.0,0.0,0.0,Healthy,0.0,53812.78
SKU02149,250,194,78,0.0,0.0,BasicNeeds Chocolates 100g,Snacks & Confectionery,72.6,50.57,99.0,0.0,0.0,0.0,Healthy,0.0,12642.5
SKU02150,23,26,8,0.0,0.0,SparkleClean Home Decor Pack of 6,Home & Kitchen,1382.56,999.48,99.0,0.0,0.0,0.0,Healthy,0.0,22988.04
SKU02151,219,232,76,0.0,0.0,TrueTaste Eggs 2kg,Dairy & Bakery,229.08,157.81,99.0,0.0,0.0,0.0,Healthy,0.0,34560.39
SKU02152,88,88,32,0.0,0.0,BasicNeeds Juices 2kg,Beverages,134.44,97.82,99.0,0.0,0.0,0.0,Healthy,0.0,8608.16
SKU02156,490,352,99,0.375,0.0,CleanWave Juices Family Pack,Beverages,184.79,111.66,1306.6666666666667,0.0,0.0,0.0,Healthy,0.0,54713.4
SKU02157,78,47,21,0.0,0.0,NatureBlend Bread 500ml,Dairy & Bakery,182.04,106.66,99.0,0.0,0.0,0.0,Healthy,0.0,8319.48
SKU02159,86,42,14,0.0,0.0,PremiumSelect Eggs 1kg,Dairy & Bakery,221.13,132.37,99.0,0.0,0.0,0.0,Healthy,0.0,11383.82
SKU02162,46,56,22,0.5,0.0,DailyBest Rice & Grains 1kg,Grocery,400.99,269.15,92.0,0.0,0.0,0.0,Healthy,0.0,12380.9
SKU02163,282,96,38,0.125,0.0,ValueChoice Ice Cream 500g,Frozen Foods,791.7,613.87,2256.0,0.0,0.0,0.0,Healthy,0.0,173111.34
SKU02164,7824,1809,632,0.5,0.0,EverydayPlus Rice & Grains 500g,Grocery,341.73,262.97,15648.0,0.0,0.0,0.0,Healthy,0.0,2057477.2800000003
SKU02166,160,174,44,0.0,0.0,PurePlus Cooking Oil 1L,Grocery,434.78,343.57,99.0,0.0,0.0,0.0,Healthy,0.0,54971.2
SKU02168,183,80,17,0.375,0.0,NovaFresh Pest Control 2L,Home Care,482.68,293.7,488.0,0.0,0.0,0.0,Healthy,0.0,53747.1
SKU02169,634,311,118,0.375,0.0,ZestyCo Storage & Containers Medium,Home & Kitchen,1126.93,808.64,1690.6666666666667,0.0,0.0,0.0,Healthy,0.0,512677.76
SKU02171,357,199,69,0.0,0.0,UrbanBite Juices 2kg,Beverages,55.54,34.03,99.0,0.0,0.0,0.0,Healthy,0.0,12148.710000000001
SKU02172,4924,1047,334,0.0,0.0,PureLife Pulses & Lentils 2kg,Grocery,150.49,96.73,99.0,0.0,0.0,0.0,Healthy,0.0,476298.52
SKU02173,216,94,35,0.0,0.0,NovaFresh Men's Grooming 250ml,Personal Care,474.22,288.45,99.0,0.0,0.0,0.0,Healthy,0.0,62305.2
SKU02175,88,120,46,0.0,0.0,SmartBuy Batteries Large,Electronics & Accessories,1631.55,1047.28,99.0,0.0,0.0,0.0,Healthy,0.0,92160.64
SKU02178,64,54,14,0.5,0.0,EliteHome Namkeen Large,Snacks & Confectionery,188.27,127.67,128.0,0.0,0.0,0.0,Healthy,0.0,8170.88
SKU02180,232,223,77,0.0,0.0,FamilyChoice Juices 250g,Beverages,98.03,54.69,99.0,0.0,0.0,0.0,Healthy,0.0,12688.08
SKU02183,134,104,39,0.0,0.0,QuickBite Butter & Ghee 500ml,Dairy & Bakery,254.69,189.65,99.0,0.0,0.0,0.0,Healthy,0.0,25413.100000000002
SKU02184,231,164,66,0.0,0.0,NutriPlus Men's Wear 500ml,Apparel & Footwear,2231.8,1426.11,99.0,0.0,0.0,0.0,Healthy,0.0,329431.41
SKU02185,102,73,21,0.375,0.0,TrueTaste Frozen Meat 1L,Frozen Foods,644.41,502.54,272.0,0.0,0.0,0.0,Healthy,0.0,51259.08
SKU02186,92,54,18,0.0,0.0,EverydayPlus Frozen Vegetables Pack of 12,Frozen Foods,553.53,420.71,99.0,0.0,0.0,0.0,Healthy,0.0,38705.32
SKU02187,126,80,34,0.0,0.0,CityFresh Pest Control 2kg,Home Care,242.07,138.12,99.0,0.0,0.0,0.0,Healthy,0.0,17403.12
SKU02188,67,46,16,0.25,0.0,CleanWave Women's Wear 2L,Apparel & Footwear,2696.63,2091.88,268.0,0.0,0.0,0.0,Healthy,0.0,140155.96000000002
SKU02189,137,119,39,0.25,0.0,NovaFresh Rice & Grains 1kg,Grocery,100.87,61.1,548.0,0.0,0.0,0.0,Healthy,0.0,8370.7
SKU02190,156,84,26,0.0,0.0,PureLife Tea Large,Beverages,269.28,210.26,99.0,0.0,0.0,0.0,Healthy,0.0,32800.56
SKU02191,274,124,40,0.0,0.0,QuickBite Pest Control 250g,Home Care,360.08,254.82,99.0,0.0,0.0,0.0,Healthy,0.0,69820.68
SKU02192,405,202,88,0.0,0.0,CityFresh Hair Care 250g,Personal Care,616.15,402.33,99.0,0.0,0.0,0.0,Healthy,0.0,162943.65
SKU02193,125,57,22,0.0,0.0,SoftTouch Ready Meals 100g,Frozen Foods,274.13,180.68,99.0,0.0,0.0,0.0,Healthy,0.0,22585.0
SKU02194,5994,1375,483,0.125,0.0,PrimeCare Batteries 250ml,Electronics & Accessories,1082.06,747.38,47952.0,0.0,0.0,0.0,Healthy,0.0,4479795.72
SKU02195,382,272,87,0.0,0.0,ValueChoice OTC Medicine Pack of 6,Health & Wellness,486.3,370.06,99.0,0.0,0.0,0.0,Healthy,0.0,141362.92
SKU02196,200,112,40,0.0,0.0,SoftTouch Cheese Family Pack,Dairy & Bakery,303.5,230.43,99.0,0.0,0.0,0.0,Healthy,0.0,46086.0
SKU02197,269,210,78,0.0,0.0,HealthFirst Milk 500ml,Dairy & Bakery,133.98,87.59,99.0,0.0,0.0,0.0,Healthy,0.0,23561.71
SKU02199,288,183,76,0.0,0.0,HealthFirst Candy 250ml,Snacks & Confectionery,106.6,71.21,99.0,0.0,0.0,0.0,Healthy,0.0,20508.48
SKU02200,114,72,15,0.0,0.0,PrimeCare Ready Meals 250g,Frozen Foods,866.94,567.31,99.0,0.0,0.0,0.0,Healthy,0.0,64673.34
SKU02202,16,38,8,0.0,0.0,CityFresh Footwear Pack of 12,Apparel & Footwear,2114.18,1600.4,99.0,0.0,0.0,0.0,Healthy,0.0,25606.4
SKU02203,98,138,47,0.0,0.0,MetroBrand Batteries 100g,Electronics & Accessories,886.54,625.02,99.0,0.0,0.0,0.0,Healthy,0.0,61251.96
SKU02205,7142,1700,529,0.0,0.0,EliteHome Yogurt 1kg,Dairy & Bakery,65.71,47.02,99.0,0.0,0.0,0.0,Healthy,0.0,335816.84
SKU02206,91,109,34,0.0,0.0,CleanWave Oral Care Pack of 12,Personal Care,225.75,172.76,99.0,0.0,0.0,0.0,Healthy,0.0,15721.16
SKU02207,215,150,68,0.0,0.0,CityFresh Hair Care Medium,Personal Care,318.58,190.97,99.0,0.0,0.0,0.0,Healthy,0.0,41058.55
SKU02209,7739,1665,570,0.0,0.0,CityFresh OTC Medicine Pack of 12,Health & Wellness,980.37,632.41,99.0,0.0,0.0,0.0,Healthy,0.0,4894220.989999999
SKU02210,255,125,44,0.25,0.0,PrimeCare Chips & Crisps Pack of 12,Snacks & Confectionery,101.42,57.71,1020.0,0.0,0.0,0.0,Healthy,0.0,14716.050000000001
SKU02211,7710,1721,526,0.0,0.0,NovaFresh Vitamins & Supplements 500g,Health & Wellness,1230.59,779.6,99.0,0.0,0.0,0.0,Healthy,0.0,6010716.0
SKU02214,86,128,44,0.0,0.0,MetroBrand Juices Pack of 6,Beverages,196.14,147.64,99.0,0.0,0.0,0.0,Healthy,0.0,12697.039999999999
SKU02217,7415,1726,603,0.0,0.0,NutriPlus Bath & Body 2kg,Personal Care,457.34,298.38,99.0,0.0,0.0,0.0,Healthy,0.0,2212487.7
SKU02218,11,73,26,0.0,0.0,QuickBite Chocolates Medium,Snacks & Confectionery,132.03,76.95,99.0,0.0,0.0,0.0,Healthy,0.0,846.45
SKU02220,279,328,96,0.0,0.0,HomeStyle Chips & Crisps 1kg,Snacks & Confectionery,146.7,98.37,99.0,0.0,0.0,0.0,Healthy,0.0,27445.23
SKU02221,7194,1497,553,0.0,0.0,DailyBest Spices & Seasoning Small,Grocery,125.4,87.43,99.0,0.0,0.0,0.0,Healthy,0.0,628971.42
SKU02222,66,146,55,0.625,0.0,SparkleClean Men's Wear 250g,Apparel & Footwear,2423.1,1804.42,105.6,0.0,0.0,0.0,Healthy,0.0,119091.72
SKU02223,4181,994,343,0.0,0.0,NovaFresh Flour & Atta 500ml,Grocery,257.58,191.65,99.0,0.0,0.0,0.0,Healthy,0.0,801288.65
SKU02224,4419,921,330,0.0,0.0,SparkleClean Hair Care Small,Personal Care,160.25,108.81,99.0,0.0,0.0,0.0,Healthy,0.0,480831.39
SKU02226,17,25,6,0.0,0.0,GoldenHarvest Office Supplies 1kg,Stationery & Office,101.4,79.39,99.0,0.0,0.0,0.0,Healthy,0.0,1349.63
SKU02227,247,261,102,0.0,0.0,SparkleClean Storage & Containers 500g,Home & Kitchen,1096.48,775.96,99.0,0.0,0.0,0.0,Healthy,0.0,191662.12
SKU02228,310,235,74,0.0,0.0,NutriPlus Tea 100g,Beverages,183.13,102.48,99.0,0.0,0.0,0.0,Healthy,0.0,31768.800000000003
SKU02229,300,259,97,0.0,0.0,HealthFirst Writing Instruments 250g,Stationery & Office,131.84,98.09,99.0,0.0,0.0,0.0,Healthy,0.0,29427.0
SKU02230,127,171,53,0.125,0.0,NutriPlus First Aid Medium,Health & Wellness,978.76,756.56,1016.0,0.0,0.0,0.0,Healthy,0.0,96083.12
SKU02236,44,26,7,0.0,0.0,HomeStyle Cookware 100g,Home & Kitchen,1139.18,876.02,99.0,0.0,0.0,0.0,Healthy,0.0,38544.88
SKU02237,28,26,6,0.0,0.0,ValueChoice Office Supplies Pack of 12,Stationery & Office,96.48,55.84,99.0,0.0,0.0,0.0,Healthy,0.0,1563.52
SKU02238,207,279,93,0.0,0.0,SunriseFoods Writing Instruments 100g,Stationery & Office,164.94,91.43,99.0,0.0,0.0,0.0,Healthy,0.0,18926.010000000002
SKU02239,250,117,33,0.0,0.0,HealthFirst Notebooks 250g,Stationery & Office,239.19,153.89,99.0,0.0,0.0,0.0,Healthy,0.0,38472.5
SKU02240,145,120,44,0.125,0.0,PurePlus Home Decor Small,Home & Kitchen,1865.7,1208.47,1160.0,0.0,0.0,0.0,Healthy,0.0,175228.15
SKU02241,224,86,34,0.0,0.0,GreenValley Pest Control 2L,Home Care,189.56,140.91,99.0,0.0,0.0,0.0,Healthy,0.0,31563.84
SKU02242,163,212,85,0.0,0.0,PrimeCare Chocolates 1L,Snacks & Confectionery,143.27,79.11,99.0,0.0,0.0,0.0,Healthy,0.0,12894.93
SKU02243,155,197,77,0.0,0.0,SunriseFoods Vitamins & Supplements 1kg,Health & Wellness,589.04,436.48,99.0,0.0,0.0,0.0,Healthy,0.0,67654.40000000001
SKU02244,165,172,80,0.0,0.0,HealthFirst Biscuits & Cookies 500g,Snacks & Confectionery,52.43,35.87,99.0,0.0,0.0,0.0,Healthy,0.0,5918.549999999999
SKU02245,286,326,85,0.0,0.0,NutriPlus Surface Cleaners 500ml,Home Care,159.32,115.42,99.0,0.0,0.0,0.0,Healthy,0.0,33010.12
SKU02246,238,85,40,0.125,0.0,UrbanBite Vitamins & Supplements 250ml,Health & Wellness,757.44,513.03,1904.0,0.0,0.0,0.0,Healthy,0.0,122101.14
SKU02248,7947,1716,578,0.0,0.0,EverydayPlus Milk 500g,Dairy & Bakery,129.3,85.24,99.0,0.0,0.0,0.0,Healthy,0.0,677402.2799999999
SKU02250,23,72,33,0.0,0.0,CityFresh Batteries 250g,Electronics & Accessories,2070.86,1468.51,99.0,0.0,0.0,0.0,Healthy,0.0,33775.73
SKU02252,93,94,38,0.0,0.0,MetroBrand Ready Meals 2kg,Frozen Foods,523.38,327.56,99.0,0.0,0.0,0.0,Healthy,0.0,30463.08
SKU02253,9056,1946,645,0.0,0.0,PrimeCare Mobile Accessories 1kg,Electronics & Accessories,1411.83,1098.95,99.0,0.0,0.0,0.0,Healthy,0.0,9952091.200000001
SKU02254,104,72,30,0.0,0.0,SunriseFoods Frozen Vegetables 2L,Frozen Foods,563.54,411.85,99.0,0.0,0.0,0.0,Healthy,0.0,42832.4
SKU02255,4765,1029,358,0.0,0.0,ZestyCo Oral Care 1L,Personal Care,234.37,140.44,99.0,0.0,0.0,0.0,Healthy,0.0,669196.6
SKU02261,168,65,26,0.0,0.0,PremiumSelect Frozen Vegetables 500g,Frozen Foods,468.89,304.67,99.0,0.0,0.0,0.0,Healthy,0.0,51184.560000000005
SKU02262,255,144,57,0.0,0.0,PureLife Rice & Grains 500ml,Grocery,196.24,135.16,99.0,0.0,0.0,0.0,Healthy,0.0,34465.799999999996
SKU02263,56,20,5,0.0,0.0,SoftTouch Writing Instruments 2L,Stationery & Office,175.26,109.63,99.0,0.0,0.0,0.0,Healthy,0.0,6139.28
SKU02264,154,154,54,0.625,0.0,SoftTouch Vitamins & Supplements 250g,Health & Wellness,676.6,384.82,246.4,0.0,0.0,0.0,Healthy,0.0,59262.28
SKU02265,143,163,62,0.125,0.0,DailyBest Hair Care 2L,Personal Care,846.76,518.56,1144.0,0.0,0.0,0.0,Healthy,0.0,74154.07999999999
SKU02267,8084,1829,647,0.125,0.0,SmartBuy OTC Medicine Pack of 6,Health & Wellness,595.15,415.23,64672.0,0.0,0.0,0.0,Healthy,0.0,3356719.3200000003
SKU02268,291,1561,572,0.375,0.0,NovaFresh Butter & Ghee 100g,Dairy & Bakery,205.47,127.5,776.0,0.0,0.0,0.0,Healthy,0.0,37102.5
SKU02269,451,294,92,0.0,0.0,UrbanBite Yogurt 500g,Dairy & Bakery,132.98,90.88,99.0,0.0,0.0,0.0,Healthy,0.0,40986.88
SKU02271,459,336,105,0.625,0.0,MetroBrand Eggs Pack of 6,Dairy & Bakery,334.93,206.51,734.4,0.0,0.0,0.0,Healthy,0.0,94788.09
SKU02272,71,27,10,0.5,0.0,NovaFresh Footwear Pack of 12,Apparel & Footwear,2530.84,1860.94,142.0,0.0,0.0,0.0,Healthy,0.0,132126.74
SKU02273,396,185,55,0.0,0.0,SunriseFoods Juices 1L,Beverages,212.66,152.46,99.0,0.0,0.0,0.0,Healthy,0.0,60374.16
SKU02274,109,90,39,0.0,0.0,TrueTaste Footwear 250g,Apparel & Footwear,2368.45,1705.45,99.0,0.0,0.0,0.0,Healthy,0.0,185894.05000000002
SKU02275,121,45,14,0.0,0.0,CleanWave Men's Grooming 250ml,Personal Care,188.12,123.86,99.0,0.0,0.0,0.0,Healthy,0.0,14987.06
SKU02276,20,27,8,0.0,0.0,SoftTouch Ready Meals Small,Frozen Foods,681.53,428.78,99.0,0.0,0.0,0.0,Healthy,0.0,8575.599999999999
SKU02278,96,63,26,0.625,0.0,EliteHome Bath & Body Pack of 12,Personal Care,531.96,420.13,153.6,0.0,0.0,0.0,Healthy,0.0,40332.479999999996
SKU02279,7649,1794,643,0.0,0.0,SmartBuy Footwear 250ml,Apparel & Footwear,1825.01,1201.75,99.0,0.0,0.0,0.0,Healthy,0.0,9192185.75
SKU02280,130,63,31,0.25,0.0,GoldenHarvest Yogurt 100g,Dairy & Bakery,335.12,240.05,520.0,0.0,0.0,0.0,Healthy,0.0,31206.5
SKU02282,123,81,39,0.125,0.0,UrbanBite Ready Meals 100g,Frozen Foods,199.33,156.11,984.0,0.0,0.0,0.0,Healthy,0.0,19201.530000000002
SKU02284,427,201,62,0.25,0.0,ValueChoice Eggs 500g,Dairy & Bakery,238.86,158.75,1708.0,0.0,0.0,0.0,Healthy,0.0,67786.25
SKU02286,39,23,5,0.0,0.0,PureLife Ready Meals 100g,Frozen Foods,486.15,355.94,99.0,0.0,0.0,0.0,Healthy,0.0,13881.66
SKU02287,338,227,63,0.125,0.0,SoftTouch OTC Medicine 250g,Health & Wellness,665.21,485.82,2704.0,0.0,0.0,0.0,Healthy,0.0,164207.16
SKU02289,121,260,107,0.0,0.0,ValueChoice Storage & Containers Family Pack,Home & Kitchen,806.83,591.6,99.0,0.0,0.0,0.0,Healthy,0.0,71583.6
SKU02290,4108,909,267,0.0,0.0,EverydayPlus Cooking Oil 100g,Grocery,173.84,116.03,99.0,0.0,0.0,0.0,Healthy,0.0,476651.24
SKU02292,152,89,24,0.0,0.0,EverydayPlus Flour & Atta Medium,Grocery,283.47,217.59,99.0,0.0,0.0,0.0,Healthy,0.0,33073.68
SKU02293,281,147,66,0.0,0.0,SmartBuy Flour & Atta 2kg,Grocery,171.48,108.24,99.0,0.0,0.0,0.0,Healthy,0.0,30415.44
SKU02296,299,148,56,0.0,0.0,ValueChoice Home Decor Pack of 12,Home & Kitchen,1019.37,686.74,99.0,0.0,0.0,0.0,Healthy,0.0,205335.26
SKU02299,164,147,61,0.0,0.0,ValueChoice Kids Wear Pack of 12,Apparel & Footwear,2732.69,1920.99,99.0,0.0,0.0,0.0,Healthy,0.0,315042.36
SKU02302,8624,1810,691,0.0,0.0,GreenValley Home Decor Large,Home & Kitchen,1747.82,1352.92,99.0,0.0,0.0,0.0,Healthy,0.0,11667582.08
SKU02303,132,65,22,0.0,0.0,PremiumSelect Energy Drinks Large,Beverages,180.7,134.02,99.0,0.0,0.0,0.0,Healthy,0.0,17690.640000000003
SKU02304,398,173,71,0.0,0.0,SunriseFoods Pest Control Family Pack,Home Care,407.42,312.75,99.0,0.0,0.0,0.0,Healthy,0.0,124474.5
SKU02305,262,134,46,0.0,0.0,UrbanBite Kids Wear Pack of 12,Apparel & Footwear,1919.2,1066.11,99.0,0.0,0.0,0.0,Healthy,0.0,279320.81999999995
SKU02307,270,211,88,0.25,0.0,CrispKing Storage & Containers 250g,Home & Kitchen,2067.44,1582.15,1080.0,0.0,0.0,0.0,Healthy,0.0,427180.5
SKU02308,435,190,89,0.625,0.0,EverydayPlus Office Supplies 250g,Stationery & Office,93.35,61.9,696.0,0.0,0.0,0.0,Healthy,0.0,26926.5
SKU02309,67,96,35,0.125,0.0,SunriseFoods Laundry Family Pack,Home Care,272.44,195.72,536.0,0.0,0.0,0.0,Healthy,0.0,13113.24
SKU02310,1,72,36,0.0,0.0,EverydayPlus Spices & Seasoning 250ml,Grocery,187.67,115.98,99.0,0.0,0.0,0.0,Healthy,0.0,115.98
SKU02311,675,376,120,0.0,0.0,EverydayPlus Oral Care 250g,Personal Care,650.22,464.68,99.0,0.0,0.0,0.0,Healthy,0.0,313659.0
SKU02312,529,346,126,0.0,0.0,SmartBuy Candy 1kg,Snacks & Confectionery,87.19,65.37,99.0,0.0,0.0,0.0,Healthy,0.0,34580.73
SKU02313,309,228,78,0.0,0.0,NatureBlend Dishwashing 100g,Home Care,176.52,118.43,99.0,0.0,0.0,0.0,Healthy,0.0,36594.87
SKU02316,96,67,18,0.0,0.0,BasicNeeds Chocolates 250ml,Snacks & Confectionery,161.51,118.1,99.0,0.0,0.0,0.0,Healthy,0.0,11337.599999999999
SKU02317,266,153,50,0.75,0.0,BasicNeeds Bread Small,Dairy & Bakery,287.3,208.56,354.6666666666667,0.0,0.0,0.0,Healthy,0.0,55476.96
SKU02318,109,128,49,0.0,0.0,CrispKing Batteries 1L,Electronics & Accessories,2419.19,1624.67,99.0,0.0,0.0,0.0,Healthy,0.0,177089.03
SKU02319,247,141,39,0.0,0.0,EverydayPlus Sugar & Salt Family Pack,Grocery,111.7,88.96,99.0,0.0,0.0,0.0,Healthy,0.0,21973.12
SKU02321,205,71,35,0.0,0.0,DailyBest Home Decor 250g,Home & Kitchen,1199.36,707.11,99.0,0.0,0.0,0.0,Healthy,0.0,144957.55
SKU02324,28,115,53,0.125,0.0,PrimeCare Biscuits & Cookies 2L,Snacks & Confectionery,102.02,75.57,224.0,0.0,0.0,0.0,Healthy,0.0,2115.96
SKU02326,126,228,84,0.0,0.0,PureLife Air Fresheners 250ml,Home Care,519.52,399.98,99.0,0.0,0.0,0.0,Healthy,0.0,50397.48
SKU02327,167,125,48,0.0,0.0,DailyBest Ready Meals 100g,Frozen Foods,753.71,498.0,99.0,0.0,0.0,0.0,Healthy,0.0,83166.0
SKU02328,27,87,33,0.0,0.0,PremiumSelect Namkeen Small,Snacks & Confectionery,58.96,37.12,99.0,0.0,0.0,0.0,Healthy,0.0,1002.2399999999999
SKU02329,6795,1521,505,0.0,0.0,SunriseFoods Spices & Seasoning Small,Grocery,166.7,116.71,99.0,0.0,0.0,0.0,Healthy,0.0,793044.45
SKU02330,396,255,111,1.0,0.0,ValueChoice Bottled Water Pack of 6,Beverages,221.38,144.44,396.0,0.0,0.0,0.0,Healthy,0.0,57198.24
SKU02331,5491,1269,451,0.0,0.0,NatureBlend First Aid 500ml,Health & Wellness,631.92,430.31,99.0,0.0,0.0,0.0,Healthy,0.0,2362832.21
SKU02332,158,117,48,0.0,0.0,QuickBite Cookware 100g,Home & Kitchen,2063.24,1207.11,99.0,0.0,0.0,0.0,Healthy,0.0,190723.37999999998
SKU02334,295,161,52,0.0,0.0,HomeStyle Cheese Pack of 6,Dairy & Bakery,240.73,160.85,99.0,0.0,0.0,0.0,Healthy,0.0,47450.75
SKU02337,200,159,72,0.125,0.0,HomeStyle Candy Pack of 12,Snacks & Confectionery,62.34,34.88,1600.0,0.0,0.0,0.0,Healthy,0.0,6976.000000000001
SKU02341,290,107,51,0.0,0.0,MetroBrand Skin Care Pack of 12,Personal Care,404.64,278.01,99.0,0.0,0.0,0.0,Healthy,0.0,80622.9
SKU02342,137,129,42,0.0,0.0,DailyBest Eggs 500ml,Dairy & Bakery,143.15,85.76,99.0,0.0,0.0,0.0,Healthy,0.0,11749.12
SKU02343,242,197,81,0.0,0.0,GoldenHarvest Notebooks Pack of 12,Stationery & Office,209.72,127.47,99.0,0.0,0.0,0.0,Healthy,0.0,30847.739999999998
SKU02344,71,80,24,0.625,0.0,NatureBlend Vitamins & Supplements Pack of 12,Health & Wellness,537.06,342.59,113.6,0.0,0.0,0.0,Healthy,0.0,24323.89
SKU02346,203,91,36,0.0,0.0,NatureBlend Candy Medium,Snacks & Confectionery,74.12,43.49,99.0,0.0,0.0,0.0,Healthy,0.0,8828.470000000001
SKU02347,15,42,10,0.25,0.0,CleanWave Footwear 100g,Apparel & Footwear,1011.11,617.34,60.0,0.0,0.0,0.0,Healthy,0.0,9260.1
SKU02348,3,22,10,0.0,0.0,NutriPlus Cookware Small,Home & Kitchen,1458.3,1054.6,99.0,0.0,0.0,0.0,Healthy,0.0,3163.7999999999997
SKU02349,477,324,123,0.0,0.0,GoldenHarvest Flour & Atta Small,Grocery,368.12,258.97,99.0,0.0,0.0,0.0,Healthy,0.0,123528.69000000002
SKU02350,304,125,33,0.0,0.0,SoftTouch Notebooks 2L,Stationery & Office,194.08,127.16,99.0,0.0,0.0,0.0,Healthy,0.0,38656.64
SKU02352,218,114,28,0.0,0.0,BasicNeeds Soft Drinks Pack of 12,Beverages,86.07,59.36,99.0,0.0,0.0,0.0,Healthy,0.0,12940.48
SKU02353,239,145,34,0.0,0.0,HomeStyle Kids Wear 500ml,Apparel & Footwear,747.09,453.71,99.0,0.0,0.0,0.0,Healthy,0.0,108436.69
SKU02354,174,71,23,0.5,0.0,CrispKing Tea 500ml,Beverages,90.78,63.82,348.0,0.0,0.0,0.0,Healthy,0.0,11104.68
SKU02357,451,276,110,0.0,0.0,ZestyCo Laundry 1kg,Home Care,170.99,119.29,99.0,0.0,0.0,0.0,Healthy,0.0,53799.79
SKU02358,363,171,59,0.0,0.0,CleanWave OTC Medicine Medium,Health & Wellness,756.18,523.9,99.0,0.0,0.0,0.0,Healthy,0.0,190175.69999999998
SKU02359,266,100,21,0.625,0.0,FreshFarm Bath & Body 2kg,Personal Care,613.59,465.83,425.6,0.0,0.0,0.0,Healthy,0.0,123910.78
SKU02360,284,142,54,0.125,0.0,SmartBuy Bottled Water 500g,Beverages,65.99,52.68,2272.0,0.0,0.0,0.0,Healthy,0.0,14961.12
SKU02361,204,133,42,0.0,0.0,EliteHome Biscuits & Cookies Large,Snacks & Confectionery,70.93,52.83,99.0,0.0,0.0,0.0,Healthy,0.0,10777.32
SKU02362,462,249,85,0.125,0.0,SmartBuy Storage & Containers 1kg,Home & Kitchen,606.58,423.68,3696.0,0.0,0.0,0.0,Healthy,0.0,195740.16
SKU02363,242,140,45,0.0,0.0,CityFresh Writing Instruments 1kg,Stationery & Office,48.55,37.18,99.0,0.0,0.0,0.0,Healthy,0.0,8997.56
SKU02364,68,110,35,0.0,0.0,QuickBite Women's Wear 2kg,Apparel & Footwear,958.69,570.71,99.0,0.0,0.0,0.0,Healthy,0.0,38808.28
SKU02365,4899,1212,402,0.125,0.0,BasicNeeds Juices 1L,Beverages,138.08,102.33,39192.0,0.0,0.0,0.0,Healthy,0.0,501314.67
SKU02367,311,189,68,0.0,0.0,NatureBlend Mobile Accessories 500g,Electronics & Accessories,2014.26,1391.48,99.0,0.0,0.0,0.0,Healthy,0.0,432750.28
SKU02370,32,153,37,0.0,0.0,GoldenHarvest Notebooks 500g,Stationery & Office,214.77,156.61,99.0,0.0,0.0,0.0,Healthy,0.0,5011.52
SKU02371,132,109,43,0.0,0.0,DailyBest Laundry Large,Home Care,499.35,388.21,99.0,0.0,0.0,0.0,Healthy,0.0,51243.719999999994
SKU02373,79,87,26,0.25,0.0,EverydayPlus Chocolates 100g,Snacks & Confectionery,111.72,68.58,316.0,0.0,0.0,0.0,Healthy,0.0,5417.82
SKU02375,5481,1217,426,0.0,0.0,QuickBite Cooking Oil Medium,Grocery,85.06,57.7,99.0,0.0,0.0,0.0,Healthy,0.0,316253.7
SKU02376,8357,1881,633,0.0,0.0,PurePlus Milk 2kg,Dairy & Bakery,132.8,80.84,99.0,0.0,0.0,0.0,Healthy,0.0,675579.88
SKU02377,270,190,61,0.0,0.0,EverydayPlus Dishwashing 500g,Home Care,93.23,67.58,99.0,0.0,0.0,0.0,Healthy,0.0,18246.6
SKU02378,115,175,52,0.0,0.0,SparkleClean Notebooks Pack of 6,Stationery & Office,319.92,243.36,99.0,0.0,0.0,0.0,Healthy,0.0,27986.4
SKU02379,261,196,75,0.125,0.0,SparkleClean Coffee Medium,Beverages,119.83,74.65,2088.0,0.0,0.0,0.0,Healthy,0.0,19483.65
SKU02380,365,191,48,0.0,0.0,EverydayPlus Frozen Vegetables 250ml,Frozen Foods,1018.38,792.68,99.0,0.0,0.0,0.0,Healthy,0.0,289328.19999999995
SKU02383,173,68,26,0.125,0.0,HomeStyle Office Supplies 250g,Stationery & Office,328.02,196.71,1384.0,0.0,0.0,0.0,Healthy,0.0,34030.83
SKU02384,74,30,11,0.0,0.0,DailyBest Chocolates Small,Snacks & Confectionery,108.71,72.33,99.0,0.0,0.0,0.0,Healthy,0.0,5352.42
SKU02385,72,72,27,0.0,0.0,UrbanBite Men's Wear Large,Apparel & Footwear,2269.28,1611.36,99.0,0.0,0.0,0.0,Healthy,0.0,116017.92
SKU02386,7152,1699,640,0.0,0.0,BasicNeeds Writing Instruments Family Pack,Stationery & Office,176.47,130.72,99.0,0.0,0.0,0.0,Healthy,0.0,934909.44
SKU02387,7239,1716,617,0.0,0.0,SunriseFoods Cheese 250g,Dairy & Bakery,187.76,146.07,99.0,0.0,0.0,0.0,Healthy,0.0,1057400.73
SKU02388,114,85,34,0.125,0.0,PurePlus Air Fresheners 2L,Home Care,145.75,112.64,912.0,0.0,0.0,0.0,Healthy,0.0,12840.960000000001
SKU02389,241,201,65,0.25,0.0,HomeStyle Frozen Meat Pack of 6,Frozen Foods,830.82,505.99,964.0,0.0,0.0,0.0,Healthy,0.0,121943.59
SKU02390,103,56,17,0.0,0.0,NovaFresh Air Fresheners 250g,Home Care,271.6,178.07,99.0,0.0,0.0,0.0,Healthy,0.0,18341.21
SKU02391,137,75,30,0.0,0.0,BasicNeeds Bread Family Pack,Dairy & Bakery,120.15,87.66,99.0,0.0,0.0,0.0,Healthy,0.0,12009.42
SKU02393,152,102,31,0.125,0.0,DailyBest Writing Instruments 2kg,Stationery & Office,273.25,215.82,1216.0,0.0,0.0,0.0,Healthy,0.0,32804.64
SKU02395,121,65,24,0.25,0.0,NutriPlus Women's Wear 2L,Apparel & Footwear,823.21,623.34,484.0,0.0,0.0,0.0,Healthy,0.0,75424.14
SKU02396,157,128,37,0.0,0.0,EliteHome Bath & Body Pack of 12,Personal Care,672.42,522.38,99.0,0.0,0.0,0.0,Healthy,0.0,82013.66
SKU02397,355,155,51,0.125,0.0,BasicNeeds Kids Wear 1L,Apparel & Footwear,1787.5,1062.65,2840.0,0.0,0.0,0.0,Healthy,0.0,377240.75000000006
SKU02398,135,84,19,0.625,0.0,NovaFresh OTC Medicine Small,Health & Wellness,682.66,447.51,216.0,0.0,0.0,0.0,Healthy,0.0,60413.85
SKU02399,226,119,44,0.0,0.0,DailyBest Surface Cleaners 250g,Home Care,178.53,127.28,99.0,0.0,0.0,0.0,Healthy,0.0,28765.28
SKU02402,466,186,79,0.0,0.0,SparkleClean Butter & Ghee 500g,Dairy & Bakery,212.06,123.08,99.0,0.0,0.0,0.0,Healthy,0.0,57355.28
SKU02406,456,275,97,0.0,0.0,QuickBite Soft Drinks Small,Beverages,211.48,168.88,99.0,0.0,0.0,0.0,Healthy,0.0,77009.28
SKU02408,6797,1441,486,0.125,0.0,TrueTaste Home Decor Medium,Home & Kitchen,1619.55,933.01,54376.0,0.0,0.0,0.0,Healthy,0.0,6341668.97
SKU02409,26,94,38,0.0,0.0,PrimeCare Rice & Grains 100g,Grocery,197.05,128.53,99.0,0.0,0.0,0.0,Healthy,0.0,3341.78
SKU02410,711,332,104,0.0,0.0,PurePlus OTC Medicine 1kg,Health & Wellness,604.52,463.08,99.0,0.0,0.0,0.0,Healthy,0.0,329249.88
SKU02412,158,92,34,0.0,0.0,HealthFirst Skin Care 2L,Personal Care,722.57,411.86,99.0,0.0,0.0,0.0,Healthy,0.0,65073.880000000005
SKU02413,475,249,71,0.0,0.0,PureLife Batteries 500ml,Electronics & Accessories,1072.22,702.0,99.0,0.0,0.0,0.0,Healthy,0.0,333450.0
SKU02414,31,53,14,0.0,0.0,FreshFarm Men's Grooming 500g,Personal Care,380.1,269.14,99.0,0.0,0.0,0.0,Healthy,0.0,8343.34
SKU02416,187,140,52,0.0,0.0,SoftTouch Pest Control Family Pack,Home Care,105.53,79.27,99.0,0.0,0.0,0.0,Healthy,0.0,14823.49
SKU02418,66,92,38,0.25,0.0,DailyBest Vitamins & Supplements 1kg,Health & Wellness,263.02,179.02,264.0,0.0,0.0,0.0,Healthy,0.0,11815.320000000002
SKU02419,29,29,6,0.0,0.0,CityFresh Hair Care 1L,Personal Care,194.06,108.21,99.0,0.0,0.0,0.0,Healthy,0.0,3138.0899999999997
SKU02420,105,53,19,0.0,0.0,PremiumSelect Writing Instruments Pack of 12,Stationery & Office,122.08,82.9,99.0,0.0,0.0,0.0,Healthy,0.0,8704.5
SKU02421,7163,1630,616,0.0,0.0,HomeStyle Kids Wear 500g,Apparel & Footwear,2671.52,1612.38,99.0,0.0,0.0,0.0,Healthy,0.0,11549477.940000001
SKU02424,326,187,51,0.0,0.0,MetroBrand Men's Grooming Pack of 6,Personal Care,729.68,411.25,99.0,0.0,0.0,0.0,Healthy,0.0,134067.5
SKU02425,5066,1145,409,0.0,0.0,CrispKing Kids Wear 250g,Apparel & Footwear,1004.43,552.47,99.0,0.0,0.0,0.0,Healthy,0.0,2798813.02
SKU02426,139,79,39,0.0,0.0,CityFresh Milk Pack of 6,Dairy & Bakery,191.07,111.46,99.0,0.0,0.0,0.0,Healthy,0.0,15492.939999999999
SKU02427,419,433,139,0.0,0.0,FreshFarm Yogurt 500ml,Dairy & Bakery,118.1,66.29,99.0,0.0,0.0,0.0,Healthy,0.0,27775.510000000002
SKU02428,335,241,89,0.75,0.0,CleanWave Dishwashing 2kg,Home Care,151.98,93.48,446.6666666666667,0.0,0.0,0.0,Healthy,0.0,31315.800000000003
SKU02432,89,90,37,0.25,0.0,SparkleClean Dishwashing Large,Home Care,326.45,208.19,356.0,0.0,0.0,0.0,Healthy,0.0,18528.91
SKU02433,191,306,114,0.0,0.0,SmartBuy Eggs 1kg,Dairy & Bakery,89.32,69.88,99.0,0.0,0.0,0.0,Healthy,0.0,13347.08
SKU02436,5607,1284,413,0.0,0.0,SmartBuy Frozen Vegetables 2kg,Frozen Foods,410.2,275.19,99.0,0.0,0.0,0.0,Healthy,0.0,1542990.33
SKU02437,165,63,16,0.0,0.0,NatureBlend Men's Grooming 2L,Personal Care,282.36,162.16,99.0,0.0,0.0,0.0,Healthy,0.0,26756.399999999998
SKU02438,389,169,67,0.375,0.0,CityFresh Milk Small,Dairy & Bakery,181.83,108.5,1037.3333333333333,0.0,0.0,0.0,Healthy,0.0,42206.5
SKU02439,354,184,73,0.0,0.0,QuickBite Notebooks 2L,Stationery & Office,307.32,227.27,99.0,0.0,0.0,0.0,Healthy,0.0,80453.58
SKU02440,391,149,67,0.125,0.0,GreenValley Oral Care 2L,Personal Care,133.47,102.24,3128.0,0.0,0.0,0.0,Healthy,0.0,39975.84
SKU02441,112,45,15,0.0,0.0,GreenValley Rice & Grains 250ml,Grocery,135.57,90.41,99.0,0.0,0.0,0.0,Healthy,0.0,10125.92
SKU02442,307,282,99,0.5,0.0,HealthFirst Bath & Body 2L,Personal Care,507.66,341.71,614.0,0.0,0.0,0.0,Healthy,0.0,104904.96999999999
SKU02444,105,192,62,0.0,0.0,BasicNeeds Tea 1L,Beverages,75.9,42.09,99.0,0.0,0.0,0.0,Healthy,0.0,4419.450000000001
SKU02446,7425,1645,566,0.0,0.0,QuickBite Coffee Pack of 6,Beverages,177.81,141.89,99.0,0.0,0.0,0.0,Healthy,0.0,1053533.25
SKU02447,188,96,39,0.0,0.0,TrueTaste Ice Cream 2kg,Frozen Foods,282.85,158.54,99.0,0.0,0.0,0.0,Healthy,0.0,29805.519999999997
SKU02448,627,322,107,0.0,0.0,FreshFarm Batteries 500g,Electronics & Accessories,2166.71,1380.72,99.0,0.0,0.0,0.0,Healthy,0.0,865711.4400000001
SKU02451,218,80,18,0.125,0.0,BasicNeeds Cookware 500g,Home & Kitchen,525.16,417.85,1744.0,0.0,0.0,0.0,Healthy,0.0,91091.3
SKU02452,259,182,60,0.375,0.0,CrispKing Chips & Crisps 500g,Snacks & Confectionery,30.61,17.09,690.6666666666666,0.0,0.0,0.0,Healthy,0.0,4426.31
SKU02454,185,193,52,0.0,0.0,SunriseFoods Frozen Vegetables 2kg,Frozen Foods,1057.56,617.28,99.0,0.0,0.0,0.0,Healthy,0.0,114196.79999999999
SKU02455,480,208,82,0.0,0.0,PremiumSelect Men's Wear Small,Apparel & Footwear,649.78,390.65,99.0,0.0,0.0,0.0,Healthy,0.0,187512.0
SKU02456,305,132,49,0.0,0.0,MetroBrand Women's Wear 250g,Apparel & Footwear,1018.45,694.66,99.0,0.0,0.0,0.0,Healthy,0.0,211871.3
SKU02458,113,89,36,0.0,0.0,UrbanBite Cheese 1kg,Dairy & Bakery,107.76,70.42,99.0,0.0,0.0,0.0,Healthy,0.0,7957.46
SKU02459,218,88,36,0.0,0.0,CleanWave Frozen Meat 250ml,Frozen Foods,323.12,201.43,99.0,0.0,0.0,0.0,Healthy,0.0,43911.74
SKU02463,7161,1566,517,0.375,0.0,DailyBest Chocolates Small,Snacks & Confectionery,68.74,53.53,19096.0,0.0,0.0,0.0,Healthy,0.0,383328.33
SKU02464,85,29,6,0.125,0.0,PureLife First Aid 100g,Health & Wellness,736.85,529.75,680.0,0.0,0.0,0.0,Healthy,0.0,45028.75
SKU02465,197,199,70,0.375,0.0,EverydayPlus Coffee 100g,Beverages,107.75,71.24,525.3333333333334,0.0,0.0,0.0,Healthy,0.0,14034.279999999999
SKU02466,127,56,14,0.0,0.0,PremiumSelect Batteries Small,Electronics & Accessories,1967.8,1384.42,99.0,0.0,0.0,0.0,Healthy,0.0,175821.34
SKU02467,191,154,50,0.0,0.0,DailyBest Writing Instruments 1kg,Stationery & Office,254.16,174.85,99.0,0.0,0.0,0.0,Healthy,0.0,33396.35
SKU02469,263,189,65,0.0,0.0,PurePlus Vitamins & Supplements Large,Health & Wellness,1489.36,966.01,99.0,0.0,0.0,0.0,Healthy,0.0,254060.63
SKU02471,7930,1691,572,0.125,0.0,PremiumSelect Home Decor Family Pack,Home & Kitchen,1364.83,1039.93,63440.0,0.0,0.0,0.0,Healthy,0.0,8246644.9
SKU02472,7588,1803,626,0.0,0.0,UrbanBite Oral Care Medium,Personal Care,300.88,192.49,99.0,0.0,0.0,0.0,Healthy,0.0,1460614.12
SKU02473,246,227,100,0.0,0.0,ZestyCo Energy Drinks 250ml,Beverages,146.58,110.64,99.0,0.0,0.0,0.0,Healthy,0.0,27217.44
SKU02475,234,195,87,0.0,0.0,PurePlus Office Supplies 250ml,Stationery & Office,203.98,159.58,99.0,0.0,0.0,0.0,Healthy,0.0,37341.72
SKU02476,197,128,53,0.625,0.0,NatureBlend Ice Cream 2L,Frozen Foods,756.24,602.99,315.2,0.0,0.0,0.0,Healthy,0.0,118789.03
SKU02477,33,43,19,0.0,0.0,FamilyChoice Notebooks 100g,Stationery & Office,234.35,131.34,99.0,0.0,0.0,0.0,Healthy,0.0,4334.22
SKU02481,294,249,78,0.0,0.0,NovaFresh Notebooks 250ml,Stationery & Office,130.24,74.33,99.0,0.0,0.0,0.0,Healthy,0.0,21853.02
SKU02483,247,130,46,0.0,0.0,PurePlus Home Decor 1L,Home & Kitchen,1165.81,903.05,99.0,0.0,0.0,0.0,Healthy,0.0,223053.34999999998
SKU02485,89,145,64,0.0,0.0,CleanWave Rice & Grains 2L,Grocery,227.4,144.82,99.0,0.0,0.0,0.0,Healthy,0.0,12888.98
SKU02487,181,217,68,0.125,0.0,FamilyChoice Skin Care 1kg,Personal Care,363.61,235.85,1448.0,0.0,0.0,0.0,Healthy,0.0,42688.85
SKU02491,21,26,5,0.0,0.0,CityFresh Namkeen 100g,Snacks & Confectionery,68.94,40.03,99.0,0.0,0.0,0.0,Healthy,0.0,840.63
SKU02492,162,166,46,0.125,0.0,CrispKing Air Fresheners 250ml,Home Care,203.43,153.25,1296.0,0.0,0.0,0.0,Healthy,0.0,24826.5
SKU02493,696,378,141,0.0,0.0,GoldenHarvest Chocolates 250g,Snacks & Confectionery,212.9,118.0,99.0,0.0,0.0,0.0,Healthy,0.0,82128.0
SKU02494,440,234,91,0.0,0.0,SoftTouch Air Fresheners 500ml,Home Care,102.3,76.39,99.0,0.0,0.0,0.0,Healthy,0.0,33611.6
SKU02496,196,124,48,0.0,0.0,PremiumSelect Flour & Atta Pack of 6,Grocery,324.75,231.86,99.0,0.0,0.0,0.0,Healthy,0.0,45444.560000000005
SKU02497,139,84,19,0.625,0.0,FreshFarm Ice Cream Small,Frozen Foods,470.03,279.57,222.4,0.0,0.0,0.0,Healthy,0.0,38860.229999999996
SKU02500,8585,1935,641,0.0,0.0,EliteHome Eggs Large,Dairy & Bakery,204.09,112.45,99.0,0.0,0.0,0.0,Healthy,0.0,965383.25
SKU02502,486,370,126,0.0,0.0,HomeStyle Storage & Containers Large,Home & Kitchen,634.68,369.89,99.0,0.0,0.0,0.0,Healthy,0.0,179766.53999999998
SKU02506,24,91,40,0.125,0.0,EliteHome Frozen Meat Family Pack,Frozen Foods,461.18,362.59,192.0,0.0,0.0,0.0,Healthy,0.0,8702.16
SKU02508,620,348,109,0.0,0.0,PrimeCare Yogurt 500g,Dairy & Bakery,145.13,110.08,99.0,0.0,0.0,0.0,Healthy,0.0,68249.6
SKU02509,187,154,46,0.125,0.0,DailyBest Batteries Pack of 12,Electronics & Accessories,1348.23,852.51,1496.0,0.0,0.0,0.0,Healthy,0.0,159419.37
SKU02510,349,148,56,0.0,0.0,GoldenHarvest Tea Family Pack,Beverages,144.6,100.07,99.0,0.0,0.0,0.0,Healthy,0.0,34924.43
SKU02514,8910,1970,650,0.0,0.0,NatureBlend Air Fresheners 2L,Home Care,452.69,265.79,99.0,0.0,0.0,0.0,Healthy,0.0,2368188.9000000004
SKU02515,162,106,36,0.0,0.0,FreshFarm Namkeen 2L,Snacks & Confectionery,123.38,89.96,99.0,0.0,0.0,0.0,Healthy,0.0,14573.519999999999
SKU02516,271,207,71,0.0,0.0,MetroBrand Frozen Meat 250g,Frozen Foods,474.12,279.81,99.0,0.0,0.0,0.0,Healthy,0.0,75828.51
SKU02518,11,26,7,0.125,0.0,SunriseFoods Writing Instruments 2L,Stationery & Office,131.22,77.27,88.0,0.0,0.0,0.0,Healthy,0.0,849.9699999999999
SKU02519,6960,1557,551,0.0,0.0,PremiumSelect Pulses & Lentils Medium,Grocery,421.03,297.43,99.0,0.0,0.0,0.0,Healthy,0.0,2070112.8
SKU02520,7911,1719,551,0.0,0.0,TrueTaste Notebooks 250ml,Stationery & Office,158.02,125.85,99.0,0.0,0.0,0.0,Healthy,0.0,995599.35
SKU02522,352,155,46,0.125,0.0,SoftTouch Storage & Containers 250g,Home & Kitchen,1963.68,1446.1,2816.0,0.0,0.0,0.0,Healthy,0.0,509027.19999999995
SKU02523,464,306,86,0.125,0.0,GoldenHarvest Home Decor 2L,Home & Kitchen,1456.58,1101.39,3712.0,0.0,0.0,0.0,Healthy,0.0,511044.96
SKU02525,41,47,22,0.0,0.0,ValueChoice Office Supplies 2kg,Stationery & Office,254.9,173.86,99.0,0.0,0.0,0.0,Healthy,0.0,7128.26
SKU02527,136,140,49,0.0,0.0,EverydayPlus Office Supplies Family Pack,Stationery & Office,244.41,174.82,99.0,0.0,0.0,0.0,Healthy,0.0,23775.52
SKU02528,67,132,39,0.125,0.0,UrbanBite Home Decor 500g,Home & Kitchen,1972.76,1154.85,536.0,0.0,0.0,0.0,Healthy,0.0,77374.95
SKU02529,248,198,65,0.0,0.0,EliteHome Frozen Meat 2L,Frozen Foods,577.42,437.74,99.0,0.0,0.0,0.0,Healthy,0.0,108559.52
SKU02530,206,177,71,0.125,0.0,SparkleClean Hair Care Pack of 12,Personal Care,506.86,330.99,1648.0,0.0,0.0,0.0,Healthy,0.0,68183.94
SKU02533,5868,1304,427,0.0,0.0,CityFresh Men's Grooming 250ml,Personal Care,508.42,293.76,99.0,0.0,0.0,0.0,Healthy,0.0,1723783.68
SKU02534,6802,1561,524,0.25,0.0,SmartBuy Kids Wear 500g,Apparel & Footwear,835.09,662.82,27208.0,0.0,0.0,0.0,Healthy,0.0,4508501.640000001
SKU02535,249,187,71,0.0,0.0,DailyBest Ice Cream 250ml,Frozen Foods,985.87,776.47,99.0,0.0,0.0,0.0,Healthy,0.0,193341.03
SKU02536,88,79,18,0.25,0.0,FamilyChoice Air Fresheners 500g,Home Care,406.19,285.23,352.0,0.0,0.0,0.0,Healthy,0.0,25100.24
SKU02537,142,176,80,0.25,0.0,CleanWave Chips & Crisps Large,Snacks & Confectionery,161.43,117.53,568.0,0.0,0.0,0.0,Healthy,0.0,16689.26
SKU02539,263,140,54,0.0,0.0,PrimeCare Vitamins & Supplements 2kg,Health & Wellness,191.76,126.42,99.0,0.0,0.0,0.0,Healthy,0.0,33248.46
SKU02542,214,220,66,0.0,0.0,QuickBite First Aid 2L,Health & Wellness,327.24,203.76,99.0,0.0,0.0,0.0,Healthy,0.0,43604.64
SKU02544,339,246,86,0.625,0.0,NatureBlend Air Fresheners Medium,Home Care,231.91,166.69,542.4,0.0,0.0,0.0,Healthy,0.0,56507.909999999996
SKU02551,129,119,51,0.25,0.0,SmartBuy Storage & Containers 2kg,Home & Kitchen,2699.08,1593.97,516.0,0.0,0.0,0.0,Healthy,0.0,205622.13
SKU02552,301,183,62,0.0,0.0,HealthFirst Women's Wear 250ml,Apparel & Footwear,1622.92,1198.65,99.0,0.0,0.0,0.0,Healthy,0.0,360793.65
SKU02553,14,25,8,0.0,0.0,NutriPlus Chocolates 500g,Snacks & Confectionery,97.96,54.54,99.0,0.0,0.0,0.0,Healthy,0.0,763.56
SKU02554,267,188,66,0.25,0.0,SmartBuy Cookware 500g,Home & Kitchen,658.49,411.87,1068.0,0.0,0.0,0.0,Healthy,0.0,109969.29000000001
SKU02556,315,190,51,0.125,0.0,TrueTaste Butter & Ghee 500g,Dairy & Bakery,245.0,135.12,2520.0,0.0,0.0,0.0,Healthy,0.0,42562.8
SKU02557,149,107,33,0.125,0.0,SoftTouch Small Appliances Pack of 12,Electronics & Accessories,2280.46,1798.13,1192.0,0.0,0.0,0.0,Healthy,0.0,267921.37
SKU02558,6447,1492,495,0.375,0.0,PrimeCare Butter & Ghee 2L,Dairy & Bakery,87.7,67.29,17192.0,0.0,0.0,0.0,Healthy,0.0,433818.63000000006
SKU02559,27,77,27,0.0,0.0,HealthFirst Batteries 250ml,Electronics & Accessories,2266.71,1613.51,99.0,0.0,0.0,0.0,Healthy,0.0,43564.77
SKU02560,100,75,29,0.0,0.0,FreshFarm Storage & Containers 2L,Home & Kitchen,1681.44,1109.39,99.0,0.0,0.0,0.0,Healthy,0.0,110939.00000000001
SKU02561,231,114,29,0.0,0.0,FamilyChoice Pulses & Lentils Pack of 6,Grocery,513.57,302.4,99.0,0.0,0.0,0.0,Healthy,0.0,69854.4
SKU02562,109,129,45,0.0,0.0,SunriseFoods Pulses & Lentils 500g,Grocery,471.28,324.43,99.0,0.0,0.0,0.0,Healthy,0.0,35362.87
SKU02563,6,112,42,0.0,0.0,CleanWave Writing Instruments 2kg,Stationery & Office,180.04,109.79,99.0,0.0,0.0,0.0,Healthy,0.0,658.74
SKU02564,400,167,61,0.125,0.0,ZestyCo Ready Meals Large,Frozen Foods,288.49,204.68,3200.0,0.0,0.0,0.0,Healthy,0.0,81872.0
SKU02565,183,63,31,0.0,0.0,PrimeCare Frozen Vegetables 100g,Frozen Foods,258.39,151.52,99.0,0.0,0.0,0.0,Healthy,0.0,27728.160000000003
SKU02566,8296,1780,558,0.125,0.0,NatureBlend Surface Cleaners Family Pack,Home Care,264.07,192.58,66368.0,0.0,0.0,0.0,Healthy,0.0,1597643.6800000002
SKU02567,7209,1726,619,0.0,0.0,GreenValley Air Fresheners Family Pack,Home Care,372.0,234.63,99.0,0.0,0.0,0.0,Healthy,0.0,1691447.67
SKU02568,38,30,11,0.0,0.0,MetroBrand Small Appliances 1kg,Electronics & Accessories,1014.43,685.24,99.0,0.0,0.0,0.0,Healthy,0.0,26039.12
SKU02570,8864,1943,670,0.0,0.0,SunriseFoods Soft Drinks 1kg,Beverages,179.97,110.51,99.0,0.0,0.0,0.0,Healthy,0.0,979560.64
SKU02572,334,125,41,0.0,0.0,CleanWave Batteries 1kg,Electronics & Accessories,572.11,380.19,99.0,0.0,0.0,0.0,Healthy,0.0,126983.46
SKU02573,270,209,63,0.0,0.0,UrbanBite Coffee Small,Beverages,125.88,100.7,99.0,0.0,0.0,0.0,Healthy,0.0,27189.0
SKU02574,82,61,22,0.0,0.0,QuickBite Skin Care 250ml,Personal Care,378.96,240.21,99.0,0.0,0.0,0.0,Healthy,0.0,19697.22
SKU02575,315,179,45,0.0,0.0,SmartBuy Footwear Family Pack,Apparel & Footwear,1652.6,943.79,99.0,0.0,0.0,0.0,Healthy,0.0,297293.85
SKU02576,5540,1256,426,0.0,0.0,MetroBrand OTC Medicine Medium,Health & Wellness,633.16,431.22,99.0,0.0,0.0,0.0,Healthy,0.0,2388958.8000000003
SKU02578,466,215,68,0.0,0.0,GreenValley Cooking Oil 2L,Grocery,237.93,183.07,99.0,0.0,0.0,0.0,Healthy,0.0,85310.62
SKU02579,17,63,14,0.0,0.0,NatureBlend Frozen Vegetables 100g,Frozen Foods,573.5,345.58,99.0,0.0,0.0,0.0,Healthy,0.0,5874.86
SKU02580,7696,1752,634,0.0,0.0,FamilyChoice Pest Control 250g,Home Care,389.15,297.28,99.0,0.0,0.0,0.0,Healthy,0.0,2287866.88
SKU02581,73,41,17,0.0,0.0,SmartBuy Writing Instruments 1L,Stationery & Office,200.53,143.56,99.0,0.0,0.0,0.0,Healthy,0.0,10479.880000000001
SKU02582,155,134,56,0.0,0.0,CleanWave Frozen Meat 1L,Frozen Foods,324.56,193.76,99.0,0.0,0.0,0.0,Healthy,0.0,30032.8
SKU02584,7327,1581,516,0.0,0.0,PrimeCare Chocolates 250g,Snacks & Confectionery,159.3,107.23,99.0,0.0,0.0,0.0,Healthy,0.0,785674.2100000001
SKU02586,211,129,45,0.0,0.0,CrispKing Juices 500ml,Beverages,49.1,31.88,99.0,0.0,0.0,0.0,Healthy,0.0,6726.679999999999
SKU02587,158,92,20,0.0,0.0,SoftTouch Frozen Vegetables 1L,Frozen Foods,499.23,347.54,99.0,0.0,0.0,0.0,Healthy,0.0,54911.32
SKU02590,6176,1384,507,0.0,0.0,SparkleClean Oral Care Pack of 6,Personal Care,198.15,138.83,99.0,0.0,0.0,0.0,Healthy,0.0,857414.0800000001
SKU02592,30,38,9,0.0,0.0,FamilyChoice Bottled Water 2L,Beverages,107.17,72.28,99.0,0.0,0.0,0.0,Healthy,0.0,2168.4
SKU02593,237,195,75,0.25,0.0,FreshFarm Ready Meals 500g,Frozen Foods,642.49,420.24,948.0,0.0,0.0,0.0,Healthy,0.0,99596.88
SKU02594,80,67,27,0.375,0.0,PurePlus Notebooks Large,Stationery & Office,71.91,44.0,213.33333333333334,0.0,0.0,0.0,Healthy,0.0,3520.0
SKU02595,84,61,17,0.0,0.0,ZestyCo Chips & Crisps 2kg,Snacks & Confectionery,138.85,80.93,99.0,0.0,0.0,0.0,Healthy,0.0,6798.120000000001
SKU02596,68,99,40,0.0,0.0,CityFresh Skin Care 100g,Personal Care,264.7,164.93,99.0,0.0,0.0,0.0,Healthy,0.0,11215.24
SKU02597,175,99,35,0.0,0.0,ZestyCo Candy 100g,Snacks & Confectionery,123.09,80.2,99.0,0.0,0.0,0.0,Healthy,0.0,14035.0
SKU02598,43,174,66,0.125,0.0,SparkleClean Men's Wear Small,Apparel & Footwear,1336.35,990.32,344.0,0.0,0.0,0.0,Healthy,0.0,42583.76
SKU02601,226,76,22,0.0,0.0,QuickBite Namkeen Medium,Snacks & Confectionery,34.52,19.67,99.0,0.0,0.0,0.0,Healthy,0.0,4445.42
SKU02603,522,280,77,0.0,0.0,CleanWave Frozen Vegetables Family Pack,Frozen Foods,318.68,201.27,99.0,0.0,0.0,0.0,Healthy,0.0,105062.94
SKU02604,49,36,11,0.0,0.0,FreshFarm Vitamins & Supplements Large,Health & Wellness,646.52,431.52,99.0,0.0,0.0,0.0,Healthy,0.0,21144.48
SKU02605,351,145,35,0.0,0.0,PureLife Notebooks 100g,Stationery & Office,67.28,40.05,99.0,0.0,0.0,0.0,Healthy,0.0,14057.55
SKU02608,289,137,57,0.25,0.0,FreshFarm Vitamins & Supplements 500g,Health & Wellness,1070.78,699.22,1156.0,0.0,0.0,0.0,Healthy,0.0,202074.58000000002
SKU02609,206,129,41,0.125,0.0,BasicNeeds Men's Grooming 250ml,Personal Care,391.85,256.26,1648.0,0.0,0.0,0.0,Healthy,0.0,52789.56
SKU02610,50,43,21,0.0,0.0,EverydayPlus Surface Cleaners 1L,Home Care,467.88,293.35,99.0,0.0,0.0,0.0,Healthy,0.0,14667.500000000002
SKU02611,45,58,18,0.375,0.0,MetroBrand Bottled Water 500g,Beverages,191.87,123.34,120.0,0.0,0.0,0.0,Healthy,0.0,5550.3
SKU02612,123,122,38,0.125,0.0,SparkleClean Air Fresheners Pack of 12,Home Care,450.0,268.21,984.0,0.0,0.0,0.0,Healthy,0.0,32989.829999999994
SKU02613,192,108,29,0.0,0.0,UrbanBite Oral Care 2kg,Personal Care,273.94,169.2,99.0,0.0,0.0,0.0,Healthy,0.0,32486.399999999998
SKU02615,410,222,80,0.0,0.0,CleanWave Chocolates Medium,Snacks & Confectionery,118.71,80.79,99.0,0.0,0.0,0.0,Healthy,0.0,33123.9
SKU02616,154,113,38,0.0,0.0,QuickBite Ice Cream Pack of 6,Frozen Foods,564.32,438.18,99.0,0.0,0.0,0.0,Healthy,0.0,67479.72
SKU02617,141,57,19,0.375,0.0,PrimeCare Men's Grooming 250g,Personal Care,764.09,579.28,376.0,0.0,0.0,0.0,Healthy,0.0,81678.48
SKU02618,300,146,53,0.0,0.0,TrueTaste Writing Instruments 100g,Stationery & Office,245.99,135.73,99.0,0.0,0.0,0.0,Healthy,0.0,40719.0
SKU02619,293,228,88,0.25,0.0,NutriPlus Dishwashing 500g,Home Care,381.92,231.99,1172.0,0.0,0.0,0.0,Healthy,0.0,67973.07
SKU02620,197,109,30,0.0,0.0,HomeStyle Office Supplies 1L,Stationery & Office,248.89,192.12,99.0,0.0,0.0,0.0,Healthy,0.0,37847.64
SKU02621,181,85,25,0.0,0.0,HomeStyle Vitamins & Supplements Small,Health & Wellness,898.35,564.78,99.0,0.0,0.0,0.0,Healthy,0.0,102225.18
SKU02623,146,134,41,0.0,0.0,MetroBrand Chocolates Pack of 12,Snacks & Confectionery,63.44,45.6,99.0,0.0,0.0,0.0,Healthy,0.0,6657.6
SKU02624,125,73,16,0.0,0.0,FreshFarm Small Appliances 100g,Electronics & Accessories,3182.64,2182.78,99.0,0.0,0.0,0.0,Healthy,0.0,272847.5
SKU02625,268,211,86,0.0,0.0,UrbanBite Frozen Vegetables 1kg,Frozen Foods,621.46,342.56,99.0,0.0,0.0,0.0,Healthy,0.0,91806.08
SKU02629,265,182,67,0.0,0.0,SoftTouch Oral Care 1L,Personal Care,521.63,306.11,99.0,0.0,0.0,0.0,Healthy,0.0,81119.15000000001
SKU02630,4668,1091,378,0.0,0.0,CrispKing Pulses & Lentils 100g,Grocery,257.78,181.91,99.0,0.0,0.0,0.0,Healthy,0.0,849155.88
SKU02631,199,172,72,0.0,0.0,PrimeCare Bread 2kg,Dairy & Bakery,126.79,82.62,99.0,0.0,0.0,0.0,Healthy,0.0,16441.38
SKU02632,404,162,49,0.0,0.0,UrbanBite Notebooks Small,Stationery & Office,178.45,101.12,99.0,0.0,0.0,0.0,Healthy,0.0,40852.48
SKU02633,169,95,32,0.0,0.0,ValueChoice Footwear 250g,Apparel & Footwear,2668.63,1522.65,99.0,0.0,0.0,0.0,Healthy,0.0,257327.85
SKU02634,121,172,68,0.0,0.0,NutriPlus Storage & Containers Pack of 12,Home & Kitchen,2393.41,1885.02,99.0,0.0,0.0,0.0,Healthy,0.0,228087.41999999998
SKU02635,386,236,94,0.0,0.0,CityFresh Storage & Containers Pack of 12,Home & Kitchen,546.93,321.97,99.0,0.0,0.0,0.0,Healthy,0.0,124280.42000000001
SKU02636,151,133,54,0.0,0.0,ZestyCo Tea Small,Beverages,226.11,138.71,99.0,0.0,0.0,0.0,Healthy,0.0,20945.210000000003
SKU02637,509,243,102,0.0,0.0,HomeStyle Eggs 1kg,Dairy & Bakery,102.28,70.94,99.0,0.0,0.0,0.0,Healthy,0.0,36108.46
SKU02638,385,262,103,0.0,0.0,UrbanBite Flour & Atta 1kg,Grocery,489.91,292.37,99.0,0.0,0.0,0.0,Healthy,0.0,112562.45
SKU02639,7559,1706,595,0.0,0.0,SoftTouch Sugar & Salt 500g,Grocery,166.16,99.59,99.0,0.0,0.0,0.0,Healthy,0.0,752800.81
SKU02641,728,344,133,0.0,0.0,PurePlus Office Supplies 1L,Stationery & Office,63.06,50.15,99.0,0.0,0.0,0.0,Healthy,0.0,36509.2
SKU02647,673,451,178,0.0,0.0,NovaFresh Home Decor Family Pack,Home & Kitchen,643.88,430.15,99.0,0.0,0.0,0.0,Healthy,0.0,289490.95
SKU02650,231,132,32,0.625,0.0,BasicNeeds Skin Care 500g,Personal Care,476.32,351.72,369.6,0.0,0.0,0.0,Healthy,0.0,81247.32
SKU02651,396,403,122,0.0,0.0,FamilyChoice Women's Wear 250g,Apparel & Footwear,851.41,491.62,99.0,0.0,0.0,0.0,Healthy,0.0,194681.52
SKU02652,147,62,26,0.0,0.0,UrbanBite Laundry 500g,Home Care,91.11,53.74,99.0,0.0,0.0,0.0,Healthy,0.0,7899.780000000001
SKU02658,159,80,16,0.0,0.0,MetroBrand Bread 250ml,Dairy & Bakery,111.06,77.96,99.0,0.0,0.0,0.0,Healthy,0.0,12395.64
SKU02659,251,142,57,0.375,0.0,UrbanBite Men's Wear 250ml,Apparel & Footwear,601.35,448.17,669.3333333333334,0.0,0.0,0.0,Healthy,0.0,112490.67
SKU02662,7719,1769,586,0.0,0.0,SparkleClean Eggs 1kg,Dairy & Bakery,128.91,93.48,99.0,0.0,0.0,0.0,Healthy,0.0,721572.12
SKU02663,93,174,64,0.0,0.0,QuickBite Chips & Crisps Large,Snacks & Confectionery,92.66,56.38,99.0,0.0,0.0,0.0,Healthy,0.0,5243.34
SKU02664,202,164,68,0.0,0.0,NatureBlend Office Supplies 500ml,Stationery & Office,173.01,121.01,99.0,0.0,0.0,0.0,Healthy,0.0,24444.02
SKU02665,105,51,14,0.0,0.0,GreenValley Chocolates 250g,Snacks & Confectionery,142.5,100.85,99.0,0.0,0.0,0.0,Healthy,0.0,10589.25
SKU02669,69,68,27,0.0,0.0,GreenValley Coffee Pack of 12,Beverages,67.5,39.26,99.0,0.0,0.0,0.0,Healthy,0.0,2708.94
SKU02670,196,67,29,0.0,0.0,CrispKing Small Appliances 1kg,Electronics & Accessories,2234.92,1685.28,99.0,0.0,0.0,0.0,Healthy,0.0,330314.88
SKU02671,3,52,14,0.25,0.0,PrimeCare Frozen Vegetables Medium,Frozen Foods,412.64,296.63,12.0,0.0,0.0,0.0,Healthy,0.0,889.89
SKU02672,134,51,24,0.0,0.0,NovaFresh Kids Wear 250ml,Apparel & Footwear,1757.36,1129.42,99.0,0.0,0.0,0.0,Healthy,0.0,151342.28
SKU02673,144,53,15,0.0,0.0,SoftTouch Soft Drinks 2kg,Beverages,101.54,79.27,99.0,0.0,0.0,0.0,Healthy,0.0,11414.88
SKU02674,412,247,109,0.0,0.0,TrueTaste Writing Instruments 1L,Stationery & Office,247.36,189.24,99.0,0.0,0.0,0.0,Healthy,0.0,77966.88
SKU02675,4906,1198,415,0.0,0.0,MetroBrand OTC Medicine 2kg,Health & Wellness,593.9,441.62,99.0,0.0,0.0,0.0,Healthy,0.0,2166587.72
SKU02677,415,210,72,0.0,0.0,SunriseFoods Hair Care Small,Personal Care,412.07,244.87,99.0,0.0,0.0,0.0,Healthy,0.0,101621.05
SKU02679,136,147,63,0.0,0.0,MetroBrand First Aid Small,Health & Wellness,611.77,486.7,99.0,0.0,0.0,0.0,Healthy,0.0,66191.2
SKU02681,6399,1395,515,0.375,0.0,SmartBuy Notebooks Family Pack,Stationery & Office,123.78,76.66,17064.0,0.0,0.0,0.0,Healthy,0.0,490547.33999999997
SKU02682,168,150,64,0.5,0.0,UrbanBite Women's Wear 1kg,Apparel & Footwear,2202.3,1547.28,336.0,0.0,0.0,0.0,Healthy,0.0,259943.04
SKU02684,413,147,57,0.0,0.0,EverydayPlus Ice Cream 2L,Frozen Foods,527.97,368.96,99.0,0.0,0.0,0.0,Healthy,0.0,152380.47999999998
SKU02685,138,105,32,0.0,0.0,ZestyCo Men's Grooming Family Pack,Personal Care,296.83,235.14,99.0,0.0,0.0,0.0,Healthy,0.0,32449.32
SKU02686,7502,1680,530,0.125,0.0,CrispKing Ice Cream 1kg,Frozen Foods,364.96,227.82,60016.0,0.0,0.0,0.0,Healthy,0.0,1709105.64
SKU02688,155,124,28,0.0,0.0,FamilyChoice Storage & Containers Large,Home & Kitchen,1861.79,1268.3,99.0,0.0,0.0,0.0,Healthy,0.0,196586.5
SKU02689,31,27,10,0.0,0.0,NutriPlus Namkeen Large,Snacks & Confectionery,49.35,30.69,99.0,0.0,0.0,0.0,Healthy,0.0,951.39
SKU02690,16,62,22,0.0,0.0,PureLife Writing Instruments Small,Stationery & Office,249.77,163.13,99.0,0.0,0.0,0.0,Healthy,0.0,2610.08
SKU02691,151,129,55,0.0,0.0,GreenValley Surface Cleaners 1L,Home Care,309.21,212.67,99.0,0.0,0.0,0.0,Healthy,0.0,32113.17
SKU02695,195,207,65,0.0,0.0,PureLife Laundry 2kg,Home Care,272.52,157.85,99.0,0.0,0.0,0.0,Healthy,0.0,30780.75
SKU02696,132,48,20,0.0,0.0,PureLife Dishwashing 100g,Home Care,153.52,121.19,99.0,0.0,0.0,0.0,Healthy,0.0,15997.08
SKU02698,83,128,46,0.0,0.0,HealthFirst Men's Grooming 250ml,Personal Care,412.28,267.14,99.0,0.0,0.0,0.0,Healthy,0.0,22172.62
SKU02699,78,140,44,0.375,0.0,GoldenHarvest Milk Pack of 12,Dairy & Bakery,94.86,53.98,208.0,0.0,0.0,0.0,Healthy,0.0,4210.44
SKU02700,7590,1666,597,0.0,0.0,DailyBest Hair Care 500ml,Personal Care,340.42,212.44,99.0,0.0,0.0,0.0,Healthy,0.0,1612419.6
SKU02702,147,175,52,0.0,0.0,NovaFresh Oral Care 1L,Personal Care,342.08,268.28,99.0,0.0,0.0,0.0,Healthy,0.0,39437.159999999996
SKU02704,155,100,40,0.0,0.0,GreenValley Tea Small,Beverages,165.3,93.36,99.0,0.0,0.0,0.0,Healthy,0.0,14470.8
SKU02706,119,176,49,0.0,0.0,SoftTouch Spices & Seasoning Family Pack,Grocery,232.82,156.65,99.0,0.0,0.0,0.0,Healthy,0.0,18641.350000000002
SKU02707,79,49,11,0.375,0.0,GreenValley Frozen Vegetables Medium,Frozen Foods,652.02,497.18,210.66666666666666,0.0,0.0,0.0,Healthy,0.0,39277.22
SKU02708,286,169,66,0.0,0.0,SunriseFoods Men's Wear 250ml,Apparel & Footwear,1971.33,1466.88,99.0,0.0,0.0,0.0,Healthy,0.0,419527.68000000005
SKU02709,252,146,52,0.0,0.0,SmartBuy Mobile Accessories Pack of 12,Electronics & Accessories,890.88,538.12,99.0,0.0,0.0,0.0,Healthy,0.0,135606.24
SKU02710,7911,1648,561,0.0,0.0,UrbanBite Pest Control 250ml,Home Care,460.43,259.04,99.0,0.0,0.0,0.0,Healthy,0.0,2049265.4400000002
SKU02711,312,279,81,0.0,0.0,SmartBuy Namkeen Large,Snacks & Confectionery,111.55,65.04,99.0,0.0,0.0,0.0,Healthy,0.0,20292.480000000003
SKU02714,323,242,61,0.0,0.0,EverydayPlus First Aid 2kg,Health & Wellness,694.67,425.44,99.0,0.0,0.0,0.0,Healthy,0.0,137417.12
SKU02715,297,164,45,0.0,0.0,ZestyCo Juices 100g,Beverages,122.27,92.36,99.0,0.0,0.0,0.0,Healthy,0.0,27430.92
SKU02716,861,408,151,0.25,0.0,GreenValley Flour & Atta 500g,Grocery,511.85,332.95,3444.0,0.0,0.0,0.0,Healthy,0.0,286669.95
SKU02717,165,85,26,0.0,0.0,EliteHome Eggs 1L,Dairy & Bakery,188.3,150.46,99.0,0.0,0.0,0.0,Healthy,0.0,24825.9
SKU02718,7986,1737,632,0.0,0.0,SmartBuy Soft Drinks Family Pack,Beverages,136.71,101.03,99.0,0.0,0.0,0.0,Healthy,0.0,806825.58
SKU02723,86,109,38,0.0,0.0,GreenValley Women's Wear Family Pack,Apparel & Footwear,3042.95,2030.93,99.0,0.0,0.0,0.0,Healthy,0.0,174659.98
SKU02725,388,189,48,0.0,0.0,FamilyChoice Hair Care Medium,Personal Care,136.0,100.91,99.0,0.0,0.0,0.0,Healthy,0.0,39153.08
SKU02726,428,190,60,0.0,0.0,ZestyCo Ice Cream 100g,Frozen Foods,829.86,564.36,99.0,0.0,0.0,0.0,Healthy,0.0,241546.08000000002
SKU02727,130,100,46,0.0,0.0,FamilyChoice First Aid 2L,Health & Wellness,492.28,273.08,99.0,0.0,0.0,0.0,Healthy,0.0,35500.4
SKU02728,8428,1926,647,0.375,0.0,PremiumSelect Writing Instruments 500ml,Stationery & Office,247.37,156.97,22474.666666666668,0.0,0.0,0.0,Healthy,0.0,1322943.16
SKU02731,372,246,87,0.25,0.0,TrueTaste Cooking Oil Pack of 6,Grocery,130.96,99.45,1488.0,0.0,0.0,0.0,Healthy,0.0,36995.4
SKU02732,16,26,12,0.0,0.0,SunriseFoods Chips & Crisps 500g,Snacks & Confectionery,49.39,32.41,99.0,0.0,0.0,0.0,Healthy,0.0,518.56
SKU02734,131,123,28,0.0,0.0,SmartBuy Pulses & Lentils 250g,Grocery,202.18,150.58,99.0,0.0,0.0,0.0,Healthy,0.0,19725.980000000003
SKU02735,22,82,24,0.0,0.0,NutriPlus Men's Grooming 2kg,Personal Care,593.63,416.77,99.0,0.0,0.0,0.0,Healthy,0.0,9168.939999999999
SKU02736,257,196,76,0.0,0.0,PremiumSelect Juices 250g,Beverages,153.51,91.99,99.0,0.0,0.0,0.0,Healthy,0.0,23641.43
SKU02738,351,160,43,0.125,0.0,BasicNeeds Flour & Atta Small,Grocery,230.16,166.55,2808.0,0.0,0.0,0.0,Healthy,0.0,58459.05
SKU02739,325,141,50,0.0,0.0,PremiumSelect Coffee Large,Beverages,67.69,44.82,99.0,0.0,0.0,0.0,Healthy,0.0,14566.5
SKU02741,198,161,47,0.0,0.0,NovaFresh Juices 1L,Beverages,86.2,62.27,99.0,0.0,0.0,0.0,Healthy,0.0,12329.460000000001
SKU02742,401,224,80,0.0,0.0,UrbanBite Ready Meals Pack of 12,Frozen Foods,573.61,414.04,99.0,0.0,0.0,0.0,Healthy,0.0,166030.04
SKU02743,122,49,12,0.0,0.0,GoldenHarvest Hair Care Family Pack,Personal Care,459.4,254.62,99.0,0.0,0.0,0.0,Healthy,0.0,31063.64
SKU02744,56,78,34,0.25,0.0,PureLife Cookware 100g,Home & Kitchen,1099.36,668.99,224.0,0.0,0.0,0.0,Healthy,0.0,37463.44
SKU02746,197,94,36,0.0,0.0,SunriseFoods Frozen Vegetables Pack of 12,Frozen Foods,509.02,308.48,99.0,0.0,0.0,0.0,Healthy,0.0,60770.560000000005
SKU02748,100,109,45,0.0,0.0,PureLife OTC Medicine 500ml,Health & Wellness,414.75,244.99,99.0,0.0,0.0,0.0,Healthy,0.0,24499.0
SKU02752,491,350,146,0.0,0.0,FreshFarm Women's Wear 2kg,Apparel & Footwear,705.99,494.74,99.0,0.0,0.0,0.0,Healthy,0.0,242917.34
SKU02755,36,23,10,0.0,0.0,SmartBuy First Aid 1L,Health & Wellness,805.74,642.08,99.0,0.0,0.0,0.0,Healthy,0.0,23114.88
SKU02757,380,160,59,0.0,0.0,EverydayPlus OTC Medicine 500g,Health & Wellness,191.03,124.73,99.0,0.0,0.0,0.0,Healthy,0.0,47397.4
SKU02758,495,259,79,0.125,0.0,FreshFarm Office Supplies Family Pack,Stationery & Office,198.33,149.77,3960.0,0.0,0.0,0.0,Healthy,0.0,74136.15000000001
SKU02759,93,90,28,0.0,0.0,GoldenHarvest Soft Drinks Pack of 12,Beverages,149.76,113.32,99.0,0.0,0.0,0.0,Healthy,0.0,10538.76
SKU02761,316,153,46,0.0,0.0,CityFresh Soft Drinks Pack of 12,Beverages,124.14,93.81,99.0,0.0,0.0,0.0,Healthy,0.0,29643.96
SKU02763,4647,1141,384,0.0,0.0,TrueTaste Dishwashing 1kg,Home Care,121.73,96.74,99.0,0.0,0.0,0.0,Healthy,0.0,449550.77999999997
SKU02764,75,61,25,0.0,0.0,SunriseFoods Candy Pack of 12,Snacks & Confectionery,177.05,135.63,99.0,0.0,0.0,0.0,Healthy,0.0,10172.25
SKU02765,172,61,23,0.125,0.0,DailyBest Skin Care Small,Personal Care,480.9,325.88,1376.0,0.0,0.0,0.0,Healthy,0.0,56051.36
SKU02766,383,172,48,0.375,0.0,SparkleClean Pest Control Pack of 6,Home Care,225.53,145.77,1021.3333333333334,0.0,0.0,0.0,Healthy,0.0,55829.91
SKU02768,4583,1146,392,0.0,0.0,MetroBrand Notebooks 100g,Stationery & Office,216.52,122.94,99.0,0.0,0.0,0.0,Healthy,0.0,563434.02
SKU02771,134,163,70,0.0,0.0,SmartBuy Butter & Ghee 500ml,Dairy & Bakery,79.2,51.11,99.0,0.0,0.0,0.0,Healthy,0.0,6848.74
SKU02773,186,180,65,0.0,0.0,UrbanBite Tea Family Pack,Beverages,108.88,66.73,99.0,0.0,0.0,0.0,Healthy,0.0,12411.78
SKU02774,388,145,62,0.0,0.0,TrueTaste Frozen Vegetables 250ml,Frozen Foods,735.28,585.12,99.0,0.0,0.0,0.0,Healthy,0.0,227026.56
SKU02775,141,193,49,0.5,0.0,ZestyCo Laundry 2kg,Home Care,163.46,122.92,282.0,0.0,0.0,0.0,Healthy,0.0,17331.72
SKU02777,213,189,87,0.0,0.0,SparkleClean OTC Medicine 1L,Health & Wellness,702.45,475.83,99.0,0.0,0.0,0.0,Healthy,0.0,101351.79
SKU02778,368,225,80,1.0,0.0,GoldenHarvest Cheese 2L,Dairy & Bakery,171.19,122.48,368.0,0.0,0.0,0.0,Healthy,0.0,45072.64
SKU02779,114,168,64,0.0,0.0,PurePlus Candy Pack of 6,Snacks & Confectionery,118.72,80.28,99.0,0.0,0.0,0.0,Healthy,0.0,9151.92
SKU02780,8650,1817,654,0.0,0.0,ValueChoice First Aid 250ml,Health & Wellness,791.92,569.66,99.0,0.0,0.0,0.0,Healthy,0.0,4927559.0
SKU02781,28,107,46,0.0,0.0,PrimeCare Biscuits & Cookies 500g,Snacks & Confectionery,35.59,27.26,99.0,0.0,0.0,0.0,Healthy,0.0,763.2800000000001
SKU02782,221,226,79,0.0,0.0,PremiumSelect Mobile Accessories 500g,Electronics & Accessories,1562.14,953.92,99.0,0.0,0.0,0.0,Healthy,0.0,210816.31999999998
SKU02783,42,32,9,0.0,0.0,CleanWave Bottled Water Family Pack,Beverages,260.32,205.06,99.0,0.0,0.0,0.0,Healthy,0.0,8612.52
SKU02787,53,108,38,0.25,0.0,NutriPlus Men's Wear Pack of 12,Apparel & Footwear,1635.08,1260.04,212.0,0.0,0.0,0.0,Healthy,0.0,66782.12
SKU02788,87,65,20,0.0,0.0,NatureBlend Batteries Large,Electronics & Accessories,1455.54,815.13,99.0,0.0,0.0,0.0,Healthy,0.0,70916.31
SKU02789,355,177,67,0.0,0.0,HealthFirst Cookware Small,Home & Kitchen,1348.1,755.65,99.0,0.0,0.0,0.0,Healthy,0.0,268255.75
SKU02792,273,218,65,0.0,0.0,PrimeCare Office Supplies Medium,Stationery & Office,333.39,204.09,99.0,0.0,0.0,0.0,Healthy,0.0,55716.57
SKU02794,6907,1630,592,0.0,0.0,NutriPlus Chips & Crisps 250ml,Snacks & Confectionery,91.58,62.72,99.0,0.0,0.0,0.0,Healthy,0.0,433207.04
SKU02795,204,192,73,0.0,0.0,TrueTaste Footwear Family Pack,Apparel & Footwear,2010.34,1329.64,99.0,0.0,0.0,0.0,Healthy,0.0,271246.56
SKU02797,162,81,27,0.0,0.0,PureLife OTC Medicine Medium,Health & Wellness,370.39,223.98,99.0,0.0,0.0,0.0,Healthy,0.0,36284.759999999995
SKU02798,336,324,142,0.0,0.0,EliteHome Laundry 100g,Home Care,471.71,355.49,99.0,0.0,0.0,0.0,Healthy,0.0,119444.64
SKU02799,332,235,86,0.0,0.0,EliteHome Ice Cream 250g,Frozen Foods,524.92,298.3,99.0,0.0,0.0,0.0,Healthy,0.0,99035.6
SKU02800,366,181,68,0.25,0.0,GreenValley Frozen Vegetables 2kg,Frozen Foods,320.17,225.89,1464.0,0.0,0.0,0.0,Healthy,0.0,82675.73999999999
SKU02801,259,215,88,0.0,0.0,NovaFresh Flour & Atta Small,Grocery,288.37,204.32,99.0,0.0,0.0,0.0,Healthy,0.0,52918.88
SKU02803,452,250,106,0.25,0.0,SmartBuy Office Supplies 250g,Stationery & Office,113.88,90.75,1808.0,0.0,0.0,0.0,Healthy,0.0,41019.0
SKU02804,237,262,84,0.0,0.0,HealthFirst Laundry 100g,Home Care,361.44,284.19,99.0,0.0,0.0,0.0,Healthy,0.0,67353.03
SKU02809,253,185,70,0.0,0.0,PrimeCare Ready Meals 2kg,Frozen Foods,532.18,297.9,99.0,0.0,0.0,0.0,Healthy,0.0,75368.7
SKU02810,54,70,29,0.0,0.0,CleanWave Air Fresheners Pack of 6,Home Care,159.93,89.44,99.0,0.0,0.0,0.0,Healthy,0.0,4829.76
SKU02813,930,412,124,0.0,0.0,DailyBest Writing Instruments Medium,Stationery & Office,250.52,174.16,99.0,0.0,0.0,0.0,Healthy,0.0,161968.8
SKU02817,226,159,46,0.0,0.0,HealthFirst Biscuits & Cookies Family Pack,Snacks & Confectionery,142.98,97.94,99.0,0.0,0.0,0.0,Healthy,0.0,22134.44
SKU02819,87,114,36,0.875,0.0,NovaFresh Mobile Accessories 1L,Electronics & Accessories,1160.88,900.0,99.42857142857143,0.0,0.0,0.0,Healthy,0.0,78300.0
SKU02820,100,182,60,0.875,0.0,CityFresh First Aid 2L,Health & Wellness,859.3,565.31,114.28571428571429,0.0,0.0,0.0,Healthy,0.0,56530.99999999999
SKU02822,8050,1898,642,0.0,0.0,FamilyChoice Rice & Grains Small,Grocery,332.18,242.81,99.0,0.0,0.0,0.0,Healthy,0.0,1954620.5
SKU02823,8,27,11,0.0,0.0,SmartBuy First Aid 1L,Health & Wellness,596.63,401.72,99.0,0.0,0.0,0.0,Healthy,0.0,3213.76
SKU02824,179,106,37,0.0,0.0,GoldenHarvest Notebooks 2kg,Stationery & Office,54.13,37.28,99.0,0.0,0.0,0.0,Healthy,0.0,6673.12
SKU02825,232,159,64,0.0,0.0,NovaFresh Rice & Grains Large,Grocery,212.23,124.79,99.0,0.0,0.0,0.0,Healthy,0.0,28951.280000000002
SKU02828,587,248,77,0.0,0.0,NovaFresh Home Decor 100g,Home & Kitchen,1658.99,1225.53,99.0,0.0,0.0,0.0,Healthy,0.0,719386.11
SKU02829,4360,990,380,0.0,0.0,FreshFarm Butter & Ghee 250g,Dairy & Bakery,445.62,272.45,99.0,0.0,0.0,0.0,Healthy,0.0,1187882.0
SKU02831,295,200,92,0.0,0.0,CleanWave Small Appliances 500g,Electronics & Accessories,2870.32,2001.7,99.0,0.0,0.0,0.0,Healthy,0.0,590501.5
SKU02832,521,246,79,0.0,0.0,GoldenHarvest Sugar & Salt Large,Grocery,389.88,270.91,99.0,0.0,0.0,0.0,Healthy,0.0,141144.11000000002
SKU02834,100,36,11,0.0,0.0,QuickBite Women's Wear 500g,Apparel & Footwear,1819.31,1438.32,99.0,0.0,0.0,0.0,Healthy,0.0,143832.0
SKU02835,169,175,66,0.0,0.0,ZestyCo Small Appliances Medium,Electronics & Accessories,1538.54,1090.64,99.0,0.0,0.0,0.0,Healthy,0.0,184318.16
SKU02836,369,230,83,0.0,0.0,PremiumSelect Vitamins & Supplements 500g,Health & Wellness,1144.77,894.75,99.0,0.0,0.0,0.0,Healthy,0.0,330162.75
SKU02838,604,245,87,0.0,0.0,UrbanBite Women's Wear 250ml,Apparel & Footwear,655.85,451.19,99.0,0.0,0.0,0.0,Healthy,0.0,272518.76
SKU02839,53,37,16,0.0,0.0,ZestyCo Cookware 100g,Home & Kitchen,1889.13,1234.32,99.0,0.0,0.0,0.0,Healthy,0.0,65418.96
SKU02841,419,192,52,0.25,0.0,DailyBest Dishwashing Medium,Home Care,271.96,152.83,1676.0,0.0,0.0,0.0,Healthy,0.0,64035.770000000004
SKU02842,7265,1596,569,0.0,0.0,NovaFresh Vitamins & Supplements Family Pack,Health & Wellness,535.34,323.83,99.0,0.0,0.0,0.0,Healthy,0.0,2352624.9499999997
SKU02843,44,37,17,0.0,0.0,QuickBite Namkeen 250g,Snacks & Confectionery,87.14,66.87,99.0,0.0,0.0,0.0,Healthy,0.0,2942.28
SKU02845,260,182,65,0.0,0.0,GoldenHarvest Footwear 2kg,Apparel & Footwear,3553.49,2047.79,99.0,0.0,0.0,0.0,Healthy,0.0,532425.4
SKU02846,265,92,43,0.0,0.0,SunriseFoods First Aid 500ml,Health & Wellness,1875.69,1040.14,99.0,0.0,0.0,0.0,Healthy,0.0,275637.10000000003
SKU02849,168,91,25,0.25,0.0,GoldenHarvest Laundry Small,Home Care,73.3,44.71,672.0,0.0,0.0,0.0,Healthy,0.0,7511.28
SKU02851,253,93,25,0.125,0.0,PureLife Kids Wear Pack of 12,Apparel & Footwear,2854.29,1574.02,2024.0,0.0,0.0,0.0,Healthy,0.0,398227.06
SKU02853,36,69,24,0.0,0.0,DailyBest Notebooks 500g,Stationery & Office,149.61,115.44,99.0,0.0,0.0,0.0,Healthy,0.0,4155.84
SKU02855,246,197,62,0.0,0.0,GoldenHarvest Small Appliances 100g,Electronics & Accessories,3150.9,2416.26,99.0,0.0,0.0,0.0,Healthy,0.0,594399.9600000001
SKU02856,553,319,119,0.0,0.0,EliteHome Men's Grooming 1L,Personal Care,211.45,164.82,99.0,0.0,0.0,0.0,Healthy,0.0,91145.45999999999
SKU02857,419,244,91,0.0,0.0,MetroBrand First Aid 1L,Health & Wellness,527.76,360.97,99.0,0.0,0.0,0.0,Healthy,0.0,151246.43000000002
SKU02859,168,84,29,0.0,0.0,SmartBuy Vitamins & Supplements Pack of 6,Health & Wellness,253.49,175.09,99.0,0.0,0.0,0.0,Healthy,0.0,29415.12
SKU02861,388,161,52,0.0,0.0,HomeStyle Oral Care Small,Personal Care,585.54,458.65,99.0,0.0,0.0,0.0,Healthy,0.0,177956.19999999998
SKU02863,200,217,76,0.5,0.0,FamilyChoice Rice & Grains Medium,Grocery,110.89,83.13,400.0,0.0,0.0,0.0,Healthy,0.0,16626.0
SKU02864,22,35,17,0.375,0.0,NatureBlend Batteries 250g,Electronics & Accessories,274.66,192.95,58.666666666666664,0.0,0.0,0.0,Healthy,0.0,4244.9
SKU02867,301,146,49,0.0,0.0,PureLife Frozen Meat Medium,Frozen Foods,930.15,716.19,99.0,0.0,0.0,0.0,Healthy,0.0,215573.19
SKU02868,141,96,42,0.0,0.0,EliteHome Chips & Crisps Pack of 12,Snacks & Confectionery,181.68,117.31,99.0,0.0,0.0,0.0,Healthy,0.0,16540.71
SKU02869,50,79,28,0.375,0.0,FamilyChoice Vitamins & Supplements Pack of 6,Health & Wellness,1023.67,650.37,133.33333333333334,0.0,0.0,0.0,Healthy,0.0,32518.5
SKU02871,9112,1941,694,0.0,0.0,TrueTaste Hair Care Pack of 12,Personal Care,377.93,239.42,99.0,0.0,0.0,0.0,Healthy,0.0,2181595.04
SKU02872,121,146,40,0.0,0.0,HealthFirst Juices 500ml,Beverages,77.44,59.23,99.0,0.0,0.0,0.0,Healthy,0.0,7166.83
SKU02873,21,78,18,0.0,0.0,NovaFresh Men's Grooming Medium,Personal Care,382.88,227.65,99.0,0.0,0.0,0.0,Healthy,0.0,4780.650000000001
SKU02874,102,159,61,0.0,0.0,UrbanBite Chips & Crisps Pack of 12,Snacks & Confectionery,169.6,126.85,99.0,0.0,0.0,0.0,Healthy,0.0,12938.699999999999
SKU02876,317,139,52,0.0,0.0,HomeStyle OTC Medicine Large,Health & Wellness,809.36,469.47,99.0,0.0,0.0,0.0,Healthy,0.0,148821.99000000002
SKU02877,5805,1333,489,0.0,0.0,CrispKing Tea 100g,Beverages,92.7,52.47,99.0,0.0,0.0,0.0,Healthy,0.0,304588.35
SKU02880,79,185,66,0.0,0.0,UrbanBite Storage & Containers Family Pack,Home & Kitchen,2899.44,1855.72,99.0,0.0,0.0,0.0,Healthy,0.0,146601.88
SKU02881,183,63,29,0.0,0.0,NovaFresh Mobile Accessories 500g,Electronics & Accessories,1773.86,1095.87,99.0,0.0,0.0,0.0,Healthy,0.0,200544.21
SKU02884,270,316,136,0.0,0.0,SparkleClean Juices Pack of 6,Beverages,173.65,100.8,99.0,0.0,0.0,0.0,Healthy,0.0,27216.0
SKU02886,66,87,30,0.0,0.0,QuickBite Writing Instruments 250ml,Stationery & Office,274.35,213.47,99.0,0.0,0.0,0.0,Healthy,0.0,14089.02
SKU02888,529,301,115,0.0,0.0,CrispKing Soft Drinks Pack of 12,Beverages,138.67,109.69,99.0,0.0,0.0,0.0,Healthy,0.0,58026.01
SKU02889,64,55,14,0.0,0.0,CleanWave Cheese Large,Dairy & Bakery,184.37,128.96,99.0,0.0,0.0,0.0,Healthy,0.0,8253.44
SKU02890,376,170,62,0.0,0.0,ZestyCo Namkeen Medium,Snacks & Confectionery,158.62,113.91,99.0,0.0,0.0,0.0,Healthy,0.0,42830.159999999996
SKU02891,145,52,24,0.375,0.0,PurePlus Men's Grooming 1L,Personal Care,514.58,384.81,386.6666666666667,0.0,0.0,0.0,Healthy,0.0,55797.45
SKU02893,77,121,34,0.25,0.0,GoldenHarvest Yogurt 1kg,Dairy & Bakery,327.2,225.78,308.0,0.0,0.0,0.0,Healthy,0.0,17385.06
SKU02894,187,98,39,0.5,0.0,EverydayPlus Frozen Vegetables Family Pack,Frozen Foods,276.72,194.69,374.0,0.0,0.0,0.0,Healthy,0.0,36407.03
SKU02896,174,149,50,0.0,0.0,PurePlus Cookware Large,Home & Kitchen,1512.83,1004.33,99.0,0.0,0.0,0.0,Healthy,0.0,174753.42
SKU02897,3546,798,262,0.0,0.0,SmartBuy Batteries 500ml,Electronics & Accessories,2337.3,1735.84,99.0,0.0,0.0,0.0,Healthy,0.0,6155288.64
SKU02898,51,1017,393,0.25,0.0,CrispKing Footwear 1L,Apparel & Footwear,989.39,554.23,204.0,0.0,0.0,0.0,Healthy,0.0,28265.73
SKU02900,93,33,9,0.0,0.0,CleanWave Small Appliances Pack of 12,Electronics & Accessories,1839.94,1078.99,99.0,0.0,0.0,0.0,Healthy,0.0,100346.07
SKU02901,139,101,44,0.125,0.0,UrbanBite Cookware 1kg,Home & Kitchen,1081.76,642.5,1112.0,0.0,0.0,0.0,Healthy,0.0,89307.5
SKU02902,227,85,18,0.0,0.0,CityFresh Candy 1L,Snacks & Confectionery,84.54,57.33,99.0,0.0,0.0,0.0,Healthy,0.0,13013.91
SKU02904,59,31,9,0.5,0.0,ZestyCo Bath & Body Small,Personal Care,312.58,205.13,118.0,0.0,0.0,0.0,Healthy,0.0,12102.67
SKU02905,282,227,91,0.0,0.0,FreshFarm Kids Wear 100g,Apparel & Footwear,867.68,482.8,99.0,0.0,0.0,0.0,Healthy,0.0,136149.6
SKU02906,357,165,45,0.0,0.0,NovaFresh Air Fresheners Medium,Home Care,159.53,124.66,99.0,0.0,0.0,0.0,Healthy,0.0,44503.619999999995
SKU02907,6783,1606,557,0.0,0.0,NovaFresh Kids Wear Large,Apparel & Footwear,1495.16,1152.38,99.0,0.0,0.0,0.0,Healthy,0.0,7816593.540000001
SKU02909,154,127,49,0.0,0.0,CrispKing Bath & Body Pack of 6,Personal Care,592.56,335.66,99.0,0.0,0.0,0.0,Healthy,0.0,51691.64000000001
SKU02910,198,104,42,0.0,0.0,DailyBest Yogurt 250g,Dairy & Bakery,143.97,88.2,99.0,0.0,0.0,0.0,Healthy,0.0,17463.600000000002
SKU02913,6,60,22,0.0,0.0,PrimeCare Skin Care 1L,Personal Care,348.62,241.76,99.0,0.0,0.0,0.0,Healthy,0.0,1450.56
SKU02915,5779,1396,424,0.0,0.0,ZestyCo Small Appliances 500ml,Electronics & Accessories,2288.75,1746.3,99.0,0.0,0.0,0.0,Healthy,0.0,10091867.7
SKU02917,125,164,52,0.0,0.0,HealthFirst Men's Wear 250g,Apparel & Footwear,1064.57,694.33,99.0,0.0,0.0,0.0,Healthy,0.0,86791.25
SKU02918,541,297,91,0.0,0.0,PurePlus Batteries Large,Electronics & Accessories,2294.61,1612.16,99.0,0.0,0.0,0.0,Healthy,0.0,872178.56
SKU02919,186,78,20,0.0,0.0,MetroBrand Coffee 2kg,Beverages,117.84,77.83,99.0,0.0,0.0,0.0,Healthy,0.0,14476.38
SKU02921,229,215,85,0.0,0.0,MetroBrand Laundry 250g,Home Care,319.54,187.85,99.0,0.0,0.0,0.0,Healthy,0.0,43017.65
SKU02923,146,1264,434,0.125,0.0,EverydayPlus Namkeen 2L,Snacks & Confectionery,124.18,76.12,1168.0,0.0,0.0,0.0,Healthy,0.0,11113.52
SKU02924,274,261,98,0.0,0.0,GreenValley Women's Wear Large,Apparel & Footwear,1530.37,905.78,99.0,0.0,0.0,0.0,Healthy,0.0,248183.72
SKU02925,343,128,48,0.0,0.0,NatureBlend Ready Meals 2kg,Frozen Foods,531.55,347.35,99.0,0.0,0.0,0.0,Healthy,0.0,119141.05
SKU02926,87,112,42,0.0,0.0,EliteHome Small Appliances 2L,Electronics & Accessories,2188.09,1600.86,99.0,0.0,0.0,0.0,Healthy,0.0,139274.81999999998
SKU02927,735,396,149,0.0,0.0,PurePlus Tea Large,Beverages,192.51,124.94,99.0,0.0,0.0,0.0,Healthy,0.0,91830.9
SKU02931,249,194,57,0.125,0.0,FreshFarm Pest Control Large,Home Care,127.7,76.41,1992.0,0.0,0.0,0.0,Healthy,0.0,19026.09
SKU02932,185,90,31,0.0,0.0,FamilyChoice Women's Wear 250g,Apparel & Footwear,606.53,382.23,99.0,0.0,0.0,0.0,Healthy,0.0,70712.55
SKU02933,17,43,12,0.0,0.0,HomeStyle Bread 1kg,Dairy & Bakery,92.06,54.41,99.0,0.0,0.0,0.0,Healthy,0.0,924.9699999999999
SKU02934,170,91,28,0.25,0.0,GoldenHarvest Namkeen 500g,Snacks & Confectionery,112.59,68.62,680.0,0.0,0.0,0.0,Healthy,0.0,11665.400000000001
SKU02935,316,151,48,0.125,0.0,UrbanBite Bath & Body Pack of 12,Personal Care,432.23,254.7,2528.0,0.0,0.0,0.0,Healthy,0.0,80485.2
SKU02936,191,95,31,0.125,0.0,SmartBuy Skin Care 250ml,Personal Care,198.13,139.92,1528.0,0.0,0.0,0.0,Healthy,0.0,26724.719999999998
SKU02937,465,226,73,0.0,0.0,SparkleClean Namkeen Pack of 12,Snacks & Confectionery,175.74,105.47,99.0,0.0,0.0,0.0,Healthy,0.0,49043.55
SKU02938,8249,1819,676,0.0,0.0,MetroBrand Candy Pack of 6,Snacks & Confectionery,83.54,47.72,99.0,0.0,0.0,0.0,Healthy,0.0,393642.27999999997
SKU02939,18,21,6,0.0,0.0,PureLife Namkeen 100g,Snacks & Confectionery,82.66,50.97,99.0,0.0,0.0,0.0,Healthy,0.0,917.46
SKU02940,283,146,52,0.0,0.0,GoldenHarvest Surface Cleaners 2kg,Home Care,322.25,231.89,99.0,0.0,0.0,0.0,Healthy,0.0,65624.87
SKU02941,55,22,7,0.0,0.0,DailyBest Oral Care 100g,Personal Care,251.94,165.56,99.0,0.0,0.0,0.0,Healthy,0.0,9105.8
SKU02942,375,225,83,0.0,0.0,PremiumSelect Hair Care 100g,Personal Care,622.94,366.94,99.0,0.0,0.0,0.0,Healthy,0.0,137602.5
SKU02943,231,226,83,0.125,0.0,NatureBlend Batteries 1L,Electronics & Accessories,909.95,514.91,1848.0,0.0,0.0,0.0,Healthy,0.0,118944.20999999999
SKU02944,343,173,43,0.25,0.0,PurePlus Biscuits & Cookies 1kg,Snacks & Confectionery,168.3,123.25,1372.0,0.0,0.0,0.0,Healthy,0.0,42274.75
SKU02945,141,54,17,0.0,0.0,PurePlus Storage & Containers 250g,Home & Kitchen,866.32,628.97,99.0,0.0,0.0,0.0,Healthy,0.0,88684.77
SKU02946,6401,1526,570,0.0,0.0,ValueChoice Women's Wear 500ml,Apparel & Footwear,2029.87,1350.64,99.0,0.0,0.0,0.0,Healthy,0.0,8645446.64
SKU02947,21,27,9,0.25,0.0,PurePlus Biscuits & Cookies 500ml,Snacks & Confectionery,134.5,91.72,84.0,0.0,0.0,0.0,Healthy,0.0,1926.12
SKU02948,108,122,58,0.0,0.0,SparkleClean Butter & Ghee Family Pack,Dairy & Bakery,367.9,224.46,99.0,0.0,0.0,0.0,Healthy,0.0,24241.68
SKU02949,238,176,66,0.25,0.0,NatureBlend Chips & Crisps Pack of 6,Snacks & Confectionery,157.02,105.41,952.0,0.0,0.0,0.0,Healthy,0.0,25087.579999999998
SKU02951,98,74,32,0.5,0.0,FreshFarm Oral Care 1L,Personal Care,384.02,285.28,196.0,0.0,0.0,0.0,Healthy,0.0,27957.44
SKU02953,354,231,101,0.0,0.0,CleanWave Pulses & Lentils 250ml,Grocery,206.97,148.96,99.0,0.0,0.0,0.0,Healthy,0.0,52731.840000000004
SKU02955,100,77,19,0.0,0.0,DailyBest Mobile Accessories 100g,Electronics & Accessories,641.96,471.73,99.0,0.0,0.0,0.0,Healthy,0.0,47173.0
SKU02956,324,156,59,0.25,0.0,PremiumSelect Bread Large,Dairy & Bakery,261.17,188.75,1296.0,0.0,0.0,0.0,Healthy,0.0,61155.0
SKU02959,65,100,26,0.125,0.0,BasicNeeds Storage & Containers 2kg,Home & Kitchen,1901.51,1198.96,520.0,0.0,0.0,0.0,Healthy,0.0,77932.40000000001
SKU02960,100,44,19,0.0,0.0,UrbanBite Candy Medium,Snacks & Confectionery,61.77,38.07,99.0,0.0,0.0,0.0,Healthy,0.0,3807.0
SKU02961,234,137,57,0.125,0.0,UrbanBite Frozen Meat 250ml,Frozen Foods,1130.98,748.45,1872.0,0.0,0.0,0.0,Healthy,0.0,175137.30000000002
SKU02962,251,98,29,0.0,0.0,SoftTouch Footwear Large,Apparel & Footwear,706.08,470.41,99.0,0.0,0.0,0.0,Healthy,0.0,118072.91
SKU02963,165,243,74,0.0,0.0,EverydayPlus Pulses & Lentils 1L,Grocery,276.15,197.95,99.0,0.0,0.0,0.0,Healthy,0.0,32661.749999999996
SKU02965,283,153,51,0.0,0.0,PureLife Hair Care 1kg,Personal Care,150.68,104.72,99.0,0.0,0.0,0.0,Healthy,0.0,29635.76
SKU02966,74,39,9,0.0,0.0,UrbanBite Pest Control Family Pack,Home Care,66.34,46.99,99.0,0.0,0.0,0.0,Healthy,0.0,3477.26
SKU02967,421,230,71,0.0,0.0,EliteHome Vitamins & Supplements 500g,Health & Wellness,735.42,454.65,99.0,0.0,0.0,0.0,Healthy,0.0,191407.65
SKU02969,6804,1526,495,0.0,0.0,QuickBite Cooking Oil 500ml,Grocery,125.0,75.47,99.0,0.0,0.0,0.0,Healthy,0.0,513497.88
SKU02970,354,246,70,0.0,0.0,CrispKing Home Decor Medium,Home & Kitchen,562.41,418.92,99.0,0.0,0.0,0.0,Healthy,0.0,148297.68
SKU02971,351,237,73,0.0,0.0,GreenValley First Aid Large,Health & Wellness,867.83,498.41,99.0,0.0,0.0,0.0,Healthy,0.0,174941.91
SKU02972,177,98,48,0.0,0.0,EverydayPlus Office Supplies Medium,Stationery & Office,98.84,62.17,99.0,0.0,0.0,0.0,Healthy,0.0,11004.09
SKU02973,30,37,7,0.0,0.0,SunriseFoods Air Fresheners 2L,Home Care,242.96,150.65,99.0,0.0,0.0,0.0,Healthy,0.0,4519.5
SKU02974,233,111,28,0.0,0.0,CleanWave OTC Medicine Large,Health & Wellness,817.03,570.27,99.0,0.0,0.0,0.0,Healthy,0.0,132872.91
SKU02976,129,86,37,0.25,0.0,GreenValley Cookware 1L,Home & Kitchen,837.64,644.69,516.0,0.0,0.0,0.0,Healthy,0.0,83165.01000000001
SKU02977,237,146,59,0.0,0.0,MetroBrand Women's Wear 500g,Apparel & Footwear,2254.18,1299.19,99.0,0.0,0.0,0.0,Healthy,0.0,307908.03
SKU02981,250,163,53,0.0,0.0,SmartBuy Skin Care 250ml,Personal Care,361.07,232.41,99.0,0.0,0.0,0.0,Healthy,0.0,58102.5
SKU02982,103,119,54,0.0,0.0,PureLife Air Fresheners Pack of 6,Home Care,413.73,249.78,99.0,0.0,0.0,0.0,Healthy,0.0,25727.34
SKU02984,54,61,25,0.0,0.0,EliteHome Pulses & Lentils 250ml,Grocery,365.1,240.52,99.0,0.0,0.0,0.0,Healthy,0.0,12988.08
SKU02986,267,168,72,0.0,0.0,MetroBrand Spices & Seasoning 2L,Grocery,366.41,204.57,99.0,0.0,0.0,0.0,Healthy,0.0,54620.189999999995
SKU02989,162,125,45,0.0,0.0,TrueTaste Pest Control 500g,Home Care,186.36,109.26,99.0,0.0,0.0,0.0,Healthy,0.0,17700.120000000003
SKU02990,93,160,48,0.0,0.0,FamilyChoice Laundry 250ml,Home Care,321.24,236.26,99.0,0.0,0.0,0.0,Healthy,0.0,21972.18
SKU02991,230,99,35,0.0,0.0,FreshFarm Air Fresheners Pack of 6,Home Care,106.67,72.6,99.0,0.0,0.0,0.0,Healthy,0.0,16698.0
SKU02992,37,20,7,0.0,0.0,PureLife Hair Care 1kg,Personal Care,368.13,284.9,99.0,0.0,0.0,0.0,Healthy,0.0,10541.3
SKU02994,80,74,18,0.375,0.0,MetroBrand Ice Cream 2kg,Frozen Foods,708.55,479.24,213.33333333333334,0.0,0.0,0.0,Healthy,0.0,38339.2
SKU02996,112,112,50,0.0,0.0,QuickBite Frozen Meat Pack of 6,Frozen Foods,543.13,427.68,99.0,0.0,0.0,0.0,Healthy,0.0,47900.16
SKU02997,6620,1434,509,0.0,0.0,FreshFarm OTC Medicine 250g,Health & Wellness,1164.54,833.95,99.0,0.0,0.0,0.0,Healthy,0.0,5520749.0
SKU03000,45,26,12,0.0,0.0,PrimeCare Soft Drinks Small,Beverages,172.96,99.51,99.0,0.0,0.0,0.0,Healthy,0.0,4477.95
SKU03002,193,158,40,0.0,0.0,NutriPlus Chocolates 250g,Snacks & Confectionery,52.44,35.4,99.0,0.0,0.0,0.0,Healthy,0.0,6832.2
SKU03003,321,152,44,0.0,0.0,HomeStyle Chocolates 250ml,Snacks & Confectionery,141.34,106.08,99.0,0.0,0.0,0.0,Healthy,0.0,34051.68
SKU03004,279,249,104,0.375,0.0,EverydayPlus Kids Wear Medium,Apparel & Footwear,2087.35,1519.92,744.0,0.0,0.0,0.0,Healthy,0.0,424057.68
SKU03005,7094,1558,546,0.125,0.0,NatureBlend Cooking Oil 500ml,Grocery,133.21,88.29,56752.0,0.0,0.0,0.0,Healthy,0.0,626329.26
SKU03006,173,64,20,0.0,0.0,TrueTaste Storage & Containers Pack of 12,Home & Kitchen,1088.75,808.32,99.0,0.0,0.0,0.0,Healthy,0.0,139839.36000000002
SKU03007,226,100,40,0.0,0.0,PrimeCare Men's Wear Small,Apparel & Footwear,2447.79,1787.31,99.0,0.0,0.0,0.0,Healthy,0.0,403932.06
SKU03009,405,278,94,0.0,0.0,NovaFresh Small Appliances Large,Electronics & Accessories,2815.76,2047.94,99.0,0.0,0.0,0.0,Healthy,0.0,829415.7000000001
SKU03011,198,80,28,0.0,0.0,CleanWave Juices Small,Beverages,109.09,82.89,99.0,0.0,0.0,0.0,Healthy,0.0,16412.22
SKU03012,10,93,38,0.0,0.0,BasicNeeds Storage & Containers 1L,Home & Kitchen,1138.11,856.33,99.0,0.0,0.0,0.0,Healthy,0.0,8563.300000000001
SKU03013,215,139,56,0.0,0.0,NatureBlend Bottled Water 2L,Beverages,101.21,59.98,99.0,0.0,0.0,0.0,Healthy,0.0,12895.699999999999
SKU03014,6541,1491,489,0.0,0.0,NutriPlus Cheese 250ml,Dairy & Bakery,150.16,83.4,99.0,0.0,0.0,0.0,Healthy,0.0,545519.4
SKU03015,395,213,79,0.375,0.0,NutriPlus Juices Medium,Beverages,62.87,37.66,1053.3333333333333,0.0,0.0,0.0,Healthy,0.0,14875.699999999999
SKU03018,93,75,20,0.0,0.0,HomeStyle Cheese 1kg,Dairy & Bakery,171.53,124.38,99.0,0.0,0.0,0.0,Healthy,0.0,11567.34
SKU03020,497,237,94,0.0,0.0,SunriseFoods First Aid 100g,Health & Wellness,276.62,192.75,99.0,0.0,0.0,0.0,Healthy,0.0,95796.75
SKU03021,252,146,41,0.0,0.0,TrueTaste OTC Medicine 100g,Health & Wellness,1165.36,788.52,99.0,0.0,0.0,0.0,Healthy,0.0,198707.04
SKU03022,532,307,102,0.375,0.0,GoldenHarvest Office Supplies 250g,Stationery & Office,86.56,68.61,1418.6666666666667,0.0,0.0,0.0,Healthy,0.0,36500.52
SKU03024,132,48,13,0.0,0.0,NovaFresh Oral Care 1kg,Personal Care,280.12,183.57,99.0,0.0,0.0,0.0,Healthy,0.0,24231.239999999998
SKU03025,192,166,64,0.0,0.0,NovaFresh Notebooks 2L,Stationery & Office,396.16,245.43,99.0,0.0,0.0,0.0,Healthy,0.0,47122.56
SKU03026,200,147,47,0.0,0.0,CityFresh Ice Cream Medium,Frozen Foods,747.22,433.77,99.0,0.0,0.0,0.0,Healthy,0.0,86754.0
SKU03027,226,202,90,0.0,0.0,PremiumSelect Vitamins & Supplements 100g,Health & Wellness,724.38,508.08,99.0,0.0,0.0,0.0,Healthy,0.0,114826.08
SKU03028,56,77,29,0.0,0.0,PremiumSelect Milk 1L,Dairy & Bakery,242.32,149.22,99.0,0.0,0.0,0.0,Healthy,0.0,8356.32
SKU03031,8024,1771,648,0.0,0.0,PureLife Chocolates Large,Snacks & Confectionery,175.91,113.9,99.0,0.0,0.0,0.0,Healthy,0.0,913933.6000000001
SKU03032,309,167,48,0.125,0.0,GoldenHarvest Chips & Crisps Pack of 6,Snacks & Confectionery,110.49,66.3,2472.0,0.0,0.0,0.0,Healthy,0.0,20486.7
SKU03035,104,36,11,0.125,0.0,PrimeCare First Aid 250ml,Health & Wellness,1367.96,1025.81,832.0,0.0,0.0,0.0,Healthy,0.0,106684.23999999999
SKU03036,7451,1636,559,0.0,0.0,EverydayPlus Office Supplies 250g,Stationery & Office,219.56,147.42,99.0,0.0,0.0,0.0,Healthy,0.0,1098426.42
SKU03037,158,72,18,0.0,0.0,ZestyCo Women's Wear Family Pack,Apparel & Footwear,1595.26,894.3,99.0,0.0,0.0,0.0,Healthy,0.0,141299.4
SKU03038,135,78,21,0.0,0.0,BasicNeeds Skin Care 1kg,Personal Care,204.05,147.66,99.0,0.0,0.0,0.0,Healthy,0.0,19934.1
SKU03041,168,61,28,0.0,0.0,HealthFirst Pulses & Lentils Medium,Grocery,320.56,220.14,99.0,0.0,0.0,0.0,Healthy,0.0,36983.52
SKU03042,194,99,44,0.0,0.0,CleanWave Mobile Accessories 2L,Electronics & Accessories,2656.05,1978.64,99.0,0.0,0.0,0.0,Healthy,0.0,383856.16000000003
SKU03045,31,100,50,0.0,0.0,FamilyChoice Mobile Accessories 250g,Electronics & Accessories,3615.67,2588.43,99.0,0.0,0.0,0.0,Healthy,0.0,80241.33
SKU03046,160,115,44,0.0,0.0,FreshFarm Namkeen 250ml,Snacks & Confectionery,109.87,73.34,99.0,0.0,0.0,0.0,Healthy,0.0,11734.400000000001
SKU03048,106,102,29,0.5,0.0,DailyBest Kids Wear 2L,Apparel & Footwear,1226.44,962.71,212.0,0.0,0.0,0.0,Healthy,0.0,102047.26000000001
SKU03049,148,100,42,0.125,0.0,DailyBest Writing Instruments 2kg,Stationery & Office,267.4,182.7,1184.0,0.0,0.0,0.0,Healthy,0.0,27039.6
SKU03050,48,65,20,0.0,0.0,SoftTouch Yogurt Family Pack,Dairy & Bakery,274.23,170.49,99.0,0.0,0.0,0.0,Healthy,0.0,8183.52
SKU03051,313,159,54,0.5,0.0,ValueChoice Writing Instruments 250ml,Stationery & Office,202.67,151.93,626.0,0.0,0.0,0.0,Healthy,0.0,47554.090000000004
SKU03052,555,269,83,0.0,0.0,NovaFresh Cookware 2kg,Home & Kitchen,2242.35,1528.57,99.0,0.0,0.0,0.0,Healthy,0.0,848356.35
SKU03054,585,509,163,0.0,0.0,GreenValley Tea 1L,Beverages,90.66,62.69,99.0,0.0,0.0,0.0,Healthy,0.0,36673.65
SKU03058,8242,1863,654,0.0,0.0,UrbanBite Women's Wear Pack of 12,Apparel & Footwear,1202.99,765.86,99.0,0.0,0.0,0.0,Healthy,0.0,6312218.12
SKU03059,70,60,22,0.0,0.0,BasicNeeds Dishwashing 2L,Home Care,567.73,407.15,99.0,0.0,0.0,0.0,Healthy,0.0,28500.5
SKU03061,98,136,33,0.0,0.0,DailyBest Office Supplies Family Pack,Stationery & Office,234.65,167.42,99.0,0.0,0.0,0.0,Healthy,0.0,16407.16
SKU03062,545,312,91,0.375,0.0,GreenValley Milk Pack of 12,Dairy & Bakery,250.47,184.41,1453.3333333333333,0.0,0.0,0.0,Healthy,0.0,100503.45
SKU03065,166,183,70,0.0,0.0,GreenValley Frozen Vegetables 1L,Frozen Foods,209.91,145.54,99.0,0.0,0.0,0.0,Healthy,0.0,24159.64
SKU03069,402,197,63,0.0,0.0,ZestyCo Writing Instruments Large,Stationery & Office,296.3,214.74,99.0,0.0,0.0,0.0,Healthy,0.0,86325.48000000001
SKU03070,205,99,25,0.0,0.0,NovaFresh Surface Cleaners 250ml,Home Care,524.48,300.47,99.0,0.0,0.0,0.0,Healthy,0.0,61596.350000000006
SKU03072,56,49,15,0.0,0.0,SparkleClean Cheese Family Pack,Dairy & Bakery,201.4,129.84,99.0,0.0,0.0,0.0,Healthy,0.0,7271.04
SKU03073,6327,1363,535,0.0,0.0,PrimeCare Kids Wear 100g,Apparel & Footwear,1595.17,1129.75,99.0,0.0,0.0,0.0,Healthy,0.0,7147928.25
SKU03075,132,79,27,0.0,0.0,PrimeCare OTC Medicine Small,Health & Wellness,1310.56,863.17,99.0,0.0,0.0,0.0,Healthy,0.0,113938.43999999999
SKU03080,315,173,63,0.25,0.0,CityFresh Home Decor 500ml,Home & Kitchen,524.39,342.62,1260.0,0.0,0.0,0.0,Healthy,0.0,107925.3
SKU03082,210,83,32,0.25,0.0,GreenValley Biscuits & Cookies Medium,Snacks & Confectionery,29.69,21.56,840.0,0.0,0.0,0.0,Healthy,0.0,4527.599999999999
SKU03083,448,225,85,0.0,0.0,ZestyCo Small Appliances 500g,Electronics & Accessories,763.32,419.85,99.0,0.0,0.0,0.0,Healthy,0.0,188092.80000000002
SKU03085,42,75,25,0.0,0.0,HomeStyle Frozen Meat 500g,Frozen Foods,460.85,274.24,99.0,0.0,0.0,0.0,Healthy,0.0,11518.08
SKU03086,197,151,52,0.0,0.0,PremiumSelect Ready Meals 2L,Frozen Foods,410.21,254.69,99.0,0.0,0.0,0.0,Healthy,0.0,50173.93
SKU03087,236,128,54,0.0,0.0,NatureBlend Men's Grooming Family Pack,Personal Care,330.63,214.82,99.0,0.0,0.0,0.0,Healthy,0.0,50697.52
SKU03089,7814,1773,598,0.0,0.0,NovaFresh Storage & Containers Medium,Home & Kitchen,1571.55,1178.03,99.0,0.0,0.0,0.0,Healthy,0.0,9205126.42
SKU03090,7415,1695,630,0.0,0.0,FreshFarm Cooking Oil Medium,Grocery,140.89,80.53,99.0,0.0,0.0,0.0,Healthy,0.0,597129.95
SKU03091,194,146,49,0.0,0.0,EliteHome Namkeen Pack of 6,Snacks & Confectionery,90.07,59.47,99.0,0.0,0.0,0.0,Healthy,0.0,11537.18
SKU03092,5198,1208,378,0.0,0.0,BasicNeeds Candy Pack of 6,Snacks & Confectionery,108.22,82.54,99.0,0.0,0.0,0.0,Healthy,0.0,429042.92000000004
SKU03093,307,128,45,0.0,0.0,CleanWave Storage & Containers 1kg,Home & Kitchen,416.0,273.75,99.0,0.0,0.0,0.0,Healthy,0.0,84041.25
SKU03094,12,53,22,0.0,0.0,FreshFarm Ready Meals Family Pack,Frozen Foods,339.49,230.79,99.0,0.0,0.0,0.0,Healthy,0.0,2769.48
SKU03095,174,140,60,0.125,0.0,GoldenHarvest Batteries Small,Electronics & Accessories,1606.55,1196.32,1392.0,0.0,0.0,0.0,Healthy,0.0,208159.68
SKU03096,292,231,93,0.0,0.0,NovaFresh Footwear Large,Apparel & Footwear,1689.66,1230.45,99.0,0.0,0.0,0.0,Healthy,0.0,359291.4
SKU03097,393,410,154,0.0,0.0,NovaFresh Women's Wear Family Pack,Apparel & Footwear,1659.8,1124.51,99.0,0.0,0.0,0.0,Healthy,0.0,441932.43
SKU03098,3,67,14,0.0,0.0,PrimeCare Bottled Water 250ml,Beverages,142.36,112.72,99.0,0.0,0.0,0.0,Healthy,0.0,338.15999999999997
SKU03099,187,168,55,0.0,0.0,NutriPlus Bottled Water 500g,Beverages,189.1,105.72,99.0,0.0,0.0,0.0,Healthy,0.0,19769.64
SKU03101,296,287,113,0.0,0.0,CrispKing Bath & Body 1L,Personal Care,242.48,159.27,99.0,0.0,0.0,0.0,Healthy,0.0,47143.920000000006
SKU03102,74,50,20,0.0,0.0,SmartBuy Mobile Accessories Family Pack,Electronics & Accessories,1334.54,786.66,99.0,0.0,0.0,0.0,Healthy,0.0,58212.84
SKU03103,223,77,24,0.125,0.0,CityFresh Soft Drinks Pack of 12,Beverages,225.45,136.2,1784.0,0.0,0.0,0.0,Healthy,0.0,30372.6
SKU03104,172,61,27,0.125,0.0,QuickBite Oral Care 1kg,Personal Care,480.01,282.02,1376.0,0.0,0.0,0.0,Healthy,0.0,48507.439999999995
SKU03105,8195,1764,576,0.0,0.0,MetroBrand Candy 250ml,Snacks & Confectionery,160.13,115.79,99.0,0.0,0.0,0.0,Healthy,0.0,948899.05
SKU03106,261,208,77,0.0,0.0,EliteHome Chocolates Pack of 6,Snacks & Confectionery,127.35,83.45,99.0,0.0,0.0,0.0,Healthy,0.0,21780.45
SKU03107,207,139,32,0.0,0.0,SoftTouch Chocolates 250ml,Snacks & Confectionery,135.95,103.12,99.0,0.0,0.0,0.0,Healthy,0.0,21345.84
SKU03109,70,115,35,0.375,0.0,SoftTouch Ice Cream 1kg,Frozen Foods,312.25,220.4,186.66666666666666,0.0,0.0,0.0,Healthy,0.0,15428.0
SKU03111,576,326,140,0.0,0.0,QuickBite Air Fresheners 100g,Home Care,546.67,302.65,99.0,0.0,0.0,0.0,Healthy,0.0,174326.4
SKU03112,859,397,131,0.0,0.0,PureLife Air Fresheners 250g,Home Care,382.71,276.4,99.0,0.0,0.0,0.0,Healthy,0.0,237427.59999999998
SKU03113,75,38,19,0.0,0.0,NutriPlus Small Appliances 100g,Electronics & Accessories,1211.82,710.59,99.0,0.0,0.0,0.0,Healthy,0.0,53294.25
SKU03114,50,45,15,0.0,0.0,PurePlus Storage & Containers Small,Home & Kitchen,513.11,371.21,99.0,0.0,0.0,0.0,Healthy,0.0,18560.5
SKU03115,10515,2171,768,0.0,0.0,NutriPlus Frozen Vegetables 100g,Frozen Foods,804.38,581.3,99.0,0.0,0.0,0.0,Healthy,0.0,6112369.499999999
SKU03116,12,84,41,0.0,0.0,FamilyChoice First Aid 500ml,Health & Wellness,804.33,576.73,99.0,0.0,0.0,0.0,Healthy,0.0,6920.76
SKU03117,99,163,52,0.0,0.0,QuickBite Mobile Accessories 250g,Electronics & Accessories,4755.47,3319.27,99.0,0.0,0.0,0.0,Healthy,0.0,328607.73
SKU03118,171,77,35,0.0,0.0,EliteHome Batteries 2L,Electronics & Accessories,1561.39,1204.19,99.0,0.0,0.0,0.0,Healthy,0.0,205916.49000000002
SKU03124,227,220,56,0.0,0.0,GreenValley Oral Care 1L,Personal Care,428.6,264.55,99.0,0.0,0.0,0.0,Healthy,0.0,60052.850000000006
SKU03125,331,223,76,0.0,0.0,SmartBuy Chips & Crisps Medium,Snacks & Confectionery,59.03,44.83,99.0,0.0,0.0,0.0,Healthy,0.0,14838.73
SKU03127,41,50,15,0.125,0.0,ZestyCo Spices & Seasoning Small,Grocery,248.14,189.9,328.0,0.0,0.0,0.0,Healthy,0.0,7785.900000000001
SKU03129,8570,1880,613,0.0,0.0,PurePlus Notebooks Family Pack,Stationery & Office,72.61,50.03,99.0,0.0,0.0,0.0,Healthy,0.0,428757.10000000003
SKU03131,69,77,31,0.0,0.0,QuickBite Tea Pack of 6,Beverages,51.77,28.71,99.0,0.0,0.0,0.0,Healthy,0.0,1980.99
SKU03132,237,172,65,0.0,0.0,NovaFresh Women's Wear 500ml,Apparel & Footwear,1920.29,1386.91,99.0,0.0,0.0,0.0,Healthy,0.0,328697.67000000004
SKU03134,170,125,44,0.0,0.0,BasicNeeds Tea Family Pack,Beverages,196.94,144.57,99.0,0.0,0.0,0.0,Healthy,0.0,24576.899999999998
SKU03136,166,153,64,0.0,0.0,CrispKing Laundry 1kg,Home Care,224.84,168.63,99.0,0.0,0.0,0.0,Healthy,0.0,27992.579999999998
SKU03137,309,228,77,0.0,0.0,TrueTaste Soft Drinks 100g,Beverages,165.23,110.27,99.0,0.0,0.0,0.0,Healthy,0.0,34073.43
SKU03138,203,83,23,0.75,0.0,CleanWave Biscuits & Cookies Pack of 12,Snacks & Confectionery,99.25,63.21,270.6666666666667,0.0,0.0,0.0,Healthy,0.0,12831.630000000001
SKU03139,7277,1566,580,0.0,0.0,TrueTaste Chocolates 2L,Snacks & Confectionery,39.88,29.62,99.0,0.0,0.0,0.0,Healthy,0.0,215544.74000000002
SKU03140,229,177,72,0.0,0.0,NutriPlus Chocolates 100g,Snacks & Confectionery,119.93,85.94,99.0,0.0,0.0,0.0,Healthy,0.0,19680.26
SKU03143,190,134,45,0.0,0.0,NovaFresh Chips & Crisps 500ml,Snacks & Confectionery,76.2,45.38,99.0,0.0,0.0,0.0,Healthy,0.0,8622.2
SKU03146,343,157,67,0.0,0.0,NovaFresh Kids Wear 500ml,Apparel & Footwear,1279.79,903.11,99.0,0.0,0.0,0.0,Healthy,0.0,309766.73
SKU03147,303,154,44,0.375,0.0,NatureBlend Namkeen 100g,Snacks & Confectionery,151.39,111.1,808.0,0.0,0.0,0.0,Healthy,0.0,33663.299999999996
SKU03148,47,52,16,0.0,0.0,SmartBuy Storage & Containers 250ml,Home & Kitchen,1814.77,1448.01,99.0,0.0,0.0,0.0,Healthy,0.0,68056.47
SKU03149,133,112,38,0.25,0.0,HomeStyle Frozen Vegetables 1kg,Frozen Foods,610.58,401.94,532.0,0.0,0.0,0.0,Healthy,0.0,53458.02
SKU03150,7949,1833,612,0.0,0.0,ZestyCo Women's Wear 250g,Apparel & Footwear,3570.59,2742.62,99.0,0.0,0.0,0.0,Healthy,0.0,21801086.38
SKU03152,6432,1418,512,0.0,0.0,QuickBite Cheese 250ml,Dairy & Bakery,87.77,48.46,99.0,0.0,0.0,0.0,Healthy,0.0,311694.72000000003
SKU03153,4,20,8,0.0,0.0,EliteHome First Aid 250ml,Health & Wellness,315.02,204.08,99.0,0.0,0.0,0.0,Healthy,0.0,816.32
SKU03154,170,207,78,0.375,0.0,CityFresh Bread 250ml,Dairy & Bakery,110.82,71.87,453.3333333333333,0.0,0.0,0.0,Healthy,0.0,12217.900000000001
SKU03155,130,56,15,0.0,0.0,NutriPlus Juices Pack of 12,Beverages,124.9,72.43,99.0,0.0,0.0,0.0,Healthy,0.0,9415.900000000001
SKU03159,136,122,41,0.125,0.0,FreshFarm Spices & Seasoning Pack of 12,Grocery,134.99,86.46,1088.0,0.0,0.0,0.0,Healthy,0.0,11758.56
SKU03161,145,181,48,0.5,0.0,SmartBuy Frozen Vegetables 100g,Frozen Foods,223.8,156.76,290.0,0.0,0.0,0.0,Healthy,0.0,22730.199999999997
SKU03163,83,102,32,0.25,0.0,GreenValley Writing Instruments Small,Stationery & Office,301.01,235.91,332.0,0.0,0.0,0.0,Healthy,0.0,19580.53
SKU03164,345,211,84,0.0,0.0,EliteHome Candy 500ml,Snacks & Confectionery,55.88,43.23,99.0,0.0,0.0,0.0,Healthy,0.0,14914.349999999999
SKU03166,234,102,39,0.625,0.0,NatureBlend Cookware 250g,Home & Kitchen,333.83,212.65,374.4,0.0,0.0,0.0,Healthy,0.0,49760.1
SKU03169,27,39,15,0.0,0.0,GoldenHarvest Cheese 1kg,Dairy & Bakery,347.71,271.41,99.0,0.0,0.0,0.0,Healthy,0.0,7328.070000000001
SKU03170,71,91,45,0.375,0.0,PrimeCare Pulses & Lentils 500ml,Grocery,324.84,186.2,189.33333333333334,0.0,0.0,0.0,Healthy,0.0,13220.199999999999
SKU03171,34,1558,610,0.0,0.0,PrimeCare Tea 100g,Beverages,144.79,99.7,99.0,0.0,0.0,0.0,Healthy,0.0,3389.8
SKU03172,600,283,94,0.0,0.0,ZestyCo Tea 2kg,Beverages,96.27,58.89,99.0,0.0,0.0,0.0,Healthy,0.0,35334.0
SKU03173,6495,1395,485,0.0,0.0,SparkleClean Kids Wear Large,Apparel & Footwear,1889.92,1441.24,99.0,0.0,0.0,0.0,Healthy,0.0,9360853.8
SKU03174,117,57,23,0.125,0.0,FamilyChoice Vitamins & Supplements Medium,Health & Wellness,1052.39,668.06,936.0,0.0,0.0,0.0,Healthy,0.0,78163.01999999999
SKU03175,25,66,30,0.0,0.0,ZestyCo Surface Cleaners 100g,Home Care,160.68,123.07,99.0,0.0,0.0,0.0,Healthy,0.0,3076.75
SKU03177,5510,1279,468,0.0,0.0,BasicNeeds Juices Family Pack,Beverages,60.33,35.78,99.0,0.0,0.0,0.0,Healthy,0.0,197147.80000000002
SKU03181,7,65,17,0.375,0.0,SparkleClean Vitamins & Supplements 1kg,Health & Wellness,500.79,309.79,18.666666666666668,0.0,0.0,0.0,Healthy,0.0,2168.53
SKU03182,354,175,63,0.0,0.0,SparkleClean Cookware 250ml,Home & Kitchen,857.46,603.79,99.0,0.0,0.0,0.0,Healthy,0.0,213741.65999999997
SKU03184,335,233,81,0.5,0.0,BasicNeeds Cookware Pack of 6,Home & Kitchen,1264.26,929.43,670.0,0.0,0.0,0.0,Healthy,0.0,311359.05
SKU03185,254,137,44,0.0,0.0,NatureBlend Sugar & Salt 500ml,Grocery,329.11,245.06,99.0,0.0,0.0,0.0,Healthy,0.0,62245.24
SKU03186,228,194,82,0.0,0.0,SunriseFoods Chocolates 250g,Snacks & Confectionery,66.0,42.82,99.0,0.0,0.0,0.0,Healthy,0.0,9762.960000000001
SKU03187,279,94,31,0.0,0.0,DailyBest Frozen Meat Large,Frozen Foods,538.03,296.55,99.0,0.0,0.0,0.0,Healthy,0.0,82737.45
SKU03188,254,95,28,0.0,0.0,HomeStyle Flour & Atta 500g,Grocery,482.57,273.39,99.0,0.0,0.0,0.0,Healthy,0.0,69441.06
SKU03189,88,44,16,0.125,0.0,FamilyChoice Storage & Containers Pack of 12,Home & Kitchen,300.85,186.06,704.0,0.0,0.0,0.0,Healthy,0.0,16373.28
SKU03192,5974,1336,469,0.0,0.0,SoftTouch Yogurt 500g,Dairy & Bakery,285.92,210.45,99.0,0.0,0.0,0.0,Healthy,0.0,1257228.3
SKU03193,281,197,71,0.5,0.0,GoldenHarvest Juices 250ml,Beverages,259.16,203.19,562.0,0.0,0.0,0.0,Healthy,0.0,57096.39
SKU03194,217,101,31,0.625,0.0,ZestyCo OTC Medicine Pack of 12,Health & Wellness,649.38,412.63,347.2,0.0,0.0,0.0,Healthy,0.0,89540.70999999999
SKU03197,274,216,79,0.0,0.0,SunriseFoods Vitamins & Supplements 1kg,Health & Wellness,516.84,363.7,99.0,0.0,0.0,0.0,Healthy,0.0,99653.8
SKU03198,27,61,18,0.0,0.0,EverydayPlus Juices 500g,Beverages,128.85,74.48,99.0,0.0,0.0,0.0,Healthy,0.0,2010.96
SKU03200,325,160,53,0.625,0.0,PureLife Footwear Large,Apparel & Footwear,2207.48,1713.06,520.0,0.0,0.0,0.0,Healthy,0.0,556744.5
SKU03202,325,193,71,0.0,0.0,UrbanBite Writing Instruments Family Pack,Stationery & Office,144.15,106.4,99.0,0.0,0.0,0.0,Healthy,0.0,34580.0
SKU03204,183,201,90,0.0,0.0,EverydayPlus Batteries 1L,Electronics & Accessories,1690.3,1188.51,99.0,0.0,0.0,0.0,Healthy,0.0,217497.33
SKU03205,44,129,37,0.0,0.0,CityFresh Writing Instruments 100g,Stationery & Office,57.49,35.18,99.0,0.0,0.0,0.0,Healthy,0.0,1547.92
SKU03206,242,266,101,0.0,0.0,FamilyChoice Pest Control 1L,Home Care,293.85,228.53,99.0,0.0,0.0,0.0,Healthy,0.0,55304.26
SKU03207,125,120,34,0.125,0.0,QuickBite Sugar & Salt 2L,Grocery,196.37,114.33,1000.0,0.0,0.0,0.0,Healthy,0.0,14291.25
SKU03208,600,253,85,0.125,0.0,PurePlus Storage & Containers Small,Home & Kitchen,1141.07,863.59,4800.0,0.0,0.0,0.0,Healthy,0.0,518154.0
SKU03210,5438,1187,475,0.0,0.0,EverydayPlus Ready Meals 100g,Frozen Foods,1127.93,810.37,99.0,0.0,0.0,0.0,Healthy,0.0,4406792.06
SKU03211,154,105,28,0.0,0.0,EliteHome Notebooks 500ml,Stationery & Office,133.34,100.17,99.0,0.0,0.0,0.0,Healthy,0.0,15426.18
SKU03212,146,72,30,0.125,0.0,QuickBite Small Appliances 500ml,Electronics & Accessories,1989.37,1491.33,1168.0,0.0,0.0,0.0,Healthy,0.0,217734.18
SKU03213,179,201,79,0.0,0.0,UrbanBite Spices & Seasoning Pack of 6,Grocery,226.59,133.75,99.0,0.0,0.0,0.0,Healthy,0.0,23941.25
SKU03214,313,196,64,0.125,0.0,FamilyChoice Men's Wear 250g,Apparel & Footwear,1764.51,1239.97,2504.0,0.0,0.0,0.0,Healthy,0.0,388110.61
SKU03215,300,155,60,0.0,0.0,SunriseFoods Energy Drinks Pack of 6,Beverages,169.43,102.27,99.0,0.0,0.0,0.0,Healthy,0.0,30681.0
SKU03218,129,154,58,0.0,0.0,BasicNeeds Butter & Ghee Family Pack,Dairy & Bakery,177.98,141.83,99.0,0.0,0.0,0.0,Healthy,0.0,18296.070000000003
SKU03222,522,350,141,0.0,0.0,CleanWave Candy Family Pack,Snacks & Confectionery,61.79,37.84,99.0,0.0,0.0,0.0,Healthy,0.0,19752.480000000003
SKU03223,323,230,92,0.0,0.0,NovaFresh Bread 1L,Dairy & Bakery,207.4,125.7,99.0,0.0,0.0,0.0,Healthy,0.0,40601.1
SKU03224,14,25,7,0.0,0.0,NatureBlend Frozen Vegetables Small,Frozen Foods,318.78,231.64,99.0,0.0,0.0,0.0,Healthy,0.0,3242.96
SKU03228,270,122,44,0.0,0.0,ValueChoice Frozen Vegetables Small,Frozen Foods,398.21,254.48,99.0,0.0,0.0,0.0,Healthy,0.0,68709.59999999999
SKU03229,231,190,62,0.5,0.0,EverydayPlus Home Decor 1L,Home & Kitchen,1284.76,720.81,462.0,0.0,0.0,0.0,Healthy,0.0,166507.11
SKU03230,6980,1526,522,0.0,0.0,SunriseFoods Oral Care Pack of 6,Personal Care,622.02,464.36,99.0,0.0,0.0,0.0,Healthy,0.0,3241232.8000000003
SKU03231,219,141,39,0.0,0.0,EliteHome Men's Wear Pack of 6,Apparel & Footwear,1705.55,1070.98,99.0,0.0,0.0,0.0,Healthy,0.0,234544.62
SKU03234,364,227,77,0.0,0.0,PurePlus Home Decor 2kg,Home & Kitchen,769.12,423.12,99.0,0.0,0.0,0.0,Healthy,0.0,154015.68
SKU03235,7099,1629,527,0.0,0.0,HomeStyle Footwear Family Pack,Apparel & Footwear,1648.55,1052.65,99.0,0.0,0.0,0.0,Healthy,0.0,7472762.350000001
SKU03236,130,216,83,0.0,0.0,FamilyChoice Chocolates 1L,Snacks & Confectionery,160.9,117.75,99.0,0.0,0.0,0.0,Healthy,0.0,15307.5
SKU03237,202,258,83,0.0,0.0,FamilyChoice Kids Wear Pack of 6,Apparel & Footwear,1413.17,878.31,99.0,0.0,0.0,0.0,Healthy,0.0,177418.62
SKU03238,159,129,42,0.0,0.0,BasicNeeds Small Appliances 1kg,Electronics & Accessories,1110.29,769.01,99.0,0.0,0.0,0.0,Healthy,0.0,122272.59
SKU03240,351,213,73,0.5,0.0,EverydayPlus Mobile Accessories 1L,Electronics & Accessories,1042.33,604.07,702.0,0.0,0.0,0.0,Healthy,0.0,212028.57
SKU03242,271,108,46,0.125,0.0,FreshFarm Ice Cream 500g,Frozen Foods,245.93,177.31,2168.0,0.0,0.0,0.0,Healthy,0.0,48051.01
SKU03245,68,66,13,0.0,0.0,SunriseFoods Skin Care 2kg,Personal Care,388.05,216.78,99.0,0.0,0.0,0.0,Healthy,0.0,14741.04
SKU03247,125,119,46,0.5,0.0,SunriseFoods Air Fresheners 2kg,Home Care,300.98,202.3,250.0,0.0,0.0,0.0,Healthy,0.0,25287.5
SKU03249,117,128,50,0.125,0.0,EliteHome Sugar & Salt Small,Grocery,442.88,299.32,936.0,0.0,0.0,0.0,Healthy,0.0,35020.44
SKU03251,7808,1786,613,0.0,0.0,SmartBuy Kids Wear 1L,Apparel & Footwear,2046.55,1217.36,99.0,0.0,0.0,0.0,Healthy,0.0,9505146.879999999
SKU03252,139,53,19,0.0,0.0,GoldenHarvest Notebooks 500g,Stationery & Office,478.33,289.32,99.0,0.0,0.0,0.0,Healthy,0.0,40215.479999999996
SKU03254,7477,1654,599,0.0,0.0,NutriPlus Office Supplies Family Pack,Stationery & Office,196.07,134.91,99.0,0.0,0.0,0.0,Healthy,0.0,1008722.07
SKU03255,436,196,77,0.0,0.0,SunriseFoods Men's Grooming Small,Personal Care,402.87,229.95,99.0,0.0,0.0,0.0,Healthy,0.0,100258.2
SKU03256,114,41,16,0.0,0.0,CityFresh Skin Care 500ml,Personal Care,454.99,260.35,99.0,0.0,0.0,0.0,Healthy,0.0,29679.9
SKU03257,8787,1902,703,0.0,0.0,PurePlus Skin Care 2kg,Personal Care,358.81,227.1,99.0,0.0,0.0,0.0,Healthy,0.0,1995527.7
SKU03260,52,33,16,0.25,0.0,EverydayPlus Air Fresheners 100g,Home Care,199.9,110.54,208.0,0.0,0.0,0.0,Healthy,0.0,5748.08
SKU03261,143,187,68,0.0,0.0,FamilyChoice Sugar & Salt Small,Grocery,92.36,73.25,99.0,0.0,0.0,0.0,Healthy,0.0,10474.75
SKU03262,160,192,52,0.0,0.0,SunriseFoods Office Supplies Medium,Stationery & Office,239.42,172.74,99.0,0.0,0.0,0.0,Healthy,0.0,27638.4
SKU03263,156,145,49,0.125,0.0,EverydayPlus Biscuits & Cookies Family Pack,Snacks & Confectionery,74.64,57.86,1248.0,0.0,0.0,0.0,Healthy,0.0,9026.16
SKU03265,70,115,38,0.0,0.0,EverydayPlus OTC Medicine Large,Health & Wellness,616.83,410.65,99.0,0.0,0.0,0.0,Healthy,0.0,28745.5
SKU03266,7895,1685,666,0.25,0.0,MetroBrand Skin Care 500ml,Personal Care,419.02,312.71,31580.0,0.0,0.0,0.0,Healthy,0.0,2468845.4499999997
SKU03268,145,77,27,0.0,0.0,NutriPlus Storage & Containers 1kg,Home & Kitchen,734.99,569.13,99.0,0.0,0.0,0.0,Healthy,0.0,82523.85
SKU03269,68,86,22,0.0,0.0,PrimeCare Coffee 1kg,Beverages,147.74,114.24,99.0,0.0,0.0,0.0,Healthy,0.0,7768.32
SKU03270,42,130,32,0.0,0.0,UrbanBite Cheese Small,Dairy & Bakery,147.5,100.69,99.0,0.0,0.0,0.0,Healthy,0.0,4228.98
SKU03271,407,249,107,0.125,0.0,UrbanBite Ready Meals 100g,Frozen Foods,587.02,407.06,3256.0,0.0,0.0,0.0,Healthy,0.0,165673.42
SKU03273,284,108,27,0.125,0.0,NutriPlus Vitamins & Supplements Small,Health & Wellness,1262.9,912.26,2272.0,0.0,0.0,0.0,Healthy,0.0,259081.84
SKU03276,230,110,43,0.0,0.0,ZestyCo Writing Instruments 500g,Stationery & Office,273.21,154.52,99.0,0.0,0.0,0.0,Healthy,0.0,35539.600000000006
SKU03279,244,166,57,0.375,0.0,PurePlus Kids Wear 250g,Apparel & Footwear,1970.77,1205.23,650.6666666666666,0.0,0.0,0.0,Healthy,0.0,294076.12
SKU03281,10211,2181,760,0.0,0.0,SoftTouch Chips & Crisps Small,Snacks & Confectionery,170.76,96.88,99.0,0.0,0.0,0.0,Healthy,0.0,989241.6799999999
SKU03282,45,27,13,0.0,0.0,PremiumSelect Men's Wear Small,Apparel & Footwear,1550.85,1030.17,99.0,0.0,0.0,0.0,Healthy,0.0,46357.65
SKU03283,269,165,45,0.0,0.0,NutriPlus Chips & Crisps Large,Snacks & Confectionery,93.64,52.48,99.0,0.0,0.0,0.0,Healthy,0.0,14117.119999999999
SKU03285,188,81,22,0.75,0.0,PrimeCare Biscuits & Cookies Family Pack,Snacks & Confectionery,61.67,34.0,250.66666666666666,0.0,0.0,0.0,Healthy,0.0,6392.0
SKU03287,295,138,38,0.125,0.0,MetroBrand Cheese 100g,Dairy & Bakery,160.51,128.22,2360.0,0.0,0.0,0.0,Healthy,0.0,37824.9
SKU03291,5490,1182,433,0.0,0.0,PremiumSelect Writing Instruments 500g,Stationery & Office,28.88,20.22,99.0,0.0,0.0,0.0,Healthy,0.0,111007.79999999999
SKU03301,230,146,54,0.0,0.0,NovaFresh Surface Cleaners Family Pack,Home Care,296.26,216.58,99.0,0.0,0.0,0.0,Healthy,0.0,49813.4
SKU03302,640,395,158,0.0,0.0,SoftTouch Sugar & Salt Medium,Grocery,426.07,246.72,99.0,0.0,0.0,0.0,Healthy,0.0,157900.8
SKU03303,259,95,45,0.0,0.0,ZestyCo Air Fresheners Large,Home Care,240.49,153.55,99.0,0.0,0.0,0.0,Healthy,0.0,39769.450000000004
SKU03304,169,116,49,0.0,0.0,PurePlus Bath & Body Family Pack,Personal Care,305.66,193.21,99.0,0.0,0.0,0.0,Healthy,0.0,32652.49
SKU03305,137,103,29,0.0,0.0,GoldenHarvest Footwear 100g,Apparel & Footwear,1428.81,867.28,99.0,0.0,0.0,0.0,Healthy,0.0,118817.36
SKU03306,293,152,56,0.0,0.0,FreshFarm Cookware Small,Home & Kitchen,1549.76,1037.11,99.0,0.0,0.0,0.0,Healthy,0.0,303873.23
SKU03307,85,121,43,0.25,0.0,UrbanBite Footwear Small,Apparel & Footwear,732.34,422.95,340.0,0.0,0.0,0.0,Healthy,0.0,35950.75
SKU03308,174,150,55,0.125,0.0,TrueTaste Flour & Atta Small,Grocery,274.59,182.37,1392.0,0.0,0.0,0.0,Healthy,0.0,31732.38
SKU03309,99,119,52,0.0,0.0,DailyBest Storage & Containers 1kg,Home & Kitchen,983.01,548.67,99.0,0.0,0.0,0.0,Healthy,0.0,54318.329999999994
SKU03310,234,80,32,0.0,0.0,EliteHome Hair Care 250ml,Personal Care,724.69,574.38,99.0,0.0,0.0,0.0,Healthy,0.0,134404.92
SKU03311,7354,1646,599,0.0,0.0,QuickBite Bath & Body Large,Personal Care,320.36,224.64,99.0,0.0,0.0,0.0,Healthy,0.0,1652002.5599999998
SKU03312,337,194,70,0.0,0.0,BasicNeeds Office Supplies 100g,Stationery & Office,229.18,130.35,99.0,0.0,0.0,0.0,Healthy,0.0,43927.95
SKU03313,526,348,105,0.0,0.0,ValueChoice Home Decor Pack of 6,Home & Kitchen,322.08,192.5,99.0,0.0,0.0,0.0,Healthy,0.0,101255.0
SKU03314,748,346,121,0.0,0.0,ValueChoice Rice & Grains Small,Grocery,199.25,146.27,99.0,0.0,0.0,0.0,Healthy,0.0,109409.96
SKU03316,1,34,15,0.25,2.62158203125,PremiumSelect Small Appliances 2L,Electronics & Accessories,1032.58,662.14,4.0,0.0,0.0,0.0,Healthy,0.0,0.0
SKU03317,187,100,41,0.0,0.0,CrispKing Frozen Meat Small,Frozen Foods,498.63,292.75,99.0,0.0,0.0,0.0,Healthy,0.0,54744.25
SKU03318,345,167,66,0.0,0.0,HealthFirst Eggs Large,Dairy & Bakery,348.98,238.7,99.0,0.0,0.0,0.0,Healthy,0.0,82351.5
SKU03320,5726,1258,432,0.125,0.0,DailyBest Cookware 250g,Home & Kitchen,626.69,359.85,45808.0,0.0,0.0,0.0,Healthy,0.0,2060501.1
SKU03324,96,139,43,0.375,0.0,NovaFresh Storage & Containers 250ml,Home & Kitchen,1776.24,995.04,256.0,0.0,0.0,0.0,Healthy,0.0,95523.84
SKU03326,15,46,18,0.0,0.0,EliteHome Candy Pack of 12,Snacks & Confectionery,42.13,29.45,99.0,0.0,0.0,0.0,Healthy,0.0,441.75
SKU03327,354,154,53,0.125,0.0,CrispKing Frozen Meat 250g,Frozen Foods,1118.06,760.88,2832.0,0.0,0.0,0.0,Healthy,0.0,269351.52
SKU03328,279,144,56,0.0,0.0,HealthFirst Ice Cream Small,Frozen Foods,617.66,443.92,99.0,0.0,0.0,0.0,Healthy,0.0,123853.68000000001
SKU03329,263,190,75,0.0,0.0,SoftTouch Bath & Body Pack of 6,Personal Care,357.82,247.95,99.0,0.0,0.0,0.0,Healthy,0.0,65210.85
SKU03335,193,156,45,0.0,0.0,ZestyCo Skin Care 2L,Personal Care,401.36,286.32,99.0,0.0,0.0,0.0,Healthy,0.0,55259.76
SKU03337,357,134,42,0.0,0.0,TrueTaste Oral Care Small,Personal Care,501.41,278.4,99.0,0.0,0.0,0.0,Healthy,0.0,99388.79999999999
SKU03338,289,276,107,0.0,0.0,NovaFresh Writing Instruments 1kg,Stationery & Office,154.69,97.4,99.0,0.0,0.0,0.0,Healthy,0.0,28148.600000000002
SKU03339,157,71,28,0.0,0.0,NatureBlend Surface Cleaners Family Pack,Home Care,89.68,66.25,99.0,0.0,0.0,0.0,Healthy,0.0,10401.25
SKU03341,187,100,28,0.0,0.0,CleanWave Bottled Water 500g,Beverages,163.6,117.91,99.0,0.0,0.0,0.0,Healthy,0.0,22049.17
SKU03342,299,121,39,0.0,0.0,DailyBest Vitamins & Supplements 2L,Health & Wellness,445.26,323.52,99.0,0.0,0.0,0.0,Healthy,0.0,96732.48
SKU03346,231,96,48,0.0,0.0,MetroBrand Frozen Vegetables 250ml,Frozen Foods,612.84,482.14,99.0,0.0,0.0,0.0,Healthy,0.0,111374.34
SKU03347,7716,1640,617,0.125,0.0,HealthFirst Energy Drinks 250ml,Beverages,90.7,53.1,61728.0,0.0,0.0,0.0,Healthy,0.0,409719.60000000003
SKU03348,214,232,93,0.0,0.0,EverydayPlus Laundry Pack of 6,Home Care,285.9,159.63,99.0,0.0,0.0,0.0,Healthy,0.0,34160.82
SKU03349,6948,1539,583,0.0,0.0,GreenValley Tea 500g,Beverages,54.49,37.65,99.0,0.0,0.0,0.0,Healthy,0.0,261592.19999999998
SKU03350,30,22,11,0.0,0.0,PureLife Pest Control Medium,Home Care,143.76,83.15,99.0,0.0,0.0,0.0,Healthy,0.0,2494.5
SKU03351,12,24,10,0.0,0.0,HomeStyle Pulses & Lentils 1kg,Grocery,192.83,107.45,99.0,0.0,0.0,0.0,Healthy,0.0,1289.4
SKU03352,90,39,16,0.0,0.0,NovaFresh First Aid 1kg,Health & Wellness,538.86,386.34,99.0,0.0,0.0,0.0,Healthy,0.0,34770.6
SKU03356,132,147,45,0.0,0.0,HealthFirst Cookware Pack of 12,Home & Kitchen,1150.81,801.55,99.0,0.0,0.0,0.0,Healthy,0.0,105804.59999999999
SKU03357,7264,1613,576,0.0,0.0,EliteHome Storage & Containers Large,Home & Kitchen,731.86,431.95,99.0,0.0,0.0,0.0,Healthy,0.0,3137684.8
SKU03358,79,66,22,0.375,0.0,SmartBuy Kids Wear Small,Apparel & Footwear,1876.25,1238.35,210.66666666666666,0.0,0.0,0.0,Healthy,0.0,97829.65
SKU03359,170,112,41,0.25,0.0,SunriseFoods Rice & Grains 2kg,Grocery,379.91,269.45,680.0,0.0,0.0,0.0,Healthy,0.0,45806.5
SKU03360,91,38,11,0.0,0.0,EverydayPlus Men's Grooming Medium,Personal Care,346.96,267.65,99.0,0.0,0.0,0.0,Healthy,0.0,24356.149999999998
SKU03361,31,45,18,0.0,0.0,PremiumSelect Office Supplies 500g,Stationery & Office,296.27,193.97,99.0,0.0,0.0,0.0,Healthy,0.0,6013.07
SKU03362,7039,1569,561,0.0,0.0,DailyBest Frozen Vegetables 1kg,Frozen Foods,722.06,523.37,99.0,0.0,0.0,0.0,Healthy,0.0,3684001.43
SKU03363,343,253,90,0.0,0.0,CleanWave Energy Drinks 250ml,Beverages,111.1,75.04,99.0,0.0,0.0,0.0,Healthy,0.0,25738.72
SKU03367,189,98,36,0.0,0.0,FreshFarm Chocolates 2kg,Snacks & Confectionery,124.08,70.14,99.0,0.0,0.0,0.0,Healthy,0.0,13256.460000000001
SKU03369,126,122,39,0.125,0.0,FamilyChoice Small Appliances Pack of 6,Electronics & Accessories,1198.4,839.18,1008.0,0.0,0.0,0.0,Healthy,0.0,105736.68
SKU03370,316,145,49,0.0,0.0,GoldenHarvest Notebooks 500ml,Stationery & Office,56.2,39.35,99.0,0.0,0.0,0.0,Healthy,0.0,12434.6
SKU03371,27,38,15,0.0,0.0,CityFresh Kids Wear 500ml,Apparel & Footwear,1424.23,964.73,99.0,0.0,0.0,0.0,Healthy,0.0,26047.71
SKU03372,110,41,11,0.0,0.0,PurePlus Yogurt Family Pack,Dairy & Bakery,279.34,165.79,99.0,0.0,0.0,0.0,Healthy,0.0,18236.899999999998
SKU03373,133,151,50,0.0,0.0,GoldenHarvest Kids Wear 500ml,Apparel & Footwear,1636.4,1098.91,99.0,0.0,0.0,0.0,Healthy,0.0,146155.03
SKU03375,7625,1769,679,0.0,0.0,EliteHome Butter & Ghee Pack of 12,Dairy & Bakery,103.36,66.76,99.0,0.0,0.0,0.0,Healthy,0.0,509045.00000000006
SKU03376,7824,1719,583,0.0,0.0,SmartBuy Biscuits & Cookies Pack of 12,Snacks & Confectionery,68.38,40.16,99.0,0.0,0.0,0.0,Healthy,0.0,314211.83999999997
SKU03377,52,40,12,0.0,0.0,NatureBlend Tea 1kg,Beverages,169.11,125.24,99.0,0.0,0.0,0.0,Healthy,0.0,6512.48
SKU03378,91,138,53,0.125,0.0,PureLife Coffee Medium,Beverages,119.38,79.29,728.0,0.0,0.0,0.0,Healthy,0.0,7215.39
SKU03379,264,164,67,0.0,0.0,QuickBite Candy 250ml,Snacks & Confectionery,57.39,41.62,99.0,0.0,0.0,0.0,Healthy,0.0,10987.679999999998
SKU03380,178,66,30,0.0,0.0,ZestyCo Coffee 500g,Beverages,41.15,23.12,99.0,0.0,0.0,0.0,Healthy,0.0,4115.360000000001
SKU03381,101,39,18,0.0,0.0,BasicNeeds Bath & Body 500g,Personal Care,176.04,119.02,99.0,0.0,0.0,0.0,Healthy,0.0,12021.02
SKU03383,427,228,55,0.0,0.0,NovaFresh Pulses & Lentils 1kg,Grocery,214.46,157.28,99.0,0.0,0.0,0.0,Healthy,0.0,67158.56
SKU03384,255,231,89,0.0,0.0,BasicNeeds Writing Instruments 1L,Stationery & Office,150.88,104.9,99.0,0.0,0.0,0.0,Healthy,0.0,26749.5
SKU03385,430,231,64,0.125,0.0,CleanWave Bottled Water Small,Beverages,153.8,101.95,3440.0,0.0,0.0,0.0,Healthy,0.0,43838.5
SKU03386,55,96,31,0.125,0.0,SunriseFoods Spices & Seasoning Medium,Grocery,290.62,230.52,440.0,0.0,0.0,0.0,Healthy,0.0,12678.6
SKU03388,231,221,81,0.25,0.0,BasicNeeds Coffee Large,Beverages,148.3,97.24,924.0,0.0,0.0,0.0,Healthy,0.0,22462.44
SKU03389,63,50,18,0.0,0.0,FreshFarm Frozen Vegetables 2kg,Frozen Foods,580.11,426.02,99.0,0.0,0.0,0.0,Healthy,0.0,26839.26
SKU03391,437,193,58,0.0,0.0,PurePlus Batteries 1kg,Electronics & Accessories,1440.2,1029.21,99.0,0.0,0.0,0.0,Healthy,0.0,449764.77
SKU03392,74,33,15,0.125,0.0,CleanWave Ready Meals 100g,Frozen Foods,1170.37,929.36,592.0,0.0,0.0,0.0,Healthy,0.0,68772.64
SKU03393,11,69,15,0.0,0.0,DailyBest Bottled Water Pack of 12,Beverages,70.49,51.03,99.0,0.0,0.0,0.0,Healthy,0.0,561.33
SKU03394,536,296,109,0.0,0.0,EliteHome Women's Wear Small,Apparel & Footwear,1013.75,595.76,99.0,0.0,0.0,0.0,Healthy,0.0,319327.36
SKU03395,256,123,47,0.375,0.0,FamilyChoice Rice & Grains Large,Grocery,271.84,163.74,682.6666666666666,0.0,0.0,0.0,Healthy,0.0,41917.44
SKU03398,61,23,9,0.375,0.0,CityFresh Home Decor Pack of 6,Home & Kitchen,1438.97,974.61,162.66666666666666,0.0,0.0,0.0,Healthy,0.0,59451.21
SKU03401,192,193,71,0.0,0.0,MetroBrand Pest Control 100g,Home Care,341.39,197.64,99.0,0.0,0.0,0.0,Healthy,0.0,37946.88
SKU03402,261,191,67,0.25,0.0,SoftTouch Frozen Vegetables 100g,Frozen Foods,612.66,450.38,1044.0,0.0,0.0,0.0,Healthy,0.0,117549.18
SKU03403,245,117,48,0.5,0.0,BasicNeeds Writing Instruments Pack of 12,Stationery & Office,97.13,62.7,490.0,0.0,0.0,0.0,Healthy,0.0,15361.5
SKU03404,256,153,67,0.375,0.0,SoftTouch Batteries Medium,Electronics & Accessories,2511.82,1947.47,682.6666666666666,0.0,0.0,0.0,Healthy,0.0,498552.32
SKU03406,302,200,55,0.0,0.0,ValueChoice Pest Control 100g,Home Care,256.16,176.03,99.0,0.0,0.0,0.0,Healthy,0.0,53161.06
SKU03407,131,57,24,0.125,0.0,CrispKing Small Appliances 500ml,Electronics & Accessories,2410.17,1330.84,1048.0,0.0,0.0,0.0,Healthy,0.0,174340.03999999998
SKU03408,235,259,77,0.125,0.0,CleanWave Hair Care 2kg,Personal Care,250.13,153.18,1880.0,0.0,0.0,0.0,Healthy,0.0,35997.3
SKU03409,85,53,19,0.625,0.0,MetroBrand Chocolates Family Pack,Snacks & Confectionery,117.67,76.86,136.0,0.0,0.0,0.0,Healthy,0.0,6533.1
SKU03410,176,61,25,0.0,0.0,SparkleClean Air Fresheners Large,Home Care,470.86,344.19,99.0,0.0,0.0,0.0,Healthy,0.0,60577.44
SKU03411,82,66,20,0.25,0.0,FreshFarm Sugar & Salt 2L,Grocery,207.68,141.22,328.0,0.0,0.0,0.0,Healthy,0.0,11580.039999999999
SKU03412,513,247,75,0.0,0.0,SoftTouch Chips & Crisps Family Pack,Snacks & Confectionery,131.71,100.51,99.0,0.0,0.0,0.0,Healthy,0.0,51561.630000000005
SKU03413,161,88,31,0.375,0.0,DailyBest Pest Control 1kg,Home Care,314.95,175.93,429.3333333333333,0.0,0.0,0.0,Healthy,0.0,28324.73
SKU03415,181,98,39,0.0,0.0,EliteHome Men's Wear 500ml,Apparel & Footwear,1197.64,837.63,99.0,0.0,0.0,0.0,Healthy,0.0,151611.03
SKU03416,7112,1695,559,0.0,0.0,NutriPlus Bread 1L,Dairy & Bakery,176.91,126.44,99.0,0.0,0.0,0.0,Healthy,0.0,899241.28
SKU03417,334,176,67,0.0,0.0,FreshFarm Air Fresheners 100g,Home Care,471.5,318.55,99.0,0.0,0.0,0.0,Healthy,0.0,106395.7
SKU03419,143,165,53,0.375,0.0,EliteHome Men's Wear 500g,Apparel & Footwear,851.34,483.47,381.3333333333333,0.0,0.0,0.0,Healthy,0.0,69136.21
SKU03420,215,115,37,0.0,0.0,QuickBite Candy 1L,Snacks & Confectionery,143.9,104.19,99.0,0.0,0.0,0.0,Healthy,0.0,22400.85
SKU03421,261,148,59,0.625,0.0,DailyBest Footwear 500g,Apparel & Footwear,2151.7,1669.57,417.6,0.0,0.0,0.0,Healthy,0.0,435757.76999999996
SKU03422,190,118,30,0.0,0.0,MetroBrand Cookware 250g,Home & Kitchen,1121.44,843.56,99.0,0.0,0.0,0.0,Healthy,0.0,160276.4
SKU03424,292,162,74,0.375,0.0,EverydayPlus Yogurt Large,Dairy & Bakery,150.83,106.87,778.6666666666666,0.0,0.0,0.0,Healthy,0.0,31206.04
SKU03428,7300,1678,587,0.5,0.0,TrueTaste Home Decor 500ml,Home & Kitchen,399.86,255.7,14600.0,0.0,0.0,0.0,Healthy,0.0,1866610.0
SKU03432,519,360,124,0.0,0.0,SoftTouch Men's Wear 500ml,Apparel & Footwear,2629.94,1649.68,99.0,0.0,0.0,0.0,Healthy,0.0,856183.92
SKU03433,111,259,107,0.0,0.0,HealthFirst Biscuits & Cookies 250g,Snacks & Confectionery,162.07,121.47,99.0,0.0,0.0,0.0,Healthy,0.0,13483.17
SKU03435,207,160,47,0.0,0.0,DailyBest Men's Wear Medium,Apparel & Footwear,833.81,505.31,99.0,0.0,0.0,0.0,Healthy,0.0,104599.17
SKU03436,7770,1841,600,0.0,0.0,SparkleClean Chips & Crisps Pack of 12,Snacks & Confectionery,186.38,127.47,99.0,0.0,0.0,0.0,Healthy,0.0,990441.9
SKU03437,498,197,56,0.0,0.0,QuickBite Air Fresheners 250g,Home Care,275.11,190.61,99.0,0.0,0.0,0.0,Healthy,0.0,94923.78000000001
SKU03439,186,154,46,0.0,0.0,UrbanBite First Aid 1kg,Health & Wellness,1316.84,923.03,99.0,0.0,0.0,0.0,Healthy,0.0,171683.58
SKU03440,86,58,21,0.0,0.0,NutriPlus Home Decor 500g,Home & Kitchen,1688.83,1228.25,99.0,0.0,0.0,0.0,Healthy,0.0,105629.5
SKU03441,7649,1709,637,0.0,0.0,HomeStyle Bottled Water 1L,Beverages,275.82,164.13,99.0,0.0,0.0,0.0,Healthy,0.0,1255430.3699999999
SKU03443,41,54,18,0.125,0.0,MetroBrand Notebooks Small,Stationery & Office,100.22,72.66,328.0,0.0,0.0,0.0,Healthy,0.0,2979.06
SKU03444,343,143,43,0.25,0.0,HealthFirst Frozen Meat 250g,Frozen Foods,386.65,302.29,1372.0,0.0,0.0,0.0,Healthy,0.0,103685.47
SKU03446,244,93,31,0.0,0.0,HomeStyle Bread Family Pack,Dairy & Bakery,142.94,83.25,99.0,0.0,0.0,0.0,Healthy,0.0,20313.0
SKU03447,313,193,72,0.0,0.0,GreenValley Men's Grooming 250g,Personal Care,329.78,228.35,99.0,0.0,0.0,0.0,Healthy,0.0,71473.55
SKU03448,156,169,70,0.0,0.0,ValueChoice Ice Cream Pack of 6,Frozen Foods,445.39,334.06,99.0,0.0,0.0,0.0,Healthy,0.0,52113.36
SKU03450,70,27,12,0.0,0.0,UrbanBite OTC Medicine 250g,Health & Wellness,288.17,204.83,99.0,0.0,0.0,0.0,Healthy,0.0,14338.1
SKU03454,7548,1610,561,0.0,0.0,QuickBite OTC Medicine 250ml,Health & Wellness,849.48,533.68,99.0,0.0,0.0,0.0,Healthy,0.0,4028216.6399999997
SKU03456,486,295,99,0.375,0.0,SunriseFoods Energy Drinks 1kg,Beverages,234.0,153.19,1296.0,0.0,0.0,0.0,Healthy,0.0,74450.34
SKU03457,7441,1609,601,0.0,0.0,PremiumSelect Cheese Medium,Dairy & Bakery,207.73,120.2,99.0,0.0,0.0,0.0,Healthy,0.0,894408.2000000001
SKU03458,185,99,35,0.0,0.0,SoftTouch Batteries 2L,Electronics & Accessories,1311.02,864.17,99.0,0.0,0.0,0.0,Healthy,0.0,159871.44999999998
SKU03459,2,72,34,0.0,0.0,NovaFresh OTC Medicine 500ml,Health & Wellness,797.02,546.26,99.0,0.0,0.0,0.0,Healthy,0.0,1092.52
SKU03462,317,201,61,0.5,0.0,HealthFirst Mobile Accessories 500ml,Electronics & Accessories,1587.45,943.46,634.0,0.0,0.0,0.0,Healthy,0.0,299076.82
SKU03463,119,96,40,0.0,0.0,TrueTaste First Aid 2L,Health & Wellness,683.91,542.37,99.0,0.0,0.0,0.0,Healthy,0.0,64542.03
SKU03464,103,121,30,0.125,0.0,MetroBrand Flour & Atta Medium,Grocery,244.37,142.36,824.0,0.0,0.0,0.0,Healthy,0.0,14663.080000000002
SKU03465,240,169,59,0.0,0.0,DailyBest Men's Wear 2L,Apparel & Footwear,2905.8,2053.98,99.0,0.0,0.0,0.0,Healthy,0.0,492955.2
SKU03467,4818,1129,417,0.0,0.0,PureLife Spices & Seasoning 2L,Grocery,277.32,172.45,99.0,0.0,0.0,0.0,Healthy,0.0,830864.1
SKU03468,79,130,54,0.0,0.0,PrimeCare Men's Grooming 250ml,Personal Care,662.07,505.5,99.0,0.0,0.0,0.0,Healthy,0.0,39934.5
SKU03469,247,151,47,0.125,0.0,PremiumSelect Laundry Large,Home Care,539.19,386.07,1976.0,0.0,0.0,0.0,Healthy,0.0,95359.29
SKU03470,62,80,29,0.0,0.0,HealthFirst Tea Pack of 6,Beverages,86.06,60.68,99.0,0.0,0.0,0.0,Healthy,0.0,3762.16
SKU03471,224,148,63,0.0,0.0,TrueTaste Notebooks Small,Stationery & Office,281.87,161.63,99.0,0.0,0.0,0.0,Healthy,0.0,36205.119999999995
SKU03472,241,136,51,0.125,0.0,HomeStyle Chocolates 1kg,Snacks & Confectionery,195.92,120.44,1928.0,0.0,0.0,0.0,Healthy,0.0,29026.04
SKU03474,182,95,27,0.0,0.0,FreshFarm Air Fresheners 2L,Home Care,521.03,343.15,99.0,0.0,0.0,0.0,Healthy,0.0,62453.299999999996
SKU03475,391,143,49,0.0,0.0,DailyBest Men's Wear 250g,Apparel & Footwear,2304.28,1798.18,99.0,0.0,0.0,0.0,Healthy,0.0,703088.38
SKU03476,0,1467,514,0.0,0.0,CleanWave Mobile Accessories 1kg,Electronics & Accessories,681.44,443.56,99.0,0.0,0.0,0.0,Healthy,0.0,0.0
SKU03477,29,54,18,0.0,0.0,GreenValley Footwear Large,Apparel & Footwear,1607.13,1015.71,99.0,0.0,0.0,0.0,Healthy,0.0,29455.59
SKU03478,412,158,43,0.125,0.0,GreenValley Candy 2L,Snacks & Confectionery,66.84,37.95,3296.0,0.0,0.0,0.0,Healthy,0.0,15635.400000000001
SKU03480,238,146,57,0.0,0.0,MetroBrand Men's Wear 500g,Apparel & Footwear,1003.83,565.25,99.0,0.0,0.0,0.0,Healthy,0.0,134529.5
SKU03481,36,73,27,0.25,0.0,SoftTouch Surface Cleaners 1kg,Home Care,492.83,316.05,144.0,0.0,0.0,0.0,Healthy,0.0,11377.800000000001
SKU03483,125,77,30,0.0,0.0,HealthFirst Cooking Oil 500ml,Grocery,487.7,336.03,99.0,0.0,0.0,0.0,Healthy,0.0,42003.75
SKU03484,7958,1773,612,0.0,0.0,QuickBite Footwear Large,Apparel & Footwear,1430.82,861.67,99.0,0.0,0.0,0.0,Healthy,0.0,6857169.859999999
SKU03485,265,220,64,0.375,0.0,EliteHome Office Supplies Medium,Stationery & Office,94.18,58.84,706.6666666666666,0.0,0.0,0.0,Healthy,0.0,15592.6
SKU03487,317,158,51,0.0,0.0,GreenValley Frozen Vegetables Family Pack,Frozen Foods,190.24,105.55,99.0,0.0,0.0,0.0,Healthy,0.0,33459.35
SKU03488,421,184,65,0.125,0.0,GreenValley Pest Control Small,Home Care,136.44,105.73,3368.0,0.0,0.0,0.0,Healthy,0.0,44512.33
SKU03489,30,120,45,0.0,0.0,NovaFresh Spices & Seasoning 250g,Grocery,62.41,43.35,99.0,0.0,0.0,0.0,Healthy,0.0,1300.5
SKU03491,9335,1930,665,0.0,0.0,SoftTouch Batteries 250g,Electronics & Accessories,2647.6,1930.26,99.0,0.0,0.0,0.0,Healthy,0.0,18018977.1
SKU03493,7540,1733,656,0.0,0.0,CityFresh Office Supplies 500g,Stationery & Office,216.47,120.23,99.0,0.0,0.0,0.0,Healthy,0.0,906534.2000000001
SKU03495,467,288,120,0.0,0.0,ZestyCo Notebooks 500ml,Stationery & Office,77.84,45.93,99.0,0.0,0.0,0.0,Healthy,0.0,21449.31
SKU03498,597,307,116,0.0,0.0,PurePlus Vitamins & Supplements Pack of 12,Health & Wellness,715.4,534.48,99.0,0.0,0.0,0.0,Healthy,0.0,319084.56
SKU03501,131,57,22,0.0,0.0,SoftTouch Energy Drinks Small,Beverages,168.06,95.27,99.0,0.0,0.0,0.0,Healthy,0.0,12480.369999999999
SKU03502,101,76,21,0.125,0.0,ValueChoice Flour & Atta 1L,Grocery,100.1,75.15,808.0,0.0,0.0,0.0,Healthy,0.0,7590.150000000001
SKU03503,450,206,83,0.625,0.0,TrueTaste Hair Care 500ml,Personal Care,225.31,147.27,720.0,0.0,0.0,0.0,Healthy,0.0,66271.5
SKU03504,8264,1863,609,0.0,0.0,NovaFresh Frozen Vegetables 1L,Frozen Foods,847.78,576.1,99.0,0.0,0.0,0.0,Healthy,0.0,4760890.4
SKU03508,107,97,45,0.0,0.0,NutriPlus Office Supplies 100g,Stationery & Office,63.24,37.05,99.0,0.0,0.0,0.0,Healthy,0.0,3964.35
SKU03511,7,78,38,0.0,0.0,TrueTaste Ready Meals 100g,Frozen Foods,709.78,420.9,99.0,0.0,0.0,0.0,Healthy,0.0,2946.2999999999997
SKU03513,249,110,30,0.125,0.0,EliteHome Writing Instruments 500ml,Stationery & Office,216.89,140.86,1992.0,0.0,0.0,0.0,Healthy,0.0,35074.14000000001
SKU03514,213,125,51,0.0,0.0,NutriPlus Office Supplies 100g,Stationery & Office,318.97,222.55,99.0,0.0,0.0,0.0,Healthy,0.0,47403.15
SKU03517,168,141,59,0.125,0.0,HealthFirst OTC Medicine 100g,Health & Wellness,986.38,672.8,1344.0,0.0,0.0,0.0,Healthy,0.0,113030.4
SKU03518,659,251,93,0.0,0.0,CityFresh Chocolates Pack of 6,Snacks & Confectionery,126.26,85.54,99.0,0.0,0.0,0.0,Healthy,0.0,56370.86
SKU03519,490,226,61,0.0,0.0,FreshFarm Laundry 250ml,Home Care,140.28,88.59,99.0,0.0,0.0,0.0,Healthy,0.0,43409.1
SKU03520,6580,1527,526,0.0,0.0,PrimeCare Candy Pack of 6,Snacks & Confectionery,101.31,72.21,99.0,0.0,0.0,0.0,Healthy,0.0,475141.79999999993
SKU03521,474,163,59,0.0,0.0,SmartBuy Coffee 500g,Beverages,44.89,34.89,99.0,0.0,0.0,0.0,Healthy,0.0,16537.86
SKU03525,395,239,69,0.375,0.0,GoldenHarvest OTC Medicine Medium,Health & Wellness,880.36,534.25,1053.3333333333333,0.0,0.0,0.0,Healthy,0.0,211028.75
SKU03526,48,23,11,0.0,0.0,QuickBite Laundry 2L,Home Care,154.53,106.88,99.0,0.0,0.0,0.0,Healthy,0.0,5130.24
SKU03527,8,23,11,0.0,0.0,CleanWave Bath & Body 100g,Personal Care,419.97,242.07,99.0,0.0,0.0,0.0,Healthy,0.0,1936.56
SKU03528,185,79,22,0.0,0.0,CityFresh Kids Wear 2L,Apparel & Footwear,1680.2,1274.77,99.0,0.0,0.0,0.0,Healthy,0.0,235832.44999999998
SKU03529,24,29,10,0.0,0.0,FamilyChoice Ice Cream Pack of 6,Frozen Foods,253.11,147.93,99.0,0.0,0.0,0.0,Healthy,0.0,3550.32
SKU03531,375,234,81,0.0,0.0,SparkleClean Small Appliances 500g,Electronics & Accessories,1772.13,1005.05,99.0,0.0,0.0,0.0,Healthy,0.0,376893.75
SKU03532,190,99,23,0.375,0.0,SparkleClean Rice & Grains 100g,Grocery,94.55,61.02,506.6666666666667,0.0,0.0,0.0,Healthy,0.0,11593.800000000001
SKU03533,149,178,60,0.0,0.0,MetroBrand Chips & Crisps Medium,Snacks & Confectionery,33.3,24.62,99.0,0.0,0.0,0.0,Healthy,0.0,3668.38
SKU03534,321,265,87,0.0,0.0,CityFresh Frozen Vegetables 100g,Frozen Foods,333.74,259.49,99.0,0.0,0.0,0.0,Healthy,0.0,83296.29000000001
SKU03539,270,134,39,0.0,0.0,GoldenHarvest Writing Instruments Pack of 12,Stationery & Office,68.39,49.27,99.0,0.0,0.0,0.0,Healthy,0.0,13302.900000000001
SKU03540,261,122,40,0.0,0.0,NutriPlus Namkeen Pack of 6,Snacks & Confectionery,203.99,134.81,99.0,0.0,0.0,0.0,Healthy,0.0,35185.41
SKU03541,265,159,77,0.125,0.0,HealthFirst Hair Care 100g,Personal Care,711.13,491.62,2120.0,0.0,0.0,0.0,Healthy,0.0,130279.3
SKU03542,390,271,104,0.0,0.0,DailyBest OTC Medicine 2L,Health & Wellness,1566.44,885.81,99.0,0.0,0.0,0.0,Healthy,0.0,345465.89999999997
SKU03543,31,66,33,0.0,0.0,NutriPlus Candy 100g,Snacks & Confectionery,203.21,124.47,99.0,0.0,0.0,0.0,Healthy,0.0,3858.57
SKU03544,489,170,47,0.125,0.0,CrispKing Eggs 250ml,Dairy & Bakery,184.75,144.43,3912.0,0.0,0.0,0.0,Healthy,0.0,70626.27
SKU03545,137,84,25,0.25,0.0,DailyBest Oral Care 2kg,Personal Care,401.05,224.77,548.0,0.0,0.0,0.0,Healthy,0.0,30793.49
SKU03547,210,119,27,0.0,0.0,EliteHome Eggs Family Pack,Dairy & Bakery,99.34,60.27,99.0,0.0,0.0,0.0,Healthy,0.0,12656.7
SKU03551,421,198,69,0.0,0.0,CleanWave Tea 100g,Beverages,177.14,119.1,99.0,0.0,0.0,0.0,Healthy,0.0,50141.1
SKU03552,154,78,29,0.0,0.0,CityFresh Chips & Crisps Small,Snacks & Confectionery,93.62,71.14,99.0,0.0,0.0,0.0,Healthy,0.0,10955.56
SKU03553,91,58,28,0.0,0.0,PremiumSelect Candy 500ml,Snacks & Confectionery,236.82,130.48,99.0,0.0,0.0,0.0,Healthy,0.0,11873.679999999998
SKU03556,194,101,47,0.0,0.0,SparkleClean Ice Cream 250ml,Frozen Foods,656.88,385.51,99.0,0.0,0.0,0.0,Healthy,0.0,74788.94
SKU03558,22,29,14,0.25,0.0,PrimeCare Men's Wear Pack of 12,Apparel & Footwear,1950.04,1360.72,88.0,0.0,0.0,0.0,Healthy,0.0,29935.84
SKU03559,21,29,14,0.0,0.0,ZestyCo Surface Cleaners 1kg,Home Care,121.55,72.04,99.0,0.0,0.0,0.0,Healthy,0.0,1512.8400000000001
SKU03560,248,143,44,0.0,0.0,UrbanBite Home Decor Pack of 12,Home & Kitchen,3326.74,2361.03,99.0,0.0,0.0,0.0,Healthy,0.0,585535.4400000001
SKU03561,190,217,78,0.125,0.0,NovaFresh Hair Care 500g,Personal Care,616.36,480.07,1520.0,0.0,0.0,0.0,Healthy,0.0,91213.3
SKU03563,178,162,48,0.0,0.0,HealthFirst Footwear Small,Apparel & Footwear,793.38,478.46,99.0,0.0,0.0,0.0,Healthy,0.0,85165.87999999999
SKU03567,260,105,34,0.0,0.0,EliteHome Bath & Body 2L,Personal Care,458.98,308.55,99.0,0.0,0.0,0.0,Healthy,0.0,80223.0
SKU03569,47,23,5,0.125,0.0,CrispKing Batteries Small,Electronics & Accessories,3079.29,1942.25,376.0,0.0,0.0,0.0,Healthy,0.0,91285.75
SKU03570,376,192,85,0.0,0.0,GreenValley Eggs 250g,Dairy & Bakery,208.44,121.95,99.0,0.0,0.0,0.0,Healthy,0.0,45853.200000000004
SKU03572,73,55,20,0.125,0.0,CrispKing Frozen Vegetables 2kg,Frozen Foods,654.81,424.47,584.0,0.0,0.0,0.0,Healthy,0.0,30986.31
SKU03573,108,37,8,0.125,0.0,BasicNeeds Footwear 500g,Apparel & Footwear,1738.69,1275.47,864.0,0.0,0.0,0.0,Healthy,0.0,137750.76
SKU03574,6128,1277,474,0.0,0.0,SmartBuy Writing Instruments 500ml,Stationery & Office,130.96,90.05,99.0,0.0,0.0,0.0,Healthy,0.0,551826.4
SKU03575,791,467,151,0.0,0.0,SoftTouch Sugar & Salt 100g,Grocery,162.88,104.95,99.0,0.0,0.0,0.0,Healthy,0.0,83015.45
SKU03576,14,21,5,0.25,0.0,DailyBest Writing Instruments Pack of 6,Stationery & Office,61.97,43.79,56.0,0.0,0.0,0.0,Healthy,0.0,613.06
SKU03577,79,199,50,0.0,0.0,DailyBest Energy Drinks 2L,Beverages,88.75,48.97,99.0,0.0,0.0,0.0,Healthy,0.0,3868.63
SKU03579,590,339,135,0.0,0.0,EverydayPlus Men's Grooming 100g,Personal Care,573.52,368.64,99.0,0.0,0.0,0.0,Healthy,0.0,217497.6
SKU03580,6410,1432,478,0.0,0.0,MetroBrand OTC Medicine Small,Health & Wellness,659.95,447.71,99.0,0.0,0.0,0.0,Healthy,0.0,2869821.1
SKU03582,3820,870,302,0.125,0.0,CleanWave Cookware 1kg,Home & Kitchen,1131.96,780.6,30560.0,0.0,0.0,0.0,Healthy,0.0,2981892.0
SKU03583,6109,1438,517,0.0,0.0,FreshFarm Hair Care 250ml,Personal Care,306.2,222.18,99.0,0.0,0.0,0.0,Healthy,0.0,1357297.62
SKU03584,115,61,26,0.0,0.0,MetroBrand Writing Instruments Pack of 12,Stationery & Office,48.59,28.07,99.0,0.0,0.0,0.0,Healthy,0.0,3228.05
SKU03585,112,125,53,0.0,0.0,PureLife Eggs 500ml,Dairy & Bakery,95.51,64.21,99.0,0.0,0.0,0.0,Healthy,0.0,7191.5199999999995
SKU03587,305,216,85,0.75,0.0,SunriseFoods Oral Care Family Pack,Personal Care,252.72,153.79,406.6666666666667,0.0,0.0,0.0,Healthy,0.0,46905.95
SKU03588,150,153,58,0.0,0.0,QuickBite Frozen Vegetables Small,Frozen Foods,609.28,363.93,99.0,0.0,0.0,0.0,Healthy,0.0,54589.5
SKU03589,41,75,28,0.0,0.0,PureLife Small Appliances 100g,Electronics & Accessories,1456.54,1019.11,99.0,0.0,0.0,0.0,Healthy,0.0,41783.51
SKU03592,7365,1642,609,0.0,0.0,PureLife Cheese Large,Dairy & Bakery,297.65,202.54,99.0,0.0,0.0,0.0,Healthy,0.0,1491707.0999999999
SKU03593,119,46,15,0.0,0.0,SoftTouch Office Supplies Family Pack,Stationery & Office,25.67,18.9,99.0,0.0,0.0,0.0,Healthy,0.0,2249.1
SKU03595,134,77,34,0.0,0.0,ZestyCo Chocolates 250g,Snacks & Confectionery,164.86,96.18,99.0,0.0,0.0,0.0,Healthy,0.0,12888.12
SKU03596,125,122,39,0.0,0.0,EverydayPlus Writing Instruments Pack of 12,Stationery & Office,222.89,162.76,99.0,0.0,0.0,0.0,Healthy,0.0,20345.0
SKU03597,378,204,73,0.0,0.0,GreenValley Laundry 500g,Home Care,411.9,260.31,99.0,0.0,0.0,0.0,Healthy,0.0,98397.18000000001
SKU03598,485,283,100,0.0,0.0,CleanWave Notebooks Family Pack,Stationery & Office,83.08,51.47,99.0,0.0,0.0,0.0,Healthy,0.0,24962.95
SKU03600,8378,1921,675,0.0,0.0,CrispKing Storage & Containers 2L,Home & Kitchen,708.02,425.95,99.0,0.0,0.0,0.0,Healthy,0.0,3568609.1
SKU03601,638,353,142,0.375,0.0,PrimeCare Frozen Vegetables Medium,Frozen Foods,790.24,615.31,1701.3333333333333,0.0,0.0,0.0,Healthy,0.0,392567.77999999997
SKU03602,5575,1279,501,0.0,0.0,MetroBrand Men's Wear 1kg,Apparel & Footwear,1565.25,1183.22,99.0,0.0,0.0,0.0,Healthy,0.0,6596451.5
SKU03603,8409,1861,592,0.0,0.0,NatureBlend Writing Instruments 2L,Stationery & Office,222.12,170.96,99.0,0.0,0.0,0.0,Healthy,0.0,1437602.6400000001
SKU03605,460,383,122,0.0,0.0,FamilyChoice Spices & Seasoning 100g,Grocery,75.17,52.33,99.0,0.0,0.0,0.0,Healthy,0.0,24071.8
SKU03606,345,220,57,0.0,0.0,ZestyCo Cheese 500g,Dairy & Bakery,152.07,98.94,99.0,0.0,0.0,0.0,Healthy,0.0,34134.299999999996
SKU03607,284,303,120,0.0,0.0,SparkleClean OTC Medicine 500g,Health & Wellness,325.03,211.34,99.0,0.0,0.0,0.0,Healthy,0.0,60020.56
SKU03609,9392,2008,651,0.0,0.0,CityFresh Pulses & Lentils 250g,Grocery,139.89,90.5,99.0,0.0,0.0,0.0,Healthy,0.0,849976.0
SKU03610,88,64,16,0.5,0.0,GreenValley Frozen Vegetables 500g,Frozen Foods,462.94,310.94,176.0,0.0,0.0,0.0,Healthy,0.0,27362.72
SKU03613,420,205,87,0.0,0.0,FamilyChoice Ready Meals 250ml,Frozen Foods,434.98,328.69,99.0,0.0,0.0,0.0,Healthy,0.0,138049.8
SKU03614,295,219,75,0.0,0.0,QuickBite Vitamins & Supplements 500ml,Health & Wellness,1256.7,778.27,99.0,0.0,0.0,0.0,Healthy,0.0,229589.65
SKU03617,607,298,106,0.0,0.0,DailyBest Mobile Accessories 1L,Electronics & Accessories,1976.08,1323.65,99.0,0.0,0.0,0.0,Healthy,0.0,803455.55
SKU03618,154,144,59,0.0,0.0,BasicNeeds Batteries Large,Electronics & Accessories,374.62,279.72,99.0,0.0,0.0,0.0,Healthy,0.0,43076.880000000005
SKU03619,4709,1004,366,0.0,0.0,SparkleClean Men's Wear 100g,Apparel & Footwear,1080.68,595.5,99.0,0.0,0.0,0.0,Healthy,0.0,2804209.5
SKU03621,6490,1413,471,0.0,0.0,SparkleClean Surface Cleaners Small,Home Care,370.39,283.32,99.0,0.0,0.0,0.0,Healthy,0.0,1838746.8
SKU03624,7196,1702,579,0.0,0.0,PrimeCare Juices Large,Beverages,108.21,65.61,99.0,0.0,0.0,0.0,Healthy,0.0,472129.56
SKU03625,228,106,39,0.0,0.0,SparkleClean Surface Cleaners 250ml,Home Care,135.59,105.96,99.0,0.0,0.0,0.0,Healthy,0.0,24158.879999999997
SKU03627,8081,1786,611,0.0,0.0,HealthFirst Ready Meals 1kg,Frozen Foods,1083.01,735.55,99.0,0.0,0.0,0.0,Healthy,0.0,5943979.55
SKU03628,349,157,65,0.125,0.0,NutriPlus Home Decor 1kg,Home & Kitchen,914.74,552.92,2792.0,0.0,0.0,0.0,Healthy,0.0,192969.08
SKU03629,530,258,80,0.0,0.0,EverydayPlus Notebooks Family Pack,Stationery & Office,190.67,151.72,99.0,0.0,0.0,0.0,Healthy,0.0,80411.6
SKU03631,47,76,36,0.25,0.0,FreshFarm Flour & Atta 250ml,Grocery,394.93,268.69,188.0,0.0,0.0,0.0,Healthy,0.0,12628.43
SKU03632,72,77,18,0.0,0.0,NutriPlus Biscuits & Cookies Pack of 6,Snacks & Confectionery,87.25,61.65,99.0,0.0,0.0,0.0,Healthy,0.0,4438.8
SKU03635,89,139,49,0.125,0.0,CityFresh Notebooks 1kg,Stationery & Office,230.58,166.1,712.0,0.0,0.0,0.0,Healthy,0.0,14782.9
SKU03636,29,23,6,0.125,0.0,PurePlus Ice Cream 2L,Frozen Foods,299.31,214.69,232.0,0.0,0.0,0.0,Healthy,0.0,6226.01
SKU03637,188,133,52,0.125,0.0,TrueTaste Biscuits & Cookies 250g,Snacks & Confectionery,91.64,62.94,1504.0,0.0,0.0,0.0,Healthy,0.0,11832.72
SKU03638,246,120,51,0.0,0.0,CrispKing Flour & Atta 1kg,Grocery,133.01,100.24,99.0,0.0,0.0,0.0,Healthy,0.0,24659.039999999997
SKU03641,106,170,57,0.375,0.0,GreenValley Tea 1kg,Beverages,134.3,81.15,282.6666666666667,0.0,0.0,0.0,Healthy,0.0,8601.900000000001
SKU03642,5070,1216,460,0.0,0.0,GreenValley Chocolates Pack of 12,Snacks & Confectionery,273.44,216.14,99.0,0.0,0.0,0.0,Healthy,0.0,1095829.8
SKU03643,491,225,88,0.0,0.0,BasicNeeds Bread 250ml,Dairy & Bakery,259.02,155.74,99.0,0.0,0.0,0.0,Healthy,0.0,76468.34000000001
SKU03645,151,76,25,0.375,0.0,EliteHome Storage & Containers Large,Home & Kitchen,2452.91,1719.12,402.6666666666667,0.0,0.0,0.0,Healthy,0.0,259587.12
SKU03646,85,87,34,0.0,0.0,NovaFresh Eggs Medium,Dairy & Bakery,342.83,196.53,99.0,0.0,0.0,0.0,Healthy,0.0,16705.05
SKU03648,268,218,85,0.0,0.0,NutriPlus Rice & Grains Small,Grocery,312.11,228.55,99.0,0.0,0.0,0.0,Healthy,0.0,61251.4
SKU03649,241,85,39,0.0,0.0,MetroBrand Sugar & Salt Family Pack,Grocery,451.0,282.79,99.0,0.0,0.0,0.0,Healthy,0.0,68152.39
SKU03650,546,355,137,0.0,0.0,NatureBlend Spices & Seasoning Pack of 12,Grocery,250.71,188.04,99.0,0.0,0.0,0.0,Healthy,0.0,102669.84
SKU03652,376,256,91,0.75,0.0,CleanWave Ready Meals Pack of 6,Frozen Foods,905.61,585.32,501.3333333333333,0.0,0.0,0.0,Healthy,0.0,220080.32
SKU03653,56,22,10,0.0,0.0,HealthFirst Footwear Pack of 6,Apparel & Footwear,2747.25,1776.29,99.0,0.0,0.0,0.0,Healthy,0.0,99472.23999999999
SKU03654,245,125,41,0.0,0.0,MetroBrand Spices & Seasoning Pack of 6,Grocery,98.57,66.05,99.0,0.0,0.0,0.0,Healthy,0.0,16182.25
SKU03655,180,112,43,0.0,0.0,SparkleClean Flour & Atta 500ml,Grocery,335.52,218.96,99.0,0.0,0.0,0.0,Healthy,0.0,39412.8
SKU03657,62,88,21,0.125,0.0,PremiumSelect Tea Pack of 6,Beverages,321.49,203.22,496.0,0.0,0.0,0.0,Healthy,0.0,12599.64
SKU03660,51,23,5,0.0,0.0,SunriseFoods First Aid Pack of 12,Health & Wellness,340.18,227.37,99.0,0.0,0.0,0.0,Healthy,0.0,11595.87
SKU03663,204,207,73,0.0,0.0,FreshFarm Batteries Small,Electronics & Accessories,2474.65,1912.53,99.0,0.0,0.0,0.0,Healthy,0.0,390156.12
SKU03664,36,24,10,0.0,0.0,TrueTaste Pest Control 1L,Home Care,139.83,85.22,99.0,0.0,0.0,0.0,Healthy,0.0,3067.92
SKU03665,488,284,95,0.0,0.0,BasicNeeds Oral Care Pack of 12,Personal Care,311.73,243.22,99.0,0.0,0.0,0.0,Healthy,0.0,118691.36
SKU03666,174,86,37,0.125,0.0,BasicNeeds Cooking Oil 250g,Grocery,125.46,75.82,1392.0,0.0,0.0,0.0,Healthy,0.0,13192.679999999998
SKU03667,186,152,46,0.0,0.0,BasicNeeds Dishwashing 250ml,Home Care,291.82,231.37,99.0,0.0,0.0,0.0,Healthy,0.0,43034.82
SKU03670,239,125,31,0.0,0.0,SoftTouch Cookware Pack of 6,Home & Kitchen,955.67,597.01,99.0,0.0,0.0,0.0,Healthy,0.0,142685.38999999998
SKU03672,208,74,19,0.125,0.0,TrueTaste Cooking Oil 250ml,Grocery,193.3,119.97,1664.0,0.0,0.0,0.0,Healthy,0.0,24953.76
SKU03674,167,178,65,0.0,0.0,NutriPlus Chips & Crisps 250ml,Snacks & Confectionery,266.04,147.68,99.0,0.0,0.0,0.0,Healthy,0.0,24662.56
SKU03675,67,62,19,0.0,0.0,EliteHome OTC Medicine 100g,Health & Wellness,1591.33,1097.51,99.0,0.0,0.0,0.0,Healthy,0.0,73533.17
SKU03676,571,236,80,0.375,0.0,QuickBite Home Decor 1kg,Home & Kitchen,1392.72,1024.2,1522.6666666666667,0.0,0.0,0.0,Healthy,0.0,584818.2000000001
SKU03677,317,244,85,0.0,0.0,PrimeCare Hair Care Pack of 6,Personal Care,507.31,338.74,99.0,0.0,0.0,0.0,Healthy,0.0,107380.58
SKU03678,403,260,86,0.0,0.0,TrueTaste Frozen Vegetables Family Pack,Frozen Foods,508.25,361.28,99.0,0.0,0.0,0.0,Healthy,0.0,145595.84
SKU03679,75,105,33,0.0,0.0,DailyBest Batteries 1L,Electronics & Accessories,1956.97,1452.1,99.0,0.0,0.0,0.0,Healthy,0.0,108907.5
SKU03681,22,42,17,0.0,0.0,BasicNeeds Home Decor Small,Home & Kitchen,581.19,351.34,99.0,0.0,0.0,0.0,Healthy,0.0,7729.48
SKU03682,63,154,51,0.0,0.0,FamilyChoice Namkeen 2L,Snacks & Confectionery,34.13,22.16,99.0,0.0,0.0,0.0,Healthy,0.0,1396.08
SKU03683,180,88,19,0.0,0.0,SmartBuy Footwear Medium,Apparel & Footwear,1392.52,1020.29,99.0,0.0,0.0,0.0,Healthy,0.0,183652.19999999998
SKU03684,188,74,22,0.0,0.0,CleanWave First Aid 500ml,Health & Wellness,1376.71,850.49,99.0,0.0,0.0,0.0,Healthy,0.0,159892.12
SKU03685,456,182,59,0.0,0.0,PurePlus Energy Drinks 500ml,Beverages,44.86,31.76,99.0,0.0,0.0,0.0,Healthy,0.0,14482.560000000001
SKU03686,1045,608,243,0.125,0.0,QuickBite Mobile Accessories Small,Electronics & Accessories,1933.77,1135.26,8360.0,0.0,0.0,0.0,Healthy,0.0,1186346.7
SKU03687,369,263,77,0.0,0.0,DailyBest Biscuits & Cookies Pack of 6,Snacks & Confectionery,100.41,78.58,99.0,0.0,0.0,0.0,Healthy,0.0,28996.02
SKU03688,412,219,72,0.125,0.0,FreshFarm Vitamins & Supplements 1L,Health & Wellness,671.66,470.66,3296.0,0.0,0.0,0.0,Healthy,0.0,193911.92
SKU03690,129,117,39,0.5,0.0,EliteHome Writing Instruments Family Pack,Stationery & Office,312.29,235.12,258.0,0.0,0.0,0.0,Healthy,0.0,30330.48
SKU03692,135,59,22,0.0,0.0,TrueTaste Dishwashing 100g,Home Care,267.69,153.74,99.0,0.0,0.0,0.0,Healthy,0.0,20754.9
SKU03693,173,1375,438,1.125,0.0,UrbanBite Ice Cream 1L,Frozen Foods,1381.82,866.08,153.77777777777777,0.0,0.0,0.0,Healthy,0.0,149831.84
SKU03694,217,102,45,0.0,0.0,HealthFirst Cheese 100g,Dairy & Bakery,328.79,218.53,99.0,0.0,0.0,0.0,Healthy,0.0,47421.01
SKU03695,71,28,13,0.5,0.0,EliteHome Writing Instruments 250ml,Stationery & Office,209.27,132.91,142.0,0.0,0.0,0.0,Healthy,0.0,9436.61
SKU03696,235,100,27,0.0,0.0,PrimeCare Air Fresheners 2L,Home Care,211.56,133.14,99.0,0.0,0.0,0.0,Healthy,0.0,31287.899999999998
SKU03697,59,29,8,0.125,0.0,EverydayPlus Men's Wear 500ml,Apparel & Footwear,2871.26,1832.0,472.0,0.0,0.0,0.0,Healthy,0.0,108088.0
SKU03699,317,282,80,0.0,0.0,ValueChoice Batteries 2kg,Electronics & Accessories,2185.11,1267.05,99.0,0.0,0.0,0.0,Healthy,0.0,401654.85
SKU03700,390,163,39,0.0,0.0,CleanWave Chocolates Pack of 6,Snacks & Confectionery,85.82,52.79,99.0,0.0,0.0,0.0,Healthy,0.0,20588.1
SKU03703,133,46,10,0.125,0.0,CleanWave Tea 2L,Beverages,115.62,68.02,1064.0,0.0,0.0,0.0,Healthy,0.0,9046.66
SKU03705,303,124,32,0.0,0.0,MetroBrand Surface Cleaners 1kg,Home Care,254.25,193.05,99.0,0.0,0.0,0.0,Healthy,0.0,58494.15
SKU03706,210,99,22,0.25,0.0,SmartBuy Mobile Accessories 500ml,Electronics & Accessories,2125.77,1481.4,840.0,0.0,0.0,0.0,Healthy,0.0,311094.0
SKU03707,143,100,32,0.0,0.0,GreenValley Skin Care 1kg,Personal Care,247.37,191.61,99.0,0.0,0.0,0.0,Healthy,0.0,27400.230000000003
SKU03710,182,186,69,0.625,0.0,CityFresh Laundry Medium,Home Care,95.93,71.85,291.2,0.0,0.0,0.0,Healthy,0.0,13076.699999999999
SKU03711,331,257,98,0.0,0.0,SparkleClean Ready Meals 2kg,Frozen Foods,521.8,307.8,99.0,0.0,0.0,0.0,Healthy,0.0,101881.8
SKU03714,406,279,83,0.25,0.0,SparkleClean OTC Medicine 1kg,Health & Wellness,1127.31,810.65,1624.0,0.0,0.0,0.0,Healthy,0.0,329123.89999999997
SKU03716,112,94,19,0.0,0.0,EliteHome Footwear 2L,Apparel & Footwear,883.69,692.77,99.0,0.0,0.0,0.0,Healthy,0.0,77590.23999999999
SKU03718,130,76,31,0.0,0.0,PureLife Women's Wear 500ml,Apparel & Footwear,2305.93,1715.5,99.0,0.0,0.0,0.0,Healthy,0.0,223015.0
SKU03720,274,143,49,0.0,0.0,QuickBite Batteries Small,Electronics & Accessories,2020.2,1552.18,99.0,0.0,0.0,0.0,Healthy,0.0,425297.32
SKU03723,337,264,101,0.0,0.0,NovaFresh Home Decor Large,Home & Kitchen,912.9,650.13,99.0,0.0,0.0,0.0,Healthy,0.0,219093.81
SKU03726,244,146,54,0.0,0.0,ValueChoice Vitamins & Supplements Small,Health & Wellness,411.19,293.32,99.0,0.0,0.0,0.0,Healthy,0.0,71570.08
SKU03728,62,53,21,0.125,0.0,DailyBest Biscuits & Cookies 1L,Snacks & Confectionery,126.47,79.34,496.0,0.0,0.0,0.0,Healthy,0.0,4919.08
SKU03729,5,61,20,0.0,0.0,FamilyChoice Biscuits & Cookies 2L,Snacks & Confectionery,111.51,64.91,99.0,0.0,0.0,0.0,Healthy,0.0,324.54999999999995
SKU03730,583,265,90,0.0,0.0,FreshFarm Pulses & Lentils 500g,Grocery,223.49,160.68,99.0,0.0,0.0,0.0,Healthy,0.0,93676.44
SKU03731,207,148,61,0.0,0.0,GoldenHarvest Storage & Containers 500g,Home & Kitchen,1599.44,1115.45,99.0,0.0,0.0,0.0,Healthy,0.0,230898.15000000002
SKU03732,1121,507,168,0.0,0.0,SparkleClean Chips & Crisps 2L,Snacks & Confectionery,114.01,88.52,99.0,0.0,0.0,0.0,Healthy,0.0,99230.92
SKU03733,106,122,49,0.5,0.0,NatureBlend Frozen Meat 500g,Frozen Foods,598.28,440.13,212.0,0.0,0.0,0.0,Healthy,0.0,46653.78
SKU03734,297,136,43,0.0,0.0,SunriseFoods Dishwashing Family Pack,Home Care,441.41,286.6,99.0,0.0,0.0,0.0,Healthy,0.0,85120.20000000001
SKU03735,268,116,41,0.0,0.0,MetroBrand Soft Drinks 1L,Beverages,128.98,91.36,99.0,0.0,0.0,0.0,Healthy,0.0,24484.48
SKU03736,146,169,71,0.0,0.0,ValueChoice Men's Grooming Pack of 12,Personal Care,234.21,179.31,99.0,0.0,0.0,0.0,Healthy,0.0,26179.260000000002
SKU03737,6812,1663,595,0.0,0.0,FreshFarm Spices & Seasoning 250ml,Grocery,235.68,150.1,99.0,0.0,0.0,0.0,Healthy,0.0,1022481.2
SKU03738,180,108,39,0.0,0.0,EliteHome Candy 2kg,Snacks & Confectionery,62.53,34.61,99.0,0.0,0.0,0.0,Healthy,0.0,6229.8
SKU03739,300,192,69,0.0,0.0,NatureBlend Tea 1L,Beverages,140.88,99.54,99.0,0.0,0.0,0.0,Healthy,0.0,29862.000000000004
SKU03740,7323,1653,586,0.0,0.0,SoftTouch Men's Wear Pack of 12,Apparel & Footwear,2021.49,1124.92,99.0,0.0,0.0,0.0,Healthy,0.0,8237789.16
SKU03741,52,166,67,0.0,0.0,HealthFirst Ready Meals 250ml,Frozen Foods,497.2,389.99,99.0,0.0,0.0,0.0,Healthy,0.0,20279.48
SKU03744,7605,1660,574,0.0,0.0,SparkleClean Biscuits & Cookies 2L,Snacks & Confectionery,72.29,56.86,99.0,0.0,0.0,0.0,Healthy,0.0,432420.3
SKU03746,260,173,56,0.0,0.0,SparkleClean Writing Instruments 1L,Stationery & Office,223.44,123.13,99.0,0.0,0.0,0.0,Healthy,0.0,32013.8
SKU03747,180,103,33,0.0,0.0,CityFresh Frozen Meat 1kg,Frozen Foods,411.88,237.21,99.0,0.0,0.0,0.0,Healthy,0.0,42697.8
SKU03748,56,74,25,0.25,0.0,SparkleClean Flour & Atta 1kg,Grocery,165.67,131.96,224.0,0.0,0.0,0.0,Healthy,0.0,7389.76
SKU03749,7469,1662,525,0.0,0.0,PremiumSelect Eggs 250ml,Dairy & Bakery,229.84,182.25,99.0,0.0,0.0,0.0,Healthy,0.0,1361225.25
SKU03750,64,227,78,0.25,0.0,FamilyChoice Notebooks 250ml,Stationery & Office,148.43,95.91,256.0,0.0,0.0,0.0,Healthy,0.0,6138.24
SKU03752,249,178,48,0.0,0.0,EliteHome Office Supplies Family Pack,Stationery & Office,119.85,87.97,99.0,0.0,0.0,0.0,Healthy,0.0,21904.53
SKU03753,175,62,25,0.0,0.0,SparkleClean Ice Cream 2kg,Frozen Foods,653.46,375.71,99.0,0.0,0.0,0.0,Healthy,0.0,65749.25
SKU03754,121,131,36,0.0,0.0,CityFresh Sugar & Salt 1kg,Grocery,421.65,256.69,99.0,0.0,0.0,0.0,Healthy,0.0,31059.489999999998
SKU03755,335,136,58,0.0,0.0,SoftTouch Storage & Containers Pack of 6,Home & Kitchen,1185.42,915.44,99.0,0.0,0.0,0.0,Healthy,0.0,306672.4
SKU03756,36,24,10,0.0,0.0,GreenValley Kids Wear Medium,Apparel & Footwear,1150.76,680.59,99.0,0.0,0.0,0.0,Healthy,0.0,24501.24
SKU03757,154,123,43,0.125,0.0,FamilyChoice Small Appliances 500ml,Electronics & Accessories,1271.47,864.87,1232.0,0.0,0.0,0.0,Healthy,0.0,133189.98
SKU03758,46,99,21,0.0,0.0,NutriPlus Writing Instruments Pack of 12,Stationery & Office,118.71,72.54,99.0,0.0,0.0,0.0,Healthy,0.0,3336.84
SKU03760,243,98,29,0.0,0.0,SparkleClean Storage & Containers 1L,Home & Kitchen,643.46,385.52,99.0,0.0,0.0,0.0,Healthy,0.0,93681.36
SKU03761,220,116,44,0.125,0.0,NovaFresh Biscuits & Cookies 100g,Snacks & Confectionery,141.48,85.45,1760.0,0.0,0.0,0.0,Healthy,0.0,18799.0
SKU03762,419,278,110,0.0,0.0,SunriseFoods Writing Instruments 500g,Stationery & Office,220.73,123.98,99.0,0.0,0.0,0.0,Healthy,0.0,51947.62
SKU03763,318,212,86,0.375,0.0,GoldenHarvest Namkeen 2L,Snacks & Confectionery,85.93,68.53,848.0,0.0,0.0,0.0,Healthy,0.0,21792.54
SKU03764,123,58,25,0.0,0.0,FreshFarm Frozen Vegetables 1kg,Frozen Foods,945.01,546.47,99.0,0.0,0.0,0.0,Healthy,0.0,67215.81
SKU03765,37,28,8,0.0,0.0,CityFresh Kids Wear 100g,Apparel & Footwear,1105.89,723.15,99.0,0.0,0.0,0.0,Healthy,0.0,26756.55
SKU03767,316,180,48,0.25,0.0,UrbanBite Pulses & Lentils Small,Grocery,360.34,225.54,1264.0,0.0,0.0,0.0,Healthy,0.0,71270.64
SKU03768,89,49,18,0.125,0.0,CleanWave Cookware 2L,Home & Kitchen,3321.91,2486.44,712.0,0.0,0.0,0.0,Healthy,0.0,221293.16
SKU03769,11,48,18,0.125,0.0,GoldenHarvest Spices & Seasoning 250ml,Grocery,96.33,61.11,88.0,0.0,0.0,0.0,Healthy,0.0,672.21
SKU03770,111,186,69,0.0,0.0,SmartBuy OTC Medicine Family Pack,Health & Wellness,691.48,488.44,99.0,0.0,0.0,0.0,Healthy,0.0,54216.84
SKU03771,51,42,17,0.375,0.0,FreshFarm Office Supplies 250ml,Stationery & Office,153.58,105.32,136.0,0.0,0.0,0.0,Healthy,0.0,5371.32
SKU03773,8090,1822,668,0.0,0.0,CleanWave Air Fresheners 250ml,Home Care,152.43,115.06,99.0,0.0,0.0,0.0,Healthy,0.0,930835.4
SKU03774,266,217,65,0.0,0.0,HomeStyle Surface Cleaners 100g,Home Care,384.33,232.32,99.0,0.0,0.0,0.0,Healthy,0.0,61797.119999999995
SKU03775,240,245,87,0.125,0.0,HealthFirst First Aid 250g,Health & Wellness,787.79,581.02,1920.0,0.0,0.0,0.0,Healthy,0.0,139444.8
SKU03777,395,284,99,0.0,0.0,EverydayPlus Frozen Vegetables 500g,Frozen Foods,361.49,281.89,99.0,0.0,0.0,0.0,Healthy,0.0,111346.54999999999
SKU03779,148,100,45,0.25,0.0,PureLife First Aid 250ml,Health & Wellness,638.13,468.54,592.0,0.0,0.0,0.0,Healthy,0.0,69343.92
SKU03780,370,179,72,0.0,0.0,DailyBest Mobile Accessories Family Pack,Electronics & Accessories,3123.93,2069.55,99.0,0.0,0.0,0.0,Healthy,0.0,765733.5000000001
SKU03781,135,69,31,0.0,0.0,SmartBuy Small Appliances 1kg,Electronics & Accessories,1471.19,916.91,99.0,0.0,0.0,0.0,Healthy,0.0,123782.84999999999
SKU03782,152,60,19,0.0,0.0,ValueChoice Rice & Grains 1kg,Grocery,58.53,44.84,99.0,0.0,0.0,0.0,Healthy,0.0,6815.68
SKU03783,167,187,70,0.0,0.0,CrispKing Batteries Family Pack,Electronics & Accessories,1069.2,832.79,99.0,0.0,0.0,0.0,Healthy,0.0,139075.93
SKU03784,124,130,58,0.0,0.0,ValueChoice Mobile Accessories 1kg,Electronics & Accessories,1234.71,709.21,99.0,0.0,0.0,0.0,Healthy,0.0,87942.04000000001
SKU03786,10,40,10,0.0,0.0,HomeStyle Storage & Containers Pack of 6,Home & Kitchen,1371.52,798.63,99.0,0.0,0.0,0.0,Healthy,0.0,7986.3
SKU03787,150,127,51,0.125,0.0,MetroBrand Ready Meals Large,Frozen Foods,694.67,425.76,1200.0,0.0,0.0,0.0,Healthy,0.0,63864.0
SKU03788,49,86,35,0.0,0.0,EliteHome Pest Control 2L,Home Care,82.95,53.57,99.0,0.0,0.0,0.0,Healthy,0.0,2624.93
SKU03789,253,126,49,0.25,0.0,BasicNeeds Small Appliances 2L,Electronics & Accessories,1048.14,658.01,1012.0,0.0,0.0,0.0,Healthy,0.0,166476.53
SKU03791,202,91,30,0.0,0.0,TrueTaste Frozen Vegetables 2L,Frozen Foods,836.9,476.82,99.0,0.0,0.0,0.0,Healthy,0.0,96317.64
SKU03792,194,94,42,0.0,0.0,HealthFirst Yogurt Pack of 12,Dairy & Bakery,235.81,165.88,99.0,0.0,0.0,0.0,Healthy,0.0,32180.719999999998
SKU03793,453,243,107,0.0,0.0,FamilyChoice Office Supplies Family Pack,Stationery & Office,232.87,161.93,99.0,0.0,0.0,0.0,Healthy,0.0,73354.29000000001
SKU03794,21,43,14,0.0,0.0,CleanWave Notebooks 250g,Stationery & Office,131.35,98.09,99.0,0.0,0.0,0.0,Healthy,0.0,2059.89
SKU03798,188,86,43,0.0,0.0,NatureBlend Skin Care 250g,Personal Care,531.23,386.69,99.0,0.0,0.0,0.0,Healthy,0.0,72697.72
SKU03799,4,58,24,0.0,0.0,FreshFarm Office Supplies Large,Stationery & Office,272.04,180.2,99.0,0.0,0.0,0.0,Healthy,0.0,720.8
SKU03802,230,151,57,0.0,0.0,NovaFresh Namkeen Family Pack,Snacks & Confectionery,37.67,23.79,99.0,0.0,0.0,0.0,Healthy,0.0,5471.7
SKU03803,7305,1640,588,0.0,0.0,SparkleClean Batteries Pack of 12,Electronics & Accessories,989.21,581.19,99.0,0.0,0.0,0.0,Healthy,0.0,4245592.95
SKU03805,7499,1688,629,0.0,0.0,FamilyChoice OTC Medicine Large,Health & Wellness,1279.53,962.72,99.0,0.0,0.0,0.0,Healthy,0.0,7219437.28
SKU03807,4900,1080,348,0.125,0.0,TrueTaste Ice Cream Pack of 6,Frozen Foods,347.25,265.41,39200.0,0.0,0.0,0.0,Healthy,0.0,1300509.0000000002
SKU03808,190,153,47,0.0,0.0,HealthFirst Small Appliances 2kg,Electronics & Accessories,1626.96,997.45,99.0,0.0,0.0,0.0,Healthy,0.0,189515.5
SKU03809,160,135,48,0.0,0.0,NovaFresh Bottled Water Family Pack,Beverages,39.49,29.89,99.0,0.0,0.0,0.0,Healthy,0.0,4782.4
SKU03810,666,300,83,0.0,0.0,SparkleClean Candy Pack of 12,Snacks & Confectionery,174.05,123.08,99.0,0.0,0.0,0.0,Healthy,0.0,81971.28
SKU03811,596,426,169,0.0,0.0,NutriPlus Writing Instruments Family Pack,Stationery & Office,239.04,160.31,99.0,0.0,0.0,0.0,Healthy,0.0,95544.76
SKU03813,401,149,45,0.0,0.0,PurePlus OTC Medicine 2L,Health & Wellness,1597.17,1201.62,99.0,0.0,0.0,0.0,Healthy,0.0,481849.61999999994
SKU03814,263,107,32,0.0,0.0,NatureBlend Bath & Body 250ml,Personal Care,390.08,227.21,99.0,0.0,0.0,0.0,Healthy,0.0,59756.23
SKU03815,150,53,15,0.0,0.0,EliteHome Candy Family Pack,Snacks & Confectionery,160.57,116.64,99.0,0.0,0.0,0.0,Healthy,0.0,17496.0
SKU03816,374,325,102,0.625,0.0,FreshFarm Home Decor Family Pack,Home & Kitchen,2031.96,1518.64,598.4,0.0,0.0,0.0,Healthy,0.0,567971.36
SKU03817,121,60,13,0.0,0.0,SoftTouch Kids Wear 250g,Apparel & Footwear,677.89,464.55,99.0,0.0,0.0,0.0,Healthy,0.0,56210.55
SKU03818,386,233,62,0.0,0.0,TrueTaste Biscuits & Cookies Pack of 6,Snacks & Confectionery,148.24,91.76,99.0,0.0,0.0,0.0,Healthy,0.0,35419.36
SKU03819,215,122,48,0.0,0.0,CityFresh First Aid Pack of 6,Health & Wellness,470.54,286.38,99.0,0.0,0.0,0.0,Healthy,0.0,61571.7
SKU03822,7840,1677,594,0.0,0.0,NutriPlus Notebooks 1kg,Stationery & Office,242.23,164.65,99.0,0.0,0.0,0.0,Healthy,0.0,1290856.0
SKU03823,6680,1531,531,0.25,0.0,HomeStyle Juices Family Pack,Beverages,54.63,38.22,26720.0,0.0,0.0,0.0,Healthy,0.0,255309.6
SKU03824,269,121,40,0.0,0.0,EliteHome Eggs Pack of 6,Dairy & Bakery,470.84,270.81,99.0,0.0,0.0,0.0,Healthy,0.0,72847.89
SKU03825,186,86,27,0.0,0.0,BasicNeeds Juices 250g,Beverages,105.66,60.26,99.0,0.0,0.0,0.0,Healthy,0.0,11208.359999999999
SKU03828,7088,1590,563,0.0,0.0,NovaFresh Notebooks Family Pack,Stationery & Office,327.11,253.39,99.0,0.0,0.0,0.0,Healthy,0.0,1796028.3199999998
SKU03830,90,48,13,0.0,0.0,PurePlus Tea Large,Beverages,136.62,82.88,99.0,0.0,0.0,0.0,Healthy,0.0,7459.2
SKU03832,28,49,17,0.125,0.0,GreenValley Tea 250ml,Beverages,107.73,83.39,224.0,0.0,0.0,0.0,Healthy,0.0,2334.92
SKU03833,8894,1913,621,0.0,0.0,DailyBest Small Appliances 500ml,Electronics & Accessories,2097.29,1179.22,99.0,0.0,0.0,0.0,Healthy,0.0,10487982.68
SKU03834,46,45,18,0.0,0.0,GoldenHarvest Small Appliances Family Pack,Electronics & Accessories,1737.86,1049.66,99.0,0.0,0.0,0.0,Healthy,0.0,48284.36
SKU03835,22,32,14,0.5,0.0,TrueTaste Cookware 500g,Home & Kitchen,897.0,654.22,44.0,0.0,0.0,0.0,Healthy,0.0,14392.84
SKU03837,7885,1748,623,0.0,0.0,GoldenHarvest Eggs 500ml,Dairy & Bakery,197.06,137.67,99.0,0.0,0.0,0.0,Healthy,0.0,1085527.95
SKU03842,149,58,23,0.0,0.0,PremiumSelect Women's Wear 500g,Apparel & Footwear,941.03,744.29,99.0,0.0,0.0,0.0,Healthy,0.0,110899.20999999999
SKU03846,83,179,78,0.0,0.0,SoftTouch Oral Care 250g,Personal Care,245.51,169.61,99.0,0.0,0.0,0.0,Healthy,0.0,14077.630000000001
SKU03847,175,80,33,0.0,0.0,FamilyChoice Pulses & Lentils Small,Grocery,100.07,57.63,99.0,0.0,0.0,0.0,Healthy,0.0,10085.25
SKU03848,4695,1114,409,0.125,0.0,PremiumSelect Home Decor Family Pack,Home & Kitchen,1270.1,784.42,37560.0,0.0,0.0,0.0,Healthy,0.0,3682851.9
SKU03849,248,215,61,0.125,0.0,MetroBrand Mobile Accessories 500ml,Electronics & Accessories,613.72,363.45,1984.0,0.0,0.0,0.0,Healthy,0.0,90135.59999999999
SKU03850,132,52,13,0.375,0.0,TrueTaste Ready Meals 1kg,Frozen Foods,514.7,402.09,352.0,0.0,0.0,0.0,Healthy,0.0,53075.88
SKU03852,303,210,77,0.125,0.0,TrueTaste Cookware Pack of 12,Home & Kitchen,568.41,412.22,2424.0,0.0,0.0,0.0,Healthy,0.0,124902.66
SKU03853,192,88,24,0.375,0.0,DailyBest Spices & Seasoning Pack of 12,Grocery,326.25,241.7,512.0,0.0,0.0,0.0,Healthy,0.0,46406.399999999994
SKU03854,284,146,55,0.125,0.0,SmartBuy Surface Cleaners Pack of 6,Home Care,482.43,337.85,2272.0,0.0,0.0,0.0,Healthy,0.0,95949.40000000001
SKU03855,345,271,110,0.75,0.0,MetroBrand Footwear 2L,Apparel & Footwear,683.9,522.37,460.0,0.0,0.0,0.0,Healthy,0.0,180217.65
SKU03856,207,178,77,0.375,0.0,EliteHome Writing Instruments Pack of 6,Stationery & Office,115.78,70.3,552.0,0.0,0.0,0.0,Healthy,0.0,14552.099999999999
SKU03857,361,174,70,0.0,0.0,HomeStyle Eggs 1kg,Dairy & Bakery,233.07,142.78,99.0,0.0,0.0,0.0,Healthy,0.0,51543.58
SKU03859,144,80,32,0.0,0.0,NovaFresh Chips & Crisps Large,Snacks & Confectionery,109.65,82.52,99.0,0.0,0.0,0.0,Healthy,0.0,11882.88
SKU03860,253,141,50,0.0,0.0,FamilyChoice Soft Drinks 2L,Beverages,107.87,81.87,99.0,0.0,0.0,0.0,Healthy,0.0,20713.11
SKU03861,108,191,79,0.0,0.0,TrueTaste Oral Care Medium,Personal Care,803.59,638.1,99.0,0.0,0.0,0.0,Healthy,0.0,68914.8
SKU03862,411,173,69,0.0,0.0,EverydayPlus Storage & Containers Pack of 6,Home & Kitchen,965.23,714.82,99.0,0.0,0.0,0.0,Healthy,0.0,293791.02
SKU03863,8574,1902,615,0.0,0.0,PremiumSelect Small Appliances 500ml,Electronics & Accessories,1941.52,1180.8,99.0,0.0,0.0,0.0,Healthy,0.0,10124179.2
SKU03865,179,94,32,0.0,0.0,GreenValley Yogurt Pack of 12,Dairy & Bakery,266.91,176.53,99.0,0.0,0.0,0.0,Healthy,0.0,31598.87
SKU03866,455,206,69,0.0,0.0,PurePlus Juices 500g,Beverages,126.0,89.78,99.0,0.0,0.0,0.0,Healthy,0.0,40849.9
SKU03868,239,119,43,0.0,0.0,NovaFresh Coffee Pack of 12,Beverages,115.75,65.61,99.0,0.0,0.0,0.0,Healthy,0.0,15680.789999999999
SKU03869,206,93,37,0.25,0.0,EliteHome Chips & Crisps 250g,Snacks & Confectionery,109.56,73.46,824.0,0.0,0.0,0.0,Healthy,0.0,15132.759999999998
SKU03871,413,318,121,0.0,0.0,ValueChoice Coffee 500g,Beverages,35.34,21.56,99.0,0.0,0.0,0.0,Healthy,0.0,8904.279999999999
SKU03873,500,230,85,0.0,0.0,SmartBuy Ready Meals 1kg,Frozen Foods,855.7,528.33,99.0,0.0,0.0,0.0,Healthy,0.0,264165.0
SKU03875,168,155,50,0.625,0.0,EliteHome Pest Control 500g,Home Care,203.41,147.52,268.8,0.0,0.0,0.0,Healthy,0.0,24783.36
SKU03877,394,191,74,0.375,0.0,SoftTouch Candy 100g,Snacks & Confectionery,87.54,64.33,1050.6666666666667,0.0,0.0,0.0,Healthy,0.0,25346.02
SKU03878,159,63,18,0.0,0.0,SparkleClean Laundry Medium,Home Care,123.56,88.86,99.0,0.0,0.0,0.0,Healthy,0.0,14128.74
SKU03879,269,172,57,0.0,0.0,TrueTaste Batteries 500ml,Electronics & Accessories,2646.29,1662.37,99.0,0.0,0.0,0.0,Healthy,0.0,447177.52999999997
SKU03880,172,194,71,0.0,0.0,GoldenHarvest Skin Care 500g,Personal Care,719.08,556.38,99.0,0.0,0.0,0.0,Healthy,0.0,95697.36
SKU03882,192,96,32,0.5,0.0,CityFresh Frozen Meat Large,Frozen Foods,290.83,197.85,384.0,0.0,0.0,0.0,Healthy,0.0,37987.2
SKU03883,293,286,103,0.0,0.0,MetroBrand Bread Medium,Dairy & Bakery,181.52,103.59,99.0,0.0,0.0,0.0,Healthy,0.0,30351.870000000003
SKU03884,6984,1581,559,0.125,0.0,SoftTouch Butter & Ghee Large,Dairy & Bakery,307.65,203.1,55872.0,0.0,0.0,0.0,Healthy,0.0,1418450.4
SKU03885,301,187,47,0.875,0.0,MetroBrand Pest Control 500ml,Home Care,497.7,314.78,344.0,0.0,0.0,0.0,Healthy,0.0,94748.78
SKU03886,126,82,29,0.0,0.0,NovaFresh Pulses & Lentils 250ml,Grocery,190.65,117.37,99.0,0.0,0.0,0.0,Healthy,0.0,14788.62
SKU03888,324,180,53,0.0,0.0,NovaFresh OTC Medicine 2kg,Health & Wellness,697.0,543.96,99.0,0.0,0.0,0.0,Healthy,0.0,176243.04
SKU03889,182,90,34,0.0,0.0,PurePlus Yogurt Large,Dairy & Bakery,291.44,170.97,99.0,0.0,0.0,0.0,Healthy,0.0,31116.54
SKU03890,381,219,82,0.125,0.0,ValueChoice Hair Care 500g,Personal Care,659.39,484.92,3048.0,0.0,0.0,0.0,Healthy,0.0,184754.52000000002
SKU03892,5029,1120,390,0.125,0.0,CityFresh Vitamins & Supplements Large,Health & Wellness,510.74,366.08,40232.0,0.0,0.0,0.0,Healthy,0.0,1841016.3199999998
SKU03893,312,185,77,0.0,0.0,MetroBrand Kids Wear Medium,Apparel & Footwear,1643.55,1251.23,99.0,0.0,0.0,0.0,Healthy,0.0,390383.76
SKU03894,268,184,77,0.0,0.0,CityFresh Bottled Water Pack of 6,Beverages,88.51,56.99,99.0,0.0,0.0,0.0,Healthy,0.0,15273.32
SKU03896,343,179,42,0.0,0.0,CleanWave Spices & Seasoning 100g,Grocery,380.04,235.32,99.0,0.0,0.0,0.0,Healthy,0.0,80714.76
SKU03899,489,282,82,0.0,0.0,EliteHome Oral Care Family Pack,Personal Care,369.05,203.65,99.0,0.0,0.0,0.0,Healthy,0.0,99584.85
SKU03900,388,210,90,0.0,0.0,GreenValley Air Fresheners 250g,Home Care,516.82,316.31,99.0,0.0,0.0,0.0,Healthy,0.0,122728.28
SKU03902,163,214,83,0.0,0.0,MetroBrand Oral Care 2L,Personal Care,342.12,198.42,99.0,0.0,0.0,0.0,Healthy,0.0,32342.46
SKU03903,282,183,58,0.0,0.0,FreshFarm Men's Wear 250g,Apparel & Footwear,1303.15,842.04,99.0,0.0,0.0,0.0,Healthy,0.0,237455.28
SKU03904,100,103,43,0.0,0.0,EliteHome Kids Wear 1L,Apparel & Footwear,2752.22,1585.53,99.0,0.0,0.0,0.0,Healthy,0.0,158553.0
SKU03905,6638,1455,473,0.0,0.0,DailyBest Sugar & Salt 100g,Grocery,404.11,237.85,99.0,0.0,0.0,0.0,Healthy,0.0,1578848.3
SKU03909,70,79,17,0.0,0.0,CityFresh Candy 250g,Snacks & Confectionery,78.39,61.15,99.0,0.0,0.0,0.0,Healthy,0.0,4280.5
SKU03913,27,83,26,0.0,0.0,NutriPlus First Aid 100g,Health & Wellness,468.93,278.8,99.0,0.0,0.0,0.0,Healthy,0.0,7527.6
SKU03916,195,125,43,0.0,0.0,CrispKing Bath & Body Family Pack,Personal Care,149.76,101.25,99.0,0.0,0.0,0.0,Healthy,0.0,19743.75
SKU03917,285,287,113,0.0,0.0,EverydayPlus Home Decor 2kg,Home & Kitchen,1503.21,1032.86,99.0,0.0,0.0,0.0,Healthy,0.0,294365.1
SKU03918,273,217,89,0.0,0.0,GreenValley Surface Cleaners 1L,Home Care,192.73,106.26,99.0,0.0,0.0,0.0,Healthy,0.0,29008.980000000003
SKU03919,158,63,13,0.125,0.0,MetroBrand Batteries 250g,Electronics & Accessories,535.43,314.38,1264.0,0.0,0.0,0.0,Healthy,0.0,49672.04
SKU03920,64,56,22,0.0,0.0,UrbanBite Tea Large,Beverages,230.58,158.29,99.0,0.0,0.0,0.0,Healthy,0.0,10130.56
SKU03921,396,174,77,0.0,0.0,MetroBrand Soft Drinks Medium,Beverages,69.99,41.68,99.0,0.0,0.0,0.0,Healthy,0.0,16505.28
SKU03923,177,113,40,0.0,0.0,HomeStyle Cookware 500ml,Home & Kitchen,1592.34,1192.23,99.0,0.0,0.0,0.0,Healthy,0.0,211024.71
SKU03924,210,139,44,0.0,0.0,GreenValley Writing Instruments Medium,Stationery & Office,272.17,204.18,99.0,0.0,0.0,0.0,Healthy,0.0,42877.8
SKU03925,183,162,49,0.0,0.0,BasicNeeds Butter & Ghee 2kg,Dairy & Bakery,166.83,127.69,99.0,0.0,0.0,0.0,Healthy,0.0,23367.27
SKU03927,189,88,31,0.0,0.0,GoldenHarvest Office Supplies 1kg,Stationery & Office,287.74,189.33,99.0,0.0,0.0,0.0,Healthy,0.0,35783.37
SKU03928,101,62,29,0.0,0.0,FamilyChoice Vitamins & Supplements Pack of 12,Health & Wellness,501.18,354.19,99.0,0.0,0.0,0.0,Healthy,0.0,35773.19
SKU03929,164,98,26,0.0,0.0,CrispKing Chips & Crisps 1kg,Snacks & Confectionery,126.5,87.95,99.0,0.0,0.0,0.0,Healthy,0.0,14423.800000000001
SKU03930,49,72,27,0.0,0.0,SmartBuy Women's Wear 250g,Apparel & Footwear,1786.19,1428.54,99.0,0.0,0.0,0.0,Healthy,0.0,69998.45999999999
SKU03931,3555,963,306,0.0,0.0,GreenValley Home Decor 500g,Home & Kitchen,1536.0,950.89,99.0,0.0,0.0,0.0,Healthy,0.0,3380413.9499999997
SKU03933,134,116,38,0.25,0.0,NovaFresh Men's Wear Large,Apparel & Footwear,2467.37,1596.3,536.0,0.0,0.0,0.0,Healthy,0.0,213904.19999999998
SKU03934,132,272,82,0.5,0.0,HomeStyle Men's Wear Family Pack,Apparel & Footwear,1977.79,1343.92,264.0,0.0,0.0,0.0,Healthy,0.0,177397.44
SKU03935,5153,1132,421,0.0,0.0,PrimeCare Frozen Meat 2kg,Frozen Foods,522.89,338.21,99.0,0.0,0.0,0.0,Healthy,0.0,1742796.13
SKU03936,443,214,76,0.0,0.0,DailyBest OTC Medicine 500ml,Health & Wellness,1559.07,981.97,99.0,0.0,0.0,0.0,Healthy,0.0,435012.71
SKU03938,270,91,44,0.0,0.0,CrispKing Writing Instruments 1L,Stationery & Office,132.09,86.77,99.0,0.0,0.0,0.0,Healthy,0.0,23427.899999999998
SKU03939,18,120,39,0.0,0.0,DailyBest Notebooks 100g,Stationery & Office,126.76,91.56,99.0,0.0,0.0,0.0,Healthy,0.0,1648.08
SKU03940,162,227,84,0.25,0.0,NatureBlend Writing Instruments 2L,Stationery & Office,235.21,138.12,648.0,0.0,0.0,0.0,Healthy,0.0,22375.440000000002
SKU03941,8524,1795,646,0.0,0.0,CityFresh Batteries 100g,Electronics & Accessories,2059.71,1578.53,99.0,0.0,0.0,0.0,Healthy,0.0,13455389.72
SKU03942,148,98,25,0.0,0.0,NatureBlend Pulses & Lentils 2kg,Grocery,240.46,170.79,99.0,0.0,0.0,0.0,Healthy,0.0,25276.92
SKU03943,84,133,55,0.375,0.0,UrbanBite Bath & Body 2kg,Personal Care,216.19,124.71,224.0,0.0,0.0,0.0,Healthy,0.0,10475.64
SKU03944,656,390,135,0.0,0.0,SoftTouch Pest Control Pack of 12,Home Care,344.74,191.63,99.0,0.0,0.0,0.0,Healthy,0.0,125709.28
SKU03945,310,215,68,0.625,0.0,ZestyCo Notebooks Large,Stationery & Office,140.02,78.81,496.0,0.0,0.0,0.0,Healthy,0.0,24431.100000000002
SKU03948,44,122,42,0.0,0.0,MetroBrand Coffee 1L,Beverages,68.23,53.58,99.0,0.0,0.0,0.0,Healthy,0.0,2357.52
SKU03949,217,76,35,0.375,0.0,SunriseFoods Women's Wear 1L,Apparel & Footwear,1149.07,670.28,578.6666666666666,0.0,0.0,0.0,Healthy,0.0,145450.75999999998
SKU03950,7925,1861,652,0.0,0.0,FreshFarm Hair Care 500g,Personal Care,318.71,197.95,99.0,0.0,0.0,0.0,Healthy,0.0,1568753.75
SKU03952,71,179,60,0.0,0.0,CityFresh Notebooks Large,Stationery & Office,382.65,258.83,99.0,0.0,0.0,0.0,Healthy,0.0,18376.93
SKU03953,114,156,45,0.375,0.0,ZestyCo Chocolates 1kg,Snacks & Confectionery,132.43,86.98,304.0,0.0,0.0,0.0,Healthy,0.0,9915.720000000001
SKU03954,262,169,58,0.375,0.0,CrispKing Spices & Seasoning 250g,Grocery,378.57,253.0,698.6666666666666,0.0,0.0,0.0,Healthy,0.0,66286.0
SKU03956,175,151,57,0.0,0.0,SoftTouch Laundry Pack of 6,Home Care,223.29,135.07,99.0,0.0,0.0,0.0,Healthy,0.0,23637.25
SKU03958,505,220,82,0.0,0.0,PrimeCare Home Decor 250g,Home & Kitchen,707.73,503.09,99.0,0.0,0.0,0.0,Healthy,0.0,254060.44999999998
SKU03959,205,89,34,0.125,0.0,PurePlus Frozen Meat Pack of 6,Frozen Foods,316.0,196.42,1640.0,0.0,0.0,0.0,Healthy,0.0,40266.1
SKU03960,216,80,30,0.0,0.0,GreenValley Cheese 500g,Dairy & Bakery,171.93,135.26,99.0,0.0,0.0,0.0,Healthy,0.0,29216.159999999996
SKU03961,4455,1088,375,0.125,0.0,DailyBest Rice & Grains 250g,Grocery,132.37,85.96,35640.0,0.0,0.0,0.0,Healthy,0.0,382951.8
SKU03962,69,34,14,0.0,0.0,SoftTouch Air Fresheners 100g,Home Care,298.31,174.58,99.0,0.0,0.0,0.0,Healthy,0.0,12046.02
SKU03963,674,322,113,0.0,0.0,ZestyCo Energy Drinks Pack of 12,Beverages,127.38,100.8,99.0,0.0,0.0,0.0,Healthy,0.0,67939.2
SKU03964,177,132,51,0.0,0.0,PremiumSelect Office Supplies 250ml,Stationery & Office,109.67,78.58,99.0,0.0,0.0,0.0,Healthy,0.0,13908.66
SKU03966,4412,1012,355,0.0,0.0,UrbanBite Air Fresheners Pack of 6,Home Care,367.96,204.45,99.0,0.0,0.0,0.0,Healthy,0.0,902033.3999999999
SKU03967,399,174,78,0.25,0.0,NatureBlend Cooking Oil 500g,Grocery,173.22,107.53,1596.0,0.0,0.0,0.0,Healthy,0.0,42904.47
SKU03968,8543,1745,623,0.0,0.0,EliteHome Soft Drinks 1L,Beverages,119.45,93.93,99.0,0.0,0.0,0.0,Healthy,0.0,802443.9900000001
SKU03970,104,48,15,0.0,0.0,PrimeCare Spices & Seasoning Pack of 12,Grocery,526.03,404.19,99.0,0.0,0.0,0.0,Healthy,0.0,42035.76
SKU03971,138,89,24,0.0,0.0,EverydayPlus Batteries Pack of 6,Electronics & Accessories,1736.31,1289.41,99.0,0.0,0.0,0.0,Healthy,0.0,177938.58000000002
SKU03972,424,212,82,0.25,0.0,HomeStyle Office Supplies Pack of 12,Stationery & Office,257.16,165.77,1696.0,0.0,0.0,0.0,Healthy,0.0,70286.48000000001
SKU03974,125,65,14,0.0,0.0,NovaFresh Cheese 500g,Dairy & Bakery,228.41,178.31,99.0,0.0,0.0,0.0,Healthy,0.0,22288.75
SKU03975,8855,1941,645,0.0,0.0,DailyBest Men's Wear 2L,Apparel & Footwear,1906.33,1461.62,99.0,0.0,0.0,0.0,Healthy,0.0,12942645.1
SKU03976,419,145,58,0.0,0.0,FreshFarm Frozen Meat 100g,Frozen Foods,451.64,294.41,99.0,0.0,0.0,0.0,Healthy,0.0,123357.79000000001
SKU03977,179,132,51,0.125,0.0,UrbanBite Sugar & Salt 500ml,Grocery,227.8,158.73,1432.0,0.0,0.0,0.0,Healthy,0.0,28412.67
SKU03978,189,70,22,0.375,0.0,PurePlus Coffee Pack of 6,Beverages,192.57,120.65,504.0,0.0,0.0,0.0,Healthy,0.0,22802.850000000002
SKU03979,223,83,23,0.0,0.0,SoftTouch Frozen Vegetables Medium,Frozen Foods,823.95,479.94,99.0,0.0,0.0,0.0,Healthy,0.0,107026.62
SKU03980,498,325,114,0.0,0.0,SoftTouch Laundry Pack of 6,Home Care,315.01,244.3,99.0,0.0,0.0,0.0,Healthy,0.0,121661.40000000001
SKU03981,281,196,78,0.0,0.0,GreenValley Flour & Atta Family Pack,Grocery,285.57,227.11,99.0,0.0,0.0,0.0,Healthy,0.0,63817.91
SKU03982,147,96,33,0.0,0.0,BasicNeeds Writing Instruments 2L,Stationery & Office,217.81,122.99,99.0,0.0,0.0,0.0,Healthy,0.0,18079.53
SKU03983,335,145,51,0.0,0.0,FamilyChoice Small Appliances 500ml,Electronics & Accessories,2768.56,1998.72,99.0,0.0,0.0,0.0,Healthy,0.0,669571.2
SKU03984,626,358,142,0.25,0.0,SparkleClean Ready Meals 1kg,Frozen Foods,331.05,260.64,2504.0,0.0,0.0,0.0,Healthy,0.0,163160.63999999998
SKU03985,389,214,71,0.0,0.0,MetroBrand Notebooks Pack of 12,Stationery & Office,195.76,137.42,99.0,0.0,0.0,0.0,Healthy,0.0,53456.38
SKU03986,246,166,80,0.125,0.0,NatureBlend Notebooks Medium,Stationery & Office,239.18,134.37,1968.0,0.0,0.0,0.0,Healthy,0.0,33055.020000000004
SKU03987,50,82,32,0.125,0.0,CleanWave Writing Instruments 2kg,Stationery & Office,167.23,92.6,400.0,0.0,0.0,0.0,Healthy,0.0,4630.0
SKU03988,94,105,35,0.0,0.0,PrimeCare Bread 250g,Dairy & Bakery,227.15,153.56,99.0,0.0,0.0,0.0,Healthy,0.0,14434.64
SKU03989,229,196,84,0.0,0.0,NovaFresh Home Decor 100g,Home & Kitchen,544.65,427.54,99.0,0.0,0.0,0.0,Healthy,0.0,97906.66
SKU03991,6848,1604,594,0.0,0.0,DailyBest Batteries Pack of 6,Electronics & Accessories,2711.33,1728.69,99.0,0.0,0.0,0.0,Healthy,0.0,11838069.120000001
SKU03992,681,441,165,0.0,0.0,QuickBite Cookware 250g,Home & Kitchen,1113.75,834.2,99.0,0.0,0.0,0.0,Healthy,0.0,568090.2000000001
SKU03994,307,149,52,0.0,0.0,CrispKing Pest Control Pack of 6,Home Care,281.11,220.93,99.0,0.0,0.0,0.0,Healthy,0.0,67825.51000000001
SKU03995,353,181,71,0.25,0.0,NutriPlus Coffee 250ml,Beverages,177.76,135.04,1412.0,0.0,0.0,0.0,Healthy,0.0,47669.119999999995
SKU03996,337,300,106,0.0,0.0,ZestyCo Milk 500ml,Dairy & Bakery,304.55,212.72,99.0,0.0,0.0,0.0,Healthy,0.0,71686.64
SKU03998,38,45,15,0.0,0.0,MetroBrand Storage & Containers Pack of 12,Home & Kitchen,625.71,440.25,99.0,0.0,0.0,0.0,Healthy,0.0,16729.5
SKU04000,5,23,8,0.0,0.0,HealthFirst Men's Grooming 100g,Personal Care,682.46,378.0,99.0,0.0,0.0,0.0,Healthy,0.0,1890.0
SKU04002,403,243,100,0.25,0.0,EverydayPlus Frozen Vegetables 2L,Frozen Foods,714.86,400.85,1612.0,0.0,0.0,0.0,Healthy,0.0,161542.55000000002
SKU04003,176,123,40,0.0,0.0,BasicNeeds Cookware Pack of 6,Home & Kitchen,1197.42,927.63,99.0,0.0,0.0,0.0,Healthy,0.0,163262.88
SKU04005,215,233,83,0.0,0.0,EverydayPlus Candy 500g,Snacks & Confectionery,129.46,81.14,99.0,0.0,0.0,0.0,Healthy,0.0,17445.1
SKU04006,51,34,10,0.0,0.0,CityFresh Chips & Crisps Pack of 12,Snacks & Confectionery,198.6,158.64,99.0,0.0,0.0,0.0,Healthy,0.0,8090.639999999999
SKU04007,157,96,39,0.0,0.0,SoftTouch Small Appliances 500ml,Electronics & Accessories,1079.7,808.44,99.0,0.0,0.0,0.0,Healthy,0.0,126925.08
SKU04008,232,148,56,0.375,0.0,GreenValley Butter & Ghee 250g,Dairy & Bakery,284.43,210.31,618.6666666666666,0.0,0.0,0.0,Healthy,0.0,48791.92
SKU04009,380,296,97,0.0,0.0,FreshFarm Chocolates Pack of 6,Snacks & Confectionery,63.37,46.15,99.0,0.0,0.0,0.0,Healthy,0.0,17537.0
SKU04010,101,66,28,0.25,0.0,NatureBlend Rice & Grains 250g,Grocery,253.31,142.57,404.0,0.0,0.0,0.0,Healthy,0.0,14399.57
SKU04011,106,116,50,0.0,0.0,TrueTaste Bath & Body 1kg,Personal Care,107.6,66.93,99.0,0.0,0.0,0.0,Healthy,0.0,7094.580000000001
SKU04012,0,1029,326,0.0,0.0,BasicNeeds Bath & Body Pack of 12,Personal Care,631.0,473.01,99.0,0.0,0.0,0.0,Healthy,0.0,0.0
SKU04013,161,101,27,0.0,0.0,GoldenHarvest Ice Cream 1kg,Frozen Foods,447.28,346.14,99.0,0.0,0.0,0.0,Healthy,0.0,55728.54
SKU04014,78,85,39,0.0,0.0,PremiumSelect Namkeen 100g,Snacks & Confectionery,76.21,48.58,99.0,0.0,0.0,0.0,Healthy,0.0,3789.24
SKU04015,412,198,77,0.0,0.0,SoftTouch Small Appliances Family Pack,Electronics & Accessories,1698.51,1044.34,99.0,0.0,0.0,0.0,Healthy,0.0,430268.07999999996
SKU04018,7270,1443,509,0.0,0.0,CrispKing Candy Medium,Snacks & Confectionery,96.14,59.88,99.0,0.0,0.0,0.0,Healthy,0.0,435327.60000000003
SKU04019,8633,1875,660,0.0,0.0,NatureBlend Ice Cream Family Pack,Frozen Foods,496.8,275.89,99.0,0.0,0.0,0.0,Healthy,0.0,2381758.37
SKU04021,303,149,50,0.0,0.0,SparkleClean Oral Care 250ml,Personal Care,180.53,124.28,99.0,0.0,0.0,0.0,Healthy,0.0,37656.840000000004
SKU04022,319,234,60,0.0,0.0,TrueTaste Eggs Medium,Dairy & Bakery,234.26,165.99,99.0,0.0,0.0,0.0,Healthy,0.0,52950.810000000005
SKU04023,222,131,34,0.375,0.0,HomeStyle Frozen Vegetables 100g,Frozen Foods,898.44,571.17,592.0,0.0,0.0,0.0,Healthy,0.0,126799.73999999999
SKU04024,230,122,51,0.0,0.0,TrueTaste Oral Care 2kg,Personal Care,267.98,168.42,99.0,0.0,0.0,0.0,Healthy,0.0,38736.6
SKU04028,372,271,102,0.0,0.0,HomeStyle Batteries Small,Electronics & Accessories,2080.9,1621.46,99.0,0.0,0.0,0.0,Healthy,0.0,603183.12
SKU04029,118,94,28,0.0,0.0,CityFresh Laundry Family Pack,Home Care,560.36,347.66,99.0,0.0,0.0,0.0,Healthy,0.0,41023.880000000005
SKU04030,308,158,64,0.125,0.0,ZestyCo Pest Control 500g,Home Care,327.86,245.15,2464.0,0.0,0.0,0.0,Healthy,0.0,75506.2
SKU04031,87,38,15,0.125,0.0,SoftTouch OTC Medicine Small,Health & Wellness,763.98,481.26,696.0,0.0,0.0,0.0,Healthy,0.0,41869.62
SKU04033,161,94,31,0.5,0.0,SparkleClean Energy Drinks 500ml,Beverages,141.22,102.35,322.0,0.0,0.0,0.0,Healthy,0.0,16478.35
SKU04036,179,77,26,0.5,0.0,PremiumSelect Ice Cream Large,Frozen Foods,952.04,553.99,358.0,0.0,0.0,0.0,Healthy,0.0,99164.21
SKU04037,214,120,40,0.125,0.0,SunriseFoods Milk 2kg,Dairy & Bakery,85.42,57.89,1712.0,0.0,0.0,0.0,Healthy,0.0,12388.460000000001
SKU04044,341,267,112,0.0,0.0,SunriseFoods Cooking Oil 500g,Grocery,301.4,175.66,99.0,0.0,0.0,0.0,Healthy,0.0,59900.06
SKU04045,228,176,75,0.0,0.0,FreshFarm Frozen Vegetables Medium,Frozen Foods,615.16,357.06,99.0,0.0,0.0,0.0,Healthy,0.0,81409.68000000001
SKU04046,47,1434,484,0.25,0.0,CleanWave Laundry 250ml,Home Care,114.83,69.6,188.0,0.0,0.0,0.0,Healthy,0.0,3271.2
SKU04048,6615,1483,506,0.0,0.0,GoldenHarvest Juices Pack of 12,Beverages,89.34,70.63,99.0,0.0,0.0,0.0,Healthy,0.0,467217.44999999995
SKU04050,395,281,91,0.0,0.0,NovaFresh Biscuits & Cookies 2L,Snacks & Confectionery,118.91,68.53,99.0,0.0,0.0,0.0,Healthy,0.0,27069.350000000002
SKU04052,6170,1419,518,0.0,0.0,CleanWave Batteries 1L,Electronics & Accessories,412.3,247.68,99.0,0.0,0.0,0.0,Healthy,0.0,1528185.6
SKU04054,7524,1693,590,0.0,0.0,GoldenHarvest Energy Drinks 500g,Beverages,34.95,20.95,99.0,0.0,0.0,0.0,Healthy,0.0,157627.8
SKU04056,38,106,46,0.375,0.0,EliteHome Footwear Pack of 12,Apparel & Footwear,1184.05,691.67,101.33333333333333,0.0,0.0,0.0,Healthy,0.0,26283.46
SKU04057,711,385,139,0.0,0.0,PremiumSelect Storage & Containers Family Pack,Home & Kitchen,1531.28,1144.5,99.0,0.0,0.0,0.0,Healthy,0.0,813739.5
SKU04062,7894,1785,691,0.0,0.0,PurePlus Mobile Accessories Family Pack,Electronics & Accessories,3430.14,2728.94,99.0,0.0,0.0,0.0,Healthy,0.0,21542252.36
SKU04066,498,220,74,0.0,0.0,EliteHome Notebooks 1L,Stationery & Office,275.52,152.04,99.0,0.0,0.0,0.0,Healthy,0.0,75715.92
SKU04068,67,24,6,0.0,0.0,CleanWave Skin Care Family Pack,Personal Care,584.31,401.71,99.0,0.0,0.0,0.0,Healthy,0.0,26914.57
SKU04071,368,149,49,0.0,0.0,SmartBuy Soft Drinks Pack of 6,Beverages,174.5,113.07,99.0,0.0,0.0,0.0,Healthy,0.0,41609.759999999995
SKU04072,55,81,21,0.0,0.0,NatureBlend Ready Meals Family Pack,Frozen Foods,174.03,115.91,99.0,0.0,0.0,0.0,Healthy,0.0,6375.05
SKU04073,7539,1734,586,0.0,0.0,ValueChoice Women's Wear 1kg,Apparel & Footwear,514.74,392.24,99.0,0.0,0.0,0.0,Healthy,0.0,2957097.36
SKU04074,7,50,19,0.0,0.0,EliteHome Frozen Meat Pack of 12,Frozen Foods,340.42,247.99,99.0,0.0,0.0,0.0,Healthy,0.0,1735.93
SKU04077,506,186,65,0.0,0.0,PurePlus Air Fresheners 500ml,Home Care,110.69,80.95,99.0,0.0,0.0,0.0,Healthy,0.0,40960.700000000004
SKU04078,582,450,196,0.5,0.0,MetroBrand First Aid 1kg,Health & Wellness,357.55,216.72,1164.0,0.0,0.0,0.0,Healthy,0.0,126131.04
SKU04079,84,127,50,0.0,0.0,HealthFirst Men's Grooming 2kg,Personal Care,226.24,175.77,99.0,0.0,0.0,0.0,Healthy,0.0,14764.68
SKU04080,186,67,18,0.0,0.0,BasicNeeds Pulses & Lentils 100g,Grocery,253.73,192.38,99.0,0.0,0.0,0.0,Healthy,0.0,35782.68
SKU04081,178,158,46,0.0,0.0,EliteHome Flour & Atta 500g,Grocery,115.77,70.98,99.0,0.0,0.0,0.0,Healthy,0.0,12634.44
SKU04083,191,82,33,0.0,0.0,EliteHome First Aid 500g,Health & Wellness,724.3,433.01,99.0,0.0,0.0,0.0,Healthy,0.0,82704.91
SKU04085,205,183,79,0.0,0.0,EverydayPlus Butter & Ghee Pack of 12,Dairy & Bakery,185.15,146.32,99.0,0.0,0.0,0.0,Healthy,0.0,29995.6
SKU04086,290,196,79,0.0,0.0,PureLife Flour & Atta 250g,Grocery,140.18,103.78,99.0,0.0,0.0,0.0,Healthy,0.0,30096.2
SKU04087,128,87,38,0.0,0.0,FamilyChoice Writing Instruments 500g,Stationery & Office,79.2,53.24,99.0,0.0,0.0,0.0,Healthy,0.0,6814.72
SKU04088,73,28,7,0.0,0.0,CrispKing Bottled Water 2L,Beverages,146.66,111.58,99.0,0.0,0.0,0.0,Healthy,0.0,8145.34
SKU04089,373,189,73,0.0,0.0,FreshFarm Kids Wear Large,Apparel & Footwear,1597.51,908.91,99.0,0.0,0.0,0.0,Healthy,0.0,339023.43
SKU04091,120,136,65,0.0,0.0,TrueTaste Hair Care 100g,Personal Care,590.54,465.98,99.0,0.0,0.0,0.0,Healthy,0.0,55917.600000000006
SKU04092,310,168,62,0.0,0.0,SoftTouch Cheese 500g,Dairy & Bakery,207.57,156.64,99.0,0.0,0.0,0.0,Healthy,0.0,48558.399999999994
SKU04093,244,131,55,0.0,0.0,QuickBite Kids Wear Small,Apparel & Footwear,2722.86,1791.42,99.0,0.0,0.0,0.0,Healthy,0.0,437106.48000000004
SKU04094,144,114,25,0.0,0.0,NovaFresh Sugar & Salt Pack of 12,Grocery,203.65,129.64,99.0,0.0,0.0,0.0,Healthy,0.0,18668.159999999996
SKU04096,88,41,12,0.5,0.0,NatureBlend Bread Family Pack,Dairy & Bakery,155.65,96.95,176.0,0.0,0.0,0.0,Healthy,0.0,8531.6
SKU04097,107,79,30,0.0,0.0,EliteHome Yogurt Large,Dairy & Bakery,405.48,318.04,99.0,0.0,0.0,0.0,Healthy,0.0,34030.28
SKU04098,458,220,83,0.875,0.0,FamilyChoice Candy Small,Snacks & Confectionery,80.48,50.7,523.4285714285714,0.0,0.0,0.0,Healthy,0.0,23220.600000000002
SKU04101,117,63,23,0.0,0.0,CityFresh Air Fresheners 500g,Home Care,368.62,250.61,99.0,0.0,0.0,0.0,Healthy,0.0,29321.370000000003
SKU04102,7555,1766,649,0.0,0.0,CityFresh Bath & Body Pack of 12,Personal Care,358.12,208.7,99.0,0.0,0.0,0.0,Healthy,0.0,1576728.5
SKU04104,60,73,29,0.0,0.0,ZestyCo Men's Grooming 1kg,Personal Care,572.29,444.36,99.0,0.0,0.0,0.0,Healthy,0.0,26661.600000000002
SKU04106,6068,1273,436,0.0,0.0,EverydayPlus Cheese 250ml,Dairy & Bakery,92.02,64.75,99.0,0.0,0.0,0.0,Healthy,0.0,392903.0
SKU04107,7804,1726,605,0.0,0.0,PremiumSelect Butter & Ghee 2kg,Dairy & Bakery,193.61,126.03,99.0,0.0,0.0,0.0,Healthy,0.0,983538.12
SKU04108,406,220,73,0.0,0.0,PremiumSelect Juices Family Pack,Beverages,263.58,187.63,99.0,0.0,0.0,0.0,Healthy,0.0,76177.78
SKU04111,104,50,17,0.0,0.0,CityFresh Biscuits & Cookies Family Pack,Snacks & Confectionery,87.41,56.87,99.0,0.0,0.0,0.0,Healthy,0.0,5914.48
SKU04114,213,84,38,0.0,0.0,QuickBite Women's Wear Family Pack,Apparel & Footwear,1503.26,1011.06,99.0,0.0,0.0,0.0,Healthy,0.0,215355.78
SKU04116,419,259,82,0.0,0.0,GreenValley Notebooks 1kg,Stationery & Office,128.93,89.71,99.0,0.0,0.0,0.0,Healthy,0.0,37588.49
SKU04117,77,137,61,0.0,0.0,CityFresh Oral Care Pack of 12,Personal Care,572.57,376.09,99.0,0.0,0.0,0.0,Healthy,0.0,28958.929999999997
SKU04118,5534,1197,393,0.0,0.0,PrimeCare Notebooks 2kg,Stationery & Office,201.13,150.01,99.0,0.0,0.0,0.0,Healthy,0.0,830155.34
SKU04119,117,83,19,0.5,0.0,NovaFresh Spices & Seasoning 2kg,Grocery,475.6,311.34,234.0,0.0,0.0,0.0,Healthy,0.0,36426.78
SKU04120,155,92,30,0.0,0.0,ZestyCo Ice Cream Pack of 6,Frozen Foods,185.88,131.54,99.0,0.0,0.0,0.0,Healthy,0.0,20388.699999999997
SKU04121,218,207,72,0.0,0.0,EverydayPlus Footwear 2kg,Apparel & Footwear,2511.37,1418.29,99.0,0.0,0.0,0.0,Healthy,0.0,309187.22
SKU04124,102,59,13,0.0,0.0,UrbanBite Butter & Ghee 2L,Dairy & Bakery,93.29,61.75,99.0,0.0,0.0,0.0,Healthy,0.0,6298.5
SKU04125,274,184,65,0.0,0.0,SunriseFoods Rice & Grains Pack of 12,Grocery,219.82,121.44,99.0,0.0,0.0,0.0,Healthy,0.0,33274.56
SKU04127,137,81,24,0.125,0.0,FreshFarm Pulses & Lentils Pack of 6,Grocery,97.29,57.04,1096.0,0.0,0.0,0.0,Healthy,0.0,7814.48
SKU04129,281,124,37,0.0,0.0,BasicNeeds Small Appliances Small,Electronics & Accessories,823.72,459.73,99.0,0.0,0.0,0.0,Healthy,0.0,129184.13
SKU04130,44,92,18,0.0,0.0,UrbanBite Cookware 2kg,Home & Kitchen,710.24,469.26,99.0,0.0,0.0,0.0,Healthy,0.0,20647.44
SKU04131,161,105,33,0.0,0.0,NutriPlus Surface Cleaners Medium,Home Care,587.01,451.19,99.0,0.0,0.0,0.0,Healthy,0.0,72641.59
SKU04132,150,51,16,0.375,0.0,PrimeCare Cookware Pack of 12,Home & Kitchen,2255.25,1316.72,400.0,0.0,0.0,0.0,Healthy,0.0,197508.0
SKU04133,295,163,56,0.0,0.0,CleanWave Chips & Crisps 500g,Snacks & Confectionery,181.25,122.27,99.0,0.0,0.0,0.0,Healthy,0.0,36069.65
SKU04135,364,227,70,0.0,0.0,GoldenHarvest Soft Drinks Large,Beverages,128.12,78.83,99.0,0.0,0.0,0.0,Healthy,0.0,28694.12
SKU04136,172,114,41,0.125,0.0,TrueTaste Women's Wear Large,Apparel & Footwear,1348.93,958.85,1376.0,0.0,0.0,0.0,Healthy,0.0,164922.2
SKU04142,6934,1614,600,0.0,0.0,SparkleClean Office Supplies 1L,Stationery & Office,143.76,100.08,99.0,0.0,0.0,0.0,Healthy,0.0,693954.72
SKU04144,7612,1799,648,0.125,0.0,CleanWave Energy Drinks 500ml,Beverages,66.69,49.29,60896.0,0.0,0.0,0.0,Healthy,0.0,375195.48
SKU04145,6849,1452,532,0.0,0.0,CleanWave Notebooks 100g,Stationery & Office,293.61,224.88,99.0,0.0,0.0,0.0,Healthy,0.0,1540203.1199999999
SKU04146,161,60,28,0.0,0.0,TrueTaste Notebooks 1L,Stationery & Office,227.31,126.79,99.0,0.0,0.0,0.0,Healthy,0.0,20413.190000000002
SKU04147,7641,1661,613,0.0,0.0,CleanWave Air Fresheners 1kg,Home Care,173.16,137.71,99.0,0.0,0.0,0.0,Healthy,0.0,1052242.11
SKU04148,37,49,21,0.0,0.0,SparkleClean Women's Wear 1kg,Apparel & Footwear,838.78,664.07,99.0,0.0,0.0,0.0,Healthy,0.0,24570.59
SKU04149,34,28,13,0.0,0.0,ZestyCo Sugar & Salt 100g,Grocery,229.63,128.34,99.0,0.0,0.0,0.0,Healthy,0.0,4363.56
SKU04150,93,74,25,0.0,0.0,NutriPlus Bottled Water 500ml,Beverages,143.14,89.94,99.0,0.0,0.0,0.0,Healthy,0.0,8364.42
SKU04151,266,239,72,0.0,0.0,CrispKing Cheese 100g,Dairy & Bakery,426.73,316.37,99.0,0.0,0.0,0.0,Healthy,0.0,84154.42
SKU04152,7386,1615,554,0.0,0.0,ValueChoice OTC Medicine Medium,Health & Wellness,1148.97,769.38,99.0,0.0,0.0,0.0,Healthy,0.0,5682640.68
SKU04158,4377,1060,390,0.0,0.0,EliteHome Men's Wear Pack of 12,Apparel & Footwear,2594.6,2040.86,99.0,0.0,0.0,0.0,Healthy,0.0,8932844.219999999
SKU04160,6747,1491,555,0.0,0.0,BasicNeeds First Aid Medium,Health & Wellness,366.83,274.96,99.0,0.0,0.0,0.0,Healthy,0.0,1855155.1199999999
SKU04164,133,57,17,0.0,0.0,PremiumSelect Energy Drinks 500ml,Beverages,159.68,121.31,99.0,0.0,0.0,0.0,Healthy,0.0,16134.23
SKU04169,77,66,27,0.0,0.0,GreenValley Storage & Containers 2L,Home & Kitchen,1989.46,1256.13,99.0,0.0,0.0,0.0,Healthy,0.0,96722.01000000001
SKU04171,5,88,26,0.125,0.0,CityFresh Vitamins & Supplements Pack of 6,Health & Wellness,652.08,496.82,40.0,0.0,0.0,0.0,Healthy,0.0,2484.1
SKU04172,238,122,32,0.0,0.0,EliteHome Air Fresheners 250ml,Home Care,346.11,192.13,99.0,0.0,0.0,0.0,Healthy,0.0,45726.94
SKU04173,143,147,44,0.0,0.0,CleanWave Pest Control 250ml,Home Care,235.28,152.49,99.0,0.0,0.0,0.0,Healthy,0.0,21806.07
SKU04174,256,114,27,0.0,0.0,EverydayPlus Yogurt Small,Dairy & Bakery,77.98,47.53,99.0,0.0,0.0,0.0,Healthy,0.0,12167.68
SKU04175,51,110,34,0.125,0.0,HomeStyle Writing Instruments 2L,Stationery & Office,202.45,112.72,408.0,0.0,0.0,0.0,Healthy,0.0,5748.72
SKU04176,10,25,8,0.375,0.0,EliteHome Oral Care 1kg,Personal Care,275.44,166.41,26.666666666666668,0.0,0.0,0.0,Healthy,0.0,1664.1
SKU04177,540,269,86,0.125,0.0,PrimeCare Cookware 500ml,Home & Kitchen,2641.42,1574.45,4320.0,0.0,0.0,0.0,Healthy,0.0,850203.0
SKU04178,339,184,60,0.0,0.0,HealthFirst Laundry Medium,Home Care,295.35,199.69,99.0,0.0,0.0,0.0,Healthy,0.0,67694.91
SKU04179,177,82,34,0.0,0.0,NovaFresh Cooking Oil 1L,Grocery,147.82,97.38,99.0,0.0,0.0,0.0,Healthy,0.0,17236.26
SKU04180,438,320,110,0.125,0.0,SmartBuy Storage & Containers 250g,Home & Kitchen,1250.78,835.43,3504.0,0.0,0.0,0.0,Healthy,0.0,365918.33999999997
SKU04184,125,54,13,0.0,0.0,SparkleClean Home Decor Family Pack,Home & Kitchen,853.17,607.35,99.0,0.0,0.0,0.0,Healthy,0.0,75918.75
SKU04185,109,102,32,0.625,0.0,QuickBite Office Supplies Family Pack,Stationery & Office,79.83,54.22,174.4,0.0,0.0,0.0,Healthy,0.0,5909.98
SKU04187,305,202,67,0.0,0.0,SunriseFoods Women's Wear 250ml,Apparel & Footwear,1212.81,940.89,99.0,0.0,0.0,0.0,Healthy,0.0,286971.45
SKU04189,155,111,25,0.0,0.0,EverydayPlus Small Appliances Medium,Electronics & Accessories,1301.46,901.63,99.0,0.0,0.0,0.0,Healthy,0.0,139752.65
SKU04190,102,84,33,0.0,0.0,NovaFresh Frozen Meat Large,Frozen Foods,272.17,187.74,99.0,0.0,0.0,0.0,Healthy,0.0,19149.48
SKU04192,760,367,99,0.0,0.0,MetroBrand Laundry 2kg,Home Care,155.38,106.23,99.0,0.0,0.0,0.0,Healthy,0.0,80734.8
SKU04193,46,30,13,0.0,0.0,GoldenHarvest Surface Cleaners 1kg,Home Care,215.47,143.12,99.0,0.0,0.0,0.0,Healthy,0.0,6583.52
SKU04194,7126,1580,551,0.0,0.0,ValueChoice Cheese Family Pack,Dairy & Bakery,201.25,133.83,99.0,0.0,0.0,0.0,Healthy,0.0,953672.5800000001
SKU04195,210,81,22,0.0,0.0,UrbanBite Men's Grooming 1L,Personal Care,435.0,324.07,99.0,0.0,0.0,0.0,Healthy,0.0,68054.7
SKU04198,402,180,74,0.0,0.0,QuickBite Juices 2L,Beverages,122.84,93.56,99.0,0.0,0.0,0.0,Healthy,0.0,37611.12
SKU04202,311,222,91,0.0,0.0,NovaFresh Frozen Vegetables 250g,Frozen Foods,1054.73,653.5,99.0,0.0,0.0,0.0,Healthy,0.0,203238.5
SKU04203,384,313,132,0.375,0.0,CleanWave Frozen Vegetables 500g,Frozen Foods,709.74,446.72,1024.0,0.0,0.0,0.0,Healthy,0.0,171540.48
SKU04204,287,157,49,0.625,0.0,GreenValley Skin Care 2L,Personal Care,714.36,431.73,459.2,0.0,0.0,0.0,Healthy,0.0,123906.51000000001
SKU04206,38,64,24,0.625,0.0,CityFresh Men's Wear Pack of 12,Apparel & Footwear,667.18,446.75,60.8,0.0,0.0,0.0,Healthy,0.0,16976.5
SKU04207,130,169,54,0.25,0.0,CityFresh Office Supplies 500ml,Stationery & Office,165.9,122.55,520.0,0.0,0.0,0.0,Healthy,0.0,15931.5
SKU04208,73,90,30,0.125,0.0,SmartBuy Milk 500ml,Dairy & Bakery,436.42,312.04,584.0,0.0,0.0,0.0,Healthy,0.0,22778.920000000002
SKU04212,7339,1690,627,0.0,0.0,GoldenHarvest Footwear 2L,Apparel & Footwear,1540.6,1094.51,99.0,0.0,0.0,0.0,Healthy,0.0,8032608.89
SKU04213,155,63,17,0.0,0.0,PremiumSelect Pest Control 2kg,Home Care,541.97,352.98,99.0,0.0,0.0,0.0,Healthy,0.0,54711.9
SKU04214,73,54,25,0.25,0.0,EverydayPlus Notebooks 100g,Stationery & Office,34.09,27.11,292.0,0.0,0.0,0.0,Healthy,0.0,1979.03
SKU04215,7275,1655,573,0.0,0.0,SoftTouch Frozen Meat Family Pack,Frozen Foods,508.26,384.81,99.0,0.0,0.0,0.0,Healthy,0.0,2799492.75
SKU04216,190,107,37,0.0,0.0,PureLife Home Decor Family Pack,Home & Kitchen,1422.8,1031.66,99.0,0.0,0.0,0.0,Healthy,0.0,196015.40000000002
SKU04217,6589,1463,482,0.0,0.0,SoftTouch Bottled Water Large,Beverages,187.16,127.07,99.0,0.0,0.0,0.0,Healthy,0.0,837264.23
SKU04219,331,195,71,0.0,0.0,CrispKing Office Supplies Pack of 6,Stationery & Office,198.03,130.81,99.0,0.0,0.0,0.0,Healthy,0.0,43298.11
SKU04221,181,94,41,0.0,0.0,PurePlus Frozen Meat Large,Frozen Foods,443.13,344.34,99.0,0.0,0.0,0.0,Healthy,0.0,62325.53999999999
SKU04222,8692,1945,699,0.0,0.0,PrimeCare Biscuits & Cookies 100g,Snacks & Confectionery,118.3,94.61,99.0,0.0,0.0,0.0,Healthy,0.0,822350.12
SKU04223,226,212,73,0.75,0.0,CityFresh Chips & Crisps 1L,Snacks & Confectionery,43.92,30.73,301.3333333333333,0.0,0.0,0.0,Healthy,0.0,6944.9800000000005
SKU04225,169,65,17,0.375,0.0,QuickBite Cheese Pack of 12,Dairy & Bakery,166.53,108.24,450.6666666666667,0.0,0.0,0.0,Healthy,0.0,18292.559999999998
SKU04226,461,229,87,0.0,0.0,ZestyCo First Aid Medium,Health & Wellness,372.26,205.53,99.0,0.0,0.0,0.0,Healthy,0.0,94749.33
SKU04227,80,28,6,0.0,0.0,ZestyCo Butter & Ghee 1L,Dairy & Bakery,283.28,205.61,99.0,0.0,0.0,0.0,Healthy,0.0,16448.800000000003
SKU04228,7249,1640,546,0.0,0.0,UrbanBite Yogurt 250g,Dairy & Bakery,79.26,62.1,99.0,0.0,0.0,0.0,Healthy,0.0,450162.9
SKU04229,142,58,29,0.25,0.0,ValueChoice Coffee 100g,Beverages,143.71,109.92,568.0,0.0,0.0,0.0,Healthy,0.0,15608.64
SKU04230,32,50,13,0.0,0.0,QuickBite Office Supplies 500g,Stationery & Office,164.23,126.4,99.0,0.0,0.0,0.0,Healthy,0.0,4044.8
SKU04231,155,61,24,0.5,0.0,CleanWave Notebooks 100g,Stationery & Office,25.75,16.75,310.0,0.0,0.0,0.0,Healthy,0.0,2596.25
SKU04233,247,181,45,0.0,0.0,SunriseFoods Bath & Body 100g,Personal Care,271.64,192.76,99.0,0.0,0.0,0.0,Healthy,0.0,47611.72
SKU04236,7621,1635,574,0.0,0.0,ValueChoice Small Appliances Small,Electronics & Accessories,1751.93,1215.6,99.0,0.0,0.0,0.0,Healthy,0.0,9264087.6
SKU04237,78,31,7,0.0,0.0,PurePlus Eggs Pack of 12,Dairy & Bakery,248.5,155.22,99.0,0.0,0.0,0.0,Healthy,0.0,12107.16
SKU04238,268,227,68,0.5,0.0,SunriseFoods Sugar & Salt 100g,Grocery,270.65,196.46,536.0,0.0,0.0,0.0,Healthy,0.0,52651.28
SKU04239,174,116,35,0.0,0.0,SoftTouch Oral Care Large,Personal Care,460.95,362.4,99.0,0.0,0.0,0.0,Healthy,0.0,63057.6
SKU04241,46,37,11,0.125,0.0,ZestyCo Biscuits & Cookies 250ml,Snacks & Confectionery,38.94,23.94,368.0,0.0,0.0,0.0,Healthy,0.0,1101.24
SKU04242,107,53,21,0.0,0.0,NatureBlend Kids Wear 250ml,Apparel & Footwear,1092.68,728.07,99.0,0.0,0.0,0.0,Healthy,0.0,77903.49
SKU04244,4751,1080,348,0.0,0.0,GreenValley Cooking Oil 500ml,Grocery,193.64,141.66,99.0,0.0,0.0,0.0,Healthy,0.0,673026.66
SKU04246,130,68,16,0.0,0.0,FamilyChoice Frozen Meat 500ml,Frozen Foods,580.11,395.29,99.0,0.0,0.0,0.0,Healthy,0.0,51387.700000000004
SKU04247,88,30,12,0.125,0.0,GoldenHarvest Cheese 250g,Dairy & Bakery,74.64,57.1,704.0,0.0,0.0,0.0,Healthy,0.0,5024.8
SKU04249,7206,1627,559,0.0,0.0,HealthFirst Sugar & Salt 2kg,Grocery,151.82,111.12,99.0,0.0,0.0,0.0,Healthy,0.0,800730.7200000001
SKU04250,8411,1835,637,0.0,0.0,PureLife OTC Medicine 1kg,Health & Wellness,1351.22,1040.59,99.0,0.0,0.0,0.0,Healthy,0.0,8752402.49
SKU04251,353,299,110,0.0,0.0,DailyBest Oral Care 250ml,Personal Care,184.58,138.24,99.0,0.0,0.0,0.0,Healthy,0.0,48798.72
SKU04253,20,54,12,0.0,0.0,CleanWave Men's Grooming Pack of 6,Personal Care,130.21,97.09,99.0,0.0,0.0,0.0,Healthy,0.0,1941.8000000000002
SKU04254,367,218,76,0.0,0.0,CleanWave Writing Instruments 250g,Stationery & Office,105.82,71.91,99.0,0.0,0.0,0.0,Healthy,0.0,26390.969999999998
SKU04256,36,85,37,0.0,0.0,NovaFresh Storage & Containers Family Pack,Home & Kitchen,1909.53,1065.44,99.0,0.0,0.0,0.0,Healthy,0.0,38355.840000000004
SKU04258,260,132,56,0.125,0.0,CityFresh Biscuits & Cookies 2kg,Snacks & Confectionery,47.15,33.47,2080.0,0.0,0.0,0.0,Healthy,0.0,8702.199999999999
SKU04259,462,239,87,0.625,0.0,FamilyChoice Cheese 1L,Dairy & Bakery,127.11,78.66,739.2,0.0,0.0,0.0,Healthy,0.0,36340.92
SKU04261,7434,1628,599,0.0,0.0,CityFresh Energy Drinks 2kg,Beverages,100.41,75.48,99.0,0.0,0.0,0.0,Healthy,0.0,561118.3200000001
SKU04262,89,39,19,0.0,0.0,PrimeCare Vitamins & Supplements 250g,Health & Wellness,726.24,419.63,99.0,0.0,0.0,0.0,Healthy,0.0,37347.07
SKU04263,334,168,55,0.0,0.0,NutriPlus Men's Grooming 500ml,Personal Care,284.31,176.54,99.0,0.0,0.0,0.0,Healthy,0.0,58964.36
SKU04265,5423,1142,371,0.0,0.0,PurePlus Surface Cleaners 2L,Home Care,83.19,46.39,99.0,0.0,0.0,0.0,Healthy,0.0,251572.97
SKU04266,337,148,61,0.0,0.0,PurePlus Surface Cleaners Large,Home Care,188.77,128.35,99.0,0.0,0.0,0.0,Healthy,0.0,43253.95
SKU04267,261,144,37,0.25,0.0,FamilyChoice Surface Cleaners Pack of 12,Home Care,489.41,279.63,1044.0,0.0,0.0,0.0,Healthy,0.0,72983.43
SKU04269,0,22,6,0.0,0.0,CleanWave Mobile Accessories 500ml,Electronics & Accessories,2740.73,1942.21,99.0,0.0,0.0,0.0,Healthy,0.0,0.0
SKU04270,369,187,69,0.625,0.0,NutriPlus Bottled Water Pack of 6,Beverages,151.93,106.68,590.4,0.0,0.0,0.0,Healthy,0.0,39364.920000000006
SKU04272,26,20,9,0.0,0.0,MetroBrand Office Supplies Medium,Stationery & Office,238.28,174.22,99.0,0.0,0.0,0.0,Healthy,0.0,4529.72
SKU04273,0,1369,485,0.0,0.0,CityFresh Women's Wear 1L,Apparel & Footwear,1786.15,1117.09,99.0,0.0,0.0,0.0,Healthy,0.0,0.0
SKU04276,144,120,46,0.125,0.0,QuickBite Storage & Containers Medium,Home & Kitchen,1212.48,695.99,1152.0,0.0,0.0,0.0,Healthy,0.0,100222.56
SKU04277,381,181,56,0.0,0.0,CityFresh Butter & Ghee 500ml,Dairy & Bakery,288.73,172.8,99.0,0.0,0.0,0.0,Healthy,0.0,65836.8
SKU04281,6997,1593,496,0.0,0.0,FamilyChoice Notebooks Pack of 6,Stationery & Office,234.97,180.87,99.0,0.0,0.0,0.0,Healthy,0.0,1265547.3900000001
SKU04282,213,118,51,0.0,0.0,DailyBest Juices 1L,Beverages,160.02,110.2,99.0,0.0,0.0,0.0,Healthy,0.0,23472.600000000002
SKU04283,136,80,25,0.125,0.0,SmartBuy Home Decor 1kg,Home & Kitchen,1868.67,1318.43,1088.0,0.0,0.0,0.0,Healthy,0.0,179306.48
SKU04284,203,190,61,0.125,0.0,PureLife Bottled Water 1kg,Beverages,89.66,55.76,1624.0,0.0,0.0,0.0,Healthy,0.0,11319.279999999999
SKU04287,12,88,39,0.0,0.0,SmartBuy Vitamins & Supplements Pack of 6,Health & Wellness,857.39,483.15,99.0,0.0,0.0,0.0,Healthy,0.0,5797.799999999999
SKU04292,7275,1650,558,0.0,0.0,CrispKing Oral Care Pack of 12,Personal Care,175.78,130.29,99.0,0.0,0.0,0.0,Healthy,0.0,947859.75
SKU04293,72,50,12,0.0,0.0,EverydayPlus Mobile Accessories Medium,Electronics & Accessories,907.97,698.75,99.0,0.0,0.0,0.0,Healthy,0.0,50310.0
SKU04295,84,102,29,0.0,0.0,UrbanBite Small Appliances 100g,Electronics & Accessories,2337.99,1410.81,99.0,0.0,0.0,0.0,Healthy,0.0,118508.04
SKU04296,70,26,7,0.0,0.0,MetroBrand Hair Care 1L,Personal Care,315.31,218.56,99.0,0.0,0.0,0.0,Healthy,0.0,15299.2
SKU04297,257,162,72,0.0,0.0,HealthFirst Yogurt 100g,Dairy & Bakery,327.55,188.29,99.0,0.0,0.0,0.0,Healthy,0.0,48390.53
SKU04298,189,91,39,0.0,0.0,UrbanBite Namkeen 250ml,Snacks & Confectionery,120.34,77.51,99.0,0.0,0.0,0.0,Healthy,0.0,14649.390000000001
SKU04302,69,30,8,0.0,0.0,GreenValley Butter & Ghee Medium,Dairy & Bakery,174.83,138.82,99.0,0.0,0.0,0.0,Healthy,0.0,9578.58
SKU04303,453,195,78,0.125,0.0,TrueTaste Air Fresheners 100g,Home Care,205.17,116.74,3624.0,0.0,0.0,0.0,Healthy,0.0,52883.22
SKU04304,99,76,28,0.0,0.0,NovaFresh Small Appliances 1kg,Electronics & Accessories,393.38,236.61,99.0,0.0,0.0,0.0,Healthy,0.0,23424.390000000003
SKU04306,282,212,72,0.0,0.0,ZestyCo Pulses & Lentils 1kg,Grocery,162.94,91.16,99.0,0.0,0.0,0.0,Healthy,0.0,25707.12
SKU04307,369,287,93,0.125,0.0,PremiumSelect Vitamins & Supplements 250ml,Health & Wellness,278.81,159.82,2952.0,0.0,0.0,0.0,Healthy,0.0,58973.579999999994
SKU04308,87,35,13,0.0,0.0,HomeStyle Flour & Atta Pack of 6,Grocery,149.95,116.24,99.0,0.0,0.0,0.0,Healthy,0.0,10112.88
SKU04313,247,178,60,0.0,0.0,DailyBest First Aid 500g,Health & Wellness,644.69,485.22,99.0,0.0,0.0,0.0,Healthy,0.0,119849.34000000001
SKU04314,203,141,59,0.0,0.0,CrispKing OTC Medicine 250ml,Health & Wellness,567.99,430.25,99.0,0.0,0.0,0.0,Healthy,0.0,87340.75
SKU04317,212,113,39,0.25,0.0,QuickBite Kids Wear 250ml,Apparel & Footwear,1598.65,1235.9,848.0,0.0,0.0,0.0,Healthy,0.0,262010.80000000002
SKU04319,6711,1488,527,0.0,0.0,HealthFirst Home Decor 100g,Home & Kitchen,806.99,549.53,99.0,0.0,0.0,0.0,Healthy,0.0,3687895.8299999996
SKU04320,239,121,41,0.0,0.0,NutriPlus Small Appliances 250g,Electronics & Accessories,2952.52,1913.53,99.0,0.0,0.0,0.0,Healthy,0.0,457333.67
SKU04321,260,1026,321,52.125,301.8270998677249,EliteHome Hair Care Pack of 6,Personal Care,961.3,658.32,4.988009592326139,0.0,0.0,0.0,Healthy,0.0,0.0
SKU04322,130,105,36,0.0,0.0,HealthFirst Home Decor 2L,Home & Kitchen,511.19,313.04,99.0,0.0,0.0,0.0,Healthy,0.0,40695.200000000004
SKU04324,3,27,13,0.0,0.0,CleanWave Coffee 100g,Beverages,86.49,62.4,99.0,0.0,0.0,0.0,Healthy,0.0,187.2
SKU04325,77,32,12,0.125,0.0,MetroBrand Cookware 500ml,Home & Kitchen,2888.57,1885.77,616.0,0.0,0.0,0.0,Healthy,0.0,145204.29
SKU04326,193,111,42,0.25,0.0,NutriPlus Milk 500g,Dairy & Bakery,165.63,119.46,772.0,0.0,0.0,0.0,Healthy,0.0,23055.78
SKU04327,114,167,58,0.0,0.0,BasicNeeds Writing Instruments 250ml,Stationery & Office,49.9,36.66,99.0,0.0,0.0,0.0,Healthy,0.0,4179.24
SKU04328,146,207,76,0.0,0.0,SunriseFoods Skin Care Pack of 6,Personal Care,155.77,115.02,99.0,0.0,0.0,0.0,Healthy,0.0,16792.92
SKU04330,64,42,17,0.0,0.0,PremiumSelect Ice Cream Pack of 6,Frozen Foods,456.24,271.96,99.0,0.0,0.0,0.0,Healthy,0.0,17405.44
SKU04333,238,210,93,0.0,0.0,GreenValley Cookware 500ml,Home & Kitchen,777.72,446.08,99.0,0.0,0.0,0.0,Healthy,0.0,106167.04
SKU04334,7084,1570,554,0.5,0.0,FreshFarm Pulses & Lentils 250ml,Grocery,287.82,222.77,14168.0,0.0,0.0,0.0,Healthy,0.0,1578102.6800000002
SKU04335,132,180,63,0.0,0.0,EverydayPlus Surface Cleaners 250g,Home Care,284.74,223.61,99.0,0.0,0.0,0.0,Healthy,0.0,29516.52
SKU04336,184,92,35,0.125,0.0,SparkleClean Bath & Body 2L,Personal Care,831.58,596.29,1472.0,0.0,0.0,0.0,Healthy,0.0,109717.35999999999
SKU04338,268,116,25,0.625,0.0,BasicNeeds Cheese Pack of 6,Dairy & Bakery,163.32,116.52,428.8,0.0,0.0,0.0,Healthy,0.0,31227.36
SKU04340,493,293,126,0.0,0.0,EverydayPlus Skin Care Medium,Personal Care,328.65,205.71,99.0,0.0,0.0,0.0,Healthy,0.0,101415.03
SKU04342,95,41,18,0.0,0.0,CityFresh Chips & Crisps Small,Snacks & Confectionery,60.73,44.41,99.0,0.0,0.0,0.0,Healthy,0.0,4218.95
SKU04343,110,83,26,0.0,0.0,UrbanBite Batteries 1kg,Electronics & Accessories,2601.67,1799.5,99.0,0.0,0.0,0.0,Healthy,0.0,197945.0
SKU04344,34,66,32,0.0,0.0,FamilyChoice Butter & Ghee Pack of 6,Dairy & Bakery,201.81,133.74,99.0,0.0,0.0,0.0,Healthy,0.0,4547.16
SKU04347,213,99,25,0.0,0.0,PremiumSelect Butter & Ghee 500ml,Dairy & Bakery,305.95,202.93,99.0,0.0,0.0,0.0,Healthy,0.0,43224.090000000004
SKU04348,16,1075,390,0.125,0.0,HealthFirst Men's Grooming Medium,Personal Care,274.76,183.92,128.0,0.0,0.0,0.0,Healthy,0.0,2942.72
SKU04349,324,174,59,0.0,0.0,CityFresh Candy Pack of 6,Snacks & Confectionery,69.0,39.63,99.0,0.0,0.0,0.0,Healthy,0.0,12840.12
SKU04351,168,64,22,0.0,0.0,NutriPlus Small Appliances 1kg,Electronics & Accessories,3226.69,1826.34,99.0,0.0,0.0,0.0,Healthy,0.0,306825.12
SKU04352,7623,1594,559,0.0,0.0,ValueChoice Frozen Vegetables Family Pack,Frozen Foods,611.27,454.77,99.0,0.0,0.0,0.0,Healthy,0.0,3466711.71
SKU04353,74,58,18,0.0,0.0,MetroBrand Notebooks Large,Stationery & Office,225.63,153.55,99.0,0.0,0.0,0.0,Healthy,0.0,11362.7
SKU04354,132,94,30,0.0,0.0,MetroBrand Kids Wear Large,Apparel & Footwear,1741.96,1306.26,99.0,0.0,0.0,0.0,Healthy,0.0,172426.32
SKU04355,95,88,19,0.0,0.0,FreshFarm Rice & Grains 250ml,Grocery,84.69,55.67,99.0,0.0,0.0,0.0,Healthy,0.0,5288.650000000001
SKU04357,386,172,59,0.0,0.0,CleanWave Cheese Medium,Dairy & Bakery,332.16,207.56,99.0,0.0,0.0,0.0,Healthy,0.0,80118.16
SKU04360,230,147,48,0.0,0.0,ValueChoice Office Supplies Pack of 6,Stationery & Office,133.98,100.11,99.0,0.0,0.0,0.0,Healthy,0.0,23025.3
SKU04361,97,42,20,0.25,0.0,NutriPlus Cheese Pack of 6,Dairy & Bakery,257.41,149.08,388.0,0.0,0.0,0.0,Healthy,0.0,14460.760000000002
SKU04362,14,1549,536,0.0,0.0,PurePlus Ice Cream 500ml,Frozen Foods,233.42,151.73,99.0,0.0,0.0,0.0,Healthy,0.0,2124.22
SKU04363,73,81,33,0.0,0.0,ZestyCo Bottled Water Family Pack,Beverages,151.12,86.58,99.0,0.0,0.0,0.0,Healthy,0.0,6320.34
SKU04364,1075,479,169,0.0,0.0,EverydayPlus Storage & Containers Small,Home & Kitchen,2159.21,1398.87,99.0,0.0,0.0,0.0,Healthy,0.0,1503785.2499999998
SKU04365,300,181,81,0.0,0.0,SoftTouch Storage & Containers 100g,Home & Kitchen,1774.69,1234.53,99.0,0.0,0.0,0.0,Healthy,0.0,370359.0
SKU04368,28,75,34,0.0,0.0,SparkleClean Rice & Grains 250g,Grocery,303.19,222.13,99.0,0.0,0.0,0.0,Healthy,0.0,6219.639999999999
SKU04369,735,356,104,0.5,0.0,CleanWave Small Appliances Small,Electronics & Accessories,1681.45,1096.09,1470.0,0.0,0.0,0.0,Healthy,0.0,805626.1499999999
SKU04370,357,276,104,0.0,0.0,PurePlus Pest Control 1kg,Home Care,396.28,252.77,99.0,0.0,0.0,0.0,Healthy,0.0,90238.89
SKU04375,116,84,34,0.0,0.0,SmartBuy Women's Wear 100g,Apparel & Footwear,1761.68,1140.53,99.0,0.0,0.0,0.0,Healthy,0.0,132301.48
SKU04377,122,70,31,0.0,0.0,CrispKing Spices & Seasoning Large,Grocery,152.67,99.15,99.0,0.0,0.0,0.0,Healthy,0.0,12096.300000000001
SKU04378,312,179,54,0.0,0.0,NovaFresh Tea 2kg,Beverages,224.62,167.64,99.0,0.0,0.0,0.0,Healthy,0.0,52303.67999999999
SKU04379,114,144,57,0.0,0.0,TrueTaste Laundry Family Pack,Home Care,375.7,209.36,99.0,0.0,0.0,0.0,Healthy,0.0,23867.04
SKU04383,70,54,22,0.0,0.0,CityFresh Batteries Family Pack,Electronics & Accessories,1576.66,1254.99,99.0,0.0,0.0,0.0,Healthy,0.0,87849.3
SKU04384,343,179,60,0.0,0.0,ZestyCo Kids Wear 1kg,Apparel & Footwear,1615.0,1000.89,99.0,0.0,0.0,0.0,Healthy,0.0,343305.27
SKU04388,5379,1299,416,0.0,0.0,SmartBuy Mobile Accessories Pack of 12,Electronics & Accessories,1796.48,1058.38,99.0,0.0,0.0,0.0,Healthy,0.0,5693026.0200000005
SKU04389,233,93,41,0.0,0.0,PureLife Storage & Containers 500ml,Home & Kitchen,363.35,252.82,99.0,0.0,0.0,0.0,Healthy,0.0,58907.06
SKU04391,212,87,22,0.0,0.0,GoldenHarvest Vitamins & Supplements Large,Health & Wellness,1303.04,1024.2,99.0,0.0,0.0,0.0,Healthy,0.0,217130.40000000002
SKU04394,129,100,43,0.0,0.0,SmartBuy First Aid Small,Health & Wellness,260.92,158.72,99.0,0.0,0.0,0.0,Healthy,0.0,20474.88
SKU04395,32,33,7,0.25,0.0,CleanWave Air Fresheners 250g,Home Care,421.34,242.05,128.0,0.0,0.0,0.0,Healthy,0.0,7745.6
SKU04398,636,418,111,0.0,0.0,GoldenHarvest Storage & Containers 2L,Home & Kitchen,538.69,409.32,99.0,0.0,0.0,0.0,Healthy,0.0,260327.52
SKU04400,330,157,60,0.0,0.0,SparkleClean Cookware Small,Home & Kitchen,1119.54,663.9,99.0,0.0,0.0,0.0,Healthy,0.0,219087.0
SKU04401,7220,1621,547,0.125,0.0,CrispKing Spices & Seasoning 500g,Grocery,194.32,117.79,57760.0,0.0,0.0,0.0,Healthy,0.0,850443.8
SKU04403,233,209,68,0.0,0.0,DailyBest Bottled Water 500ml,Beverages,108.77,68.31,99.0,0.0,0.0,0.0,Healthy,0.0,15916.230000000001
SKU04404,394,185,44,0.125,0.0,SoftTouch Frozen Meat 250g,Frozen Foods,240.58,143.16,3152.0,0.0,0.0,0.0,Healthy,0.0,56405.04
SKU04408,16,24,9,0.625,0.0,NutriPlus Cookware Pack of 12,Home & Kitchen,667.56,528.25,25.6,0.0,0.0,0.0,Healthy,0.0,8452.0
SKU04409,7772,1688,570,0.0,0.0,SunriseFoods Footwear 2kg,Apparel & Footwear,2585.87,1975.87,99.0,0.0,0.0,0.0,Healthy,0.0,15356461.639999999
SKU04411,333,236,93,0.0,0.0,UrbanBite Surface Cleaners 500ml,Home Care,412.29,304.41,99.0,0.0,0.0,0.0,Healthy,0.0,101368.53000000001
SKU04412,6871,1535,546,0.0,0.0,SparkleClean Dishwashing 500g,Home Care,520.37,348.67,99.0,0.0,0.0,0.0,Healthy,0.0,2395711.5700000003
SKU04414,9126,1888,666,0.125,0.0,DailyBest Candy 1L,Snacks & Confectionery,167.57,117.64,73008.0,0.0,0.0,0.0,Healthy,0.0,1073582.64
SKU04415,453,240,86,0.0,0.0,SparkleClean Home Decor 250ml,Home & Kitchen,665.01,399.67,99.0,0.0,0.0,0.0,Healthy,0.0,181050.51
SKU04419,110,86,32,0.25,0.0,UrbanBite Butter & Ghee 250g,Dairy & Bakery,61.65,41.35,440.0,0.0,0.0,0.0,Healthy,0.0,4548.5
SKU04420,15,21,6,0.0,0.0,SmartBuy Candy 1L,Snacks & Confectionery,128.23,88.61,99.0,0.0,0.0,0.0,Healthy,0.0,1329.15
SKU04421,401,192,57,0.125,0.0,HomeStyle Small Appliances 100g,Electronics & Accessories,3670.67,2520.92,3208.0,0.0,0.0,0.0,Healthy,0.0,1010888.92
SKU04425,4310,1014,342,0.0,0.0,NatureBlend Small Appliances 2L,Electronics & Accessories,851.2,537.17,99.0,0.0,0.0,0.0,Healthy,0.0,2315202.6999999997
SKU04427,37,110,47,0.0,0.0,ZestyCo Cooking Oil 250ml,Grocery,149.59,95.4,99.0,0.0,0.0,0.0,Healthy,0.0,3529.8
SKU04428,661,310,109,0.0,0.0,EliteHome Chips & Crisps 1kg,Snacks & Confectionery,64.16,48.34,99.0,0.0,0.0,0.0,Healthy,0.0,31952.74
SKU04429,20,58,12,0.0,0.0,PremiumSelect Milk Pack of 12,Dairy & Bakery,206.49,162.5,99.0,0.0,0.0,0.0,Healthy,0.0,3250.0
SKU04430,139,48,16,0.0,0.0,HomeStyle Eggs Large,Dairy & Bakery,132.15,80.68,99.0,0.0,0.0,0.0,Healthy,0.0,11214.52
SKU04431,75,118,31,0.375,0.0,HomeStyle Chocolates Pack of 6,Snacks & Confectionery,38.21,29.51,200.0,0.0,0.0,0.0,Healthy,0.0,2213.25
SKU04432,88,100,35,0.25,0.0,SoftTouch Writing Instruments 1kg,Stationery & Office,340.8,248.42,352.0,0.0,0.0,0.0,Healthy,0.0,21860.96
SKU04433,433,290,105,0.125,0.0,CrispKing Coffee Medium,Beverages,90.88,63.32,3464.0,0.0,0.0,0.0,Healthy,0.0,27417.56
SKU04434,50,74,24,0.0,0.0,FreshFarm Mobile Accessories 250g,Electronics & Accessories,790.43,460.5,99.0,0.0,0.0,0.0,Healthy,0.0,23025.0
SKU04436,133,163,50,0.0,0.0,BasicNeeds Vitamins & Supplements 100g,Health & Wellness,671.85,536.7,99.0,0.0,0.0,0.0,Healthy,0.0,71381.1
SKU04437,49,37,14,0.0,0.0,HealthFirst Candy Medium,Snacks & Confectionery,24.41,17.38,99.0,0.0,0.0,0.0,Healthy,0.0,851.62
SKU04438,200,156,38,0.0,0.0,UrbanBite Yogurt 100g,Dairy & Bakery,146.23,102.06,99.0,0.0,0.0,0.0,Healthy,0.0,20412.0
SKU04439,35,52,13,0.125,0.0,ValueChoice First Aid 2L,Health & Wellness,1440.53,805.12,280.0,0.0,0.0,0.0,Healthy,0.0,28179.2
SKU04440,392,275,96,0.375,0.0,QuickBite Cheese 500g,Dairy & Bakery,267.24,168.42,1045.3333333333333,0.0,0.0,0.0,Healthy,0.0,66020.64
SKU04441,81,89,34,0.0,0.0,NutriPlus Mobile Accessories 1kg,Electronics & Accessories,4156.79,2793.52,99.0,0.0,0.0,0.0,Healthy,0.0,226275.12
SKU04442,7864,1634,584,0.0,0.0,CityFresh Pulses & Lentils Pack of 6,Grocery,270.65,192.27,99.0,0.0,0.0,0.0,Healthy,0.0,1512011.28
SKU04443,8071,1725,640,0.0,0.0,QuickBite Sugar & Salt Medium,Grocery,152.19,116.32,99.0,0.0,0.0,0.0,Healthy,0.0,938818.72
SKU04445,311,155,54,0.0,0.0,NovaFresh First Aid 500g,Health & Wellness,975.78,603.63,99.0,0.0,0.0,0.0,Healthy,0.0,187728.93
SKU04449,162,157,59,0.0,0.0,SoftTouch Writing Instruments 500g,Stationery & Office,220.79,138.29,99.0,0.0,0.0,0.0,Healthy,0.0,22402.98
SKU04450,315,248,96,0.0,0.0,QuickBite Small Appliances 500ml,Electronics & Accessories,507.9,376.68,99.0,0.0,0.0,0.0,Healthy,0.0,118654.2
SKU04451,26,27,10,0.375,0.0,CrispKing Writing Instruments 2kg,Stationery & Office,60.61,39.6,69.33333333333333,0.0,0.0,0.0,Healthy,0.0,1029.6000000000001
SKU04454,129,181,73,0.625,0.0,QuickBite Men's Wear Pack of 6,Apparel & Footwear,2848.95,1620.64,206.4,0.0,0.0,0.0,Healthy,0.0,209062.56000000003
SKU04455,810,405,137,0.0,0.0,GreenValley Chocolates 500g,Snacks & Confectionery,143.47,104.4,99.0,0.0,0.0,0.0,Healthy,0.0,84564.0
SKU04457,315,179,58,0.0,0.0,SmartBuy Biscuits & Cookies 100g,Snacks & Confectionery,60.85,34.56,99.0,0.0,0.0,0.0,Healthy,0.0,10886.400000000001
SKU04458,213,189,57,0.0,0.0,SunriseFoods Surface Cleaners Pack of 12,Home Care,159.55,98.75,99.0,0.0,0.0,0.0,Healthy,0.0,21033.75
SKU04462,323,193,82,0.0,0.0,EverydayPlus Eggs Large,Dairy & Bakery,191.58,135.99,99.0,0.0,0.0,0.0,Healthy,0.0,43924.770000000004
SKU04463,119,206,72,0.0,0.0,NovaFresh Men's Wear 1L,Apparel & Footwear,1282.18,889.63,99.0,0.0,0.0,0.0,Healthy,0.0,105865.97
SKU04464,391,199,73,0.0,0.0,DailyBest Frozen Meat Pack of 12,Frozen Foods,281.56,209.85,99.0,0.0,0.0,0.0,Healthy,0.0,82051.34999999999
SKU04465,52,25,7,0.25,0.0,BasicNeeds Ice Cream 1kg,Frozen Foods,307.29,228.36,208.0,0.0,0.0,0.0,Healthy,0.0,11874.720000000001
SKU04466,116,61,17,0.125,0.0,HealthFirst Surface Cleaners 100g,Home Care,224.59,172.39,928.0,0.0,0.0,0.0,Healthy,0.0,19997.239999999998
SKU04468,5088,1146,383,0.0,0.0,GreenValley First Aid 500ml,Health & Wellness,570.35,364.44,99.0,0.0,0.0,0.0,Healthy,0.0,1854270.72
SKU04469,59,124,35,0.0,0.0,HomeStyle First Aid 2kg,Health & Wellness,496.08,337.91,99.0,0.0,0.0,0.0,Healthy,0.0,19936.690000000002
SKU04470,4487,1068,408,0.0,0.0,SoftTouch Storage & Containers Small,Home & Kitchen,2062.67,1387.45,99.0,0.0,0.0,0.0,Healthy,0.0,6225488.15
SKU04471,63,52,15,0.0,0.0,CrispKing Vitamins & Supplements Small,Health & Wellness,1515.36,874.31,99.0,0.0,0.0,0.0,Healthy,0.0,55081.53
SKU04472,289,286,65,0.0,0.0,SoftTouch Writing Instruments 2kg,Stationery & Office,153.69,115.72,99.0,0.0,0.0,0.0,Healthy,0.0,33443.08
SKU04473,221,83,19,0.0,0.0,ValueChoice Men's Wear 500ml,Apparel & Footwear,1577.0,1227.24,99.0,0.0,0.0,0.0,Healthy,0.0,271220.04
SKU04474,403,173,52,0.375,0.0,FreshFarm Spices & Seasoning 250ml,Grocery,168.07,133.8,1074.6666666666667,0.0,0.0,0.0,Healthy,0.0,53921.4
SKU04475,9740,2147,746,0.0,0.0,GreenValley Men's Grooming Pack of 12,Personal Care,146.88,89.89,99.0,0.0,0.0,0.0,Healthy,0.0,875528.6
SKU04477,134,73,18,0.25,0.0,SparkleClean Cooking Oil Pack of 6,Grocery,97.54,56.35,536.0,0.0,0.0,0.0,Healthy,0.0,7550.900000000001
SKU04478,7,115,35,0.375,0.0,NutriPlus Candy 100g,Snacks & Confectionery,165.95,124.64,18.666666666666668,0.0,0.0,0.0,Healthy,0.0,872.48
SKU04479,355,151,69,0.5,0.0,ZestyCo Kids Wear 250ml,Apparel & Footwear,1328.83,940.73,710.0,0.0,0.0,0.0,Healthy,0.0,333959.15
SKU04480,115,84,30,0.0,0.0,ZestyCo Oral Care Family Pack,Personal Care,584.24,431.77,99.0,0.0,0.0,0.0,Healthy,0.0,49653.549999999996
SKU04481,581,319,139,0.5,0.0,EliteHome Soft Drinks 250ml,Beverages,144.61,112.26,1162.0,0.0,0.0,0.0,Healthy,0.0,65223.060000000005
SKU04482,144,186,64,0.0,0.0,HomeStyle Milk 500g,Dairy & Bakery,111.71,67.76,99.0,0.0,0.0,0.0,Healthy,0.0,9757.44
SKU04483,491,283,111,0.0,0.0,PremiumSelect Cheese 500g,Dairy & Bakery,337.04,216.05,99.0,0.0,0.0,0.0,Healthy,0.0,106080.55
SKU04485,33,79,23,0.0,0.0,NovaFresh Coffee Small,Beverages,280.12,172.23,99.0,0.0,0.0,0.0,Healthy,0.0,5683.589999999999
SKU04486,431,240,84,0.0,0.0,CityFresh Kids Wear 100g,Apparel & Footwear,1402.38,948.72,99.0,0.0,0.0,0.0,Healthy,0.0,408898.32
SKU04487,8,27,8,0.0,0.0,NovaFresh Footwear 2L,Apparel & Footwear,2192.04,1448.64,99.0,0.0,0.0,0.0,Healthy,0.0,11589.12
SKU04488,460,250,73,0.0,0.0,EverydayPlus Surface Cleaners 250ml,Home Care,267.57,186.98,99.0,0.0,0.0,0.0,Healthy,0.0,86010.79999999999
SKU04490,131,142,70,0.0,0.0,ZestyCo Writing Instruments Large,Stationery & Office,300.33,172.97,99.0,0.0,0.0,0.0,Healthy,0.0,22659.07
SKU04491,8762,1839,638,0.125,0.0,CrispKing Storage & Containers Small,Home & Kitchen,1022.9,686.53,70096.0,0.0,0.0,0.0,Healthy,0.0,6015375.859999999
SKU04492,24,70,34,0.0,0.0,PurePlus Spices & Seasoning Medium,Grocery,166.43,131.44,99.0,0.0,0.0,0.0,Healthy,0.0,3154.56
SKU04493,510,305,108,0.0,0.0,SparkleClean Writing Instruments Family Pack,Stationery & Office,52.07,33.17,99.0,0.0,0.0,0.0,Healthy,0.0,16916.7
SKU04494,379,220,86,0.0,0.0,PurePlus Pulses & Lentils Large,Grocery,82.11,60.36,99.0,0.0,0.0,0.0,Healthy,0.0,22876.44
SKU04495,488,261,118,0.125,0.0,SunriseFoods Cooking Oil Pack of 12,Grocery,266.02,208.11,3904.0,0.0,0.0,0.0,Healthy,0.0,101557.68000000001
SKU04497,4,80,22,0.25,0.0,CityFresh Batteries Pack of 12,Electronics & Accessories,2310.89,1318.0,16.0,0.0,0.0,0.0,Healthy,0.0,5272.0
SKU04498,342,192,68,0.0,0.0,SmartBuy Spices & Seasoning 500ml,Grocery,338.51,192.59,99.0,0.0,0.0,0.0,Healthy,0.0,65865.78
SKU04499,5445,1376,434,0.0,0.0,BasicNeeds Yogurt 500g,Dairy & Bakery,310.76,176.59,99.0,0.0,0.0,0.0,Healthy,0.0,961532.55
SKU04500,214,154,60,0.0,0.0,SparkleClean Butter & Ghee 250ml,Dairy & Bakery,157.68,100.54,99.0,0.0,0.0,0.0,Healthy,0.0,21515.56
SKU04502,65,71,25,0.0,0.0,CleanWave Writing Instruments 100g,Stationery & Office,44.87,29.22,99.0,0.0,0.0,0.0,Healthy,0.0,1899.3
SKU04503,375,175,71,0.0,0.0,UrbanBite Yogurt Medium,Dairy & Bakery,149.26,110.23,99.0,0.0,0.0,0.0,Healthy,0.0,41336.25
SKU04504,3152,867,277,0.0,0.0,CityFresh Chips & Crisps Large,Snacks & Confectionery,195.03,121.81,99.0,0.0,0.0,0.0,Healthy,0.0,383945.12
SKU04505,8730,1886,699,0.0,0.0,SoftTouch Energy Drinks 500ml,Beverages,120.68,80.84,99.0,0.0,0.0,0.0,Healthy,0.0,705733.2000000001
SKU04506,595,408,155,0.0,0.0,PrimeCare Chocolates 1L,Snacks & Confectionery,84.16,48.97,99.0,0.0,0.0,0.0,Healthy,0.0,29137.149999999998
SKU04510,224,109,40,0.0,0.0,PrimeCare Pest Control 1L,Home Care,381.82,301.13,99.0,0.0,0.0,0.0,Healthy,0.0,67453.12
SKU04511,501,277,103,0.125,0.0,EliteHome Men's Wear 2kg,Apparel & Footwear,1370.63,1017.56,4008.0,0.0,0.0,0.0,Healthy,0.0,509797.56
SKU04513,207,203,86,0.0,0.0,DailyBest Soft Drinks 500g,Beverages,129.12,94.35,99.0,0.0,0.0,0.0,Healthy,0.0,19530.449999999997
SKU04516,721,404,151,0.0,0.0,CleanWave Kids Wear Pack of 12,Apparel & Footwear,1767.67,1193.17,99.0,0.0,0.0,0.0,Healthy,0.0,860275.5700000001
SKU04518,349,190,68,0.0,0.0,QuickBite Coffee Pack of 12,Beverages,137.78,108.98,99.0,0.0,0.0,0.0,Healthy,0.0,38034.020000000004
SKU04519,272,212,50,0.0,0.0,ValueChoice Mobile Accessories 100g,Electronics & Accessories,1350.52,947.15,99.0,0.0,0.0,0.0,Healthy,0.0,257624.8
SKU04520,37,29,7,0.0,0.0,SoftTouch Dishwashing Medium,Home Care,258.45,166.47,99.0,0.0,0.0,0.0,Healthy,0.0,6159.39
SKU04521,479,389,145,0.0,0.0,SmartBuy Coffee 500ml,Beverages,46.06,33.6,99.0,0.0,0.0,0.0,Healthy,0.0,16094.400000000001
SKU04522,470,215,94,0.25,0.0,SmartBuy Small Appliances 100g,Electronics & Accessories,754.02,546.11,1880.0,0.0,0.0,0.0,Healthy,0.0,256671.7
SKU04523,447,196,70,0.0,0.0,HomeStyle Candy 2L,Snacks & Confectionery,175.54,107.41,99.0,0.0,0.0,0.0,Healthy,0.0,48012.27
SKU04524,5,74,35,0.0,0.0,QuickBite Cookware 500g,Home & Kitchen,1741.19,1147.23,99.0,0.0,0.0,0.0,Healthy,0.0,5736.15
SKU04525,215,149,41,0.0,0.0,CityFresh Women's Wear 500ml,Apparel & Footwear,2000.16,1167.1,99.0,0.0,0.0,0.0,Healthy,0.0,250926.49999999997
SKU04526,7995,1797,619,0.0,0.0,SunriseFoods Skin Care 1L,Personal Care,318.07,206.93,99.0,0.0,0.0,0.0,Healthy,0.0,1654405.35
SKU04527,345,295,104,0.0,0.0,NovaFresh Ready Meals 250g,Frozen Foods,956.58,708.53,99.0,0.0,0.0,0.0,Healthy,0.0,244442.84999999998
SKU04528,77,87,26,0.0,0.0,GreenValley Frozen Vegetables Medium,Frozen Foods,388.54,244.19,99.0,0.0,0.0,0.0,Healthy,0.0,18802.63
SKU04530,296,147,40,0.0,0.0,SmartBuy Rice & Grains Family Pack,Grocery,243.09,153.61,99.0,0.0,0.0,0.0,Healthy,0.0,45468.560000000005
SKU04533,165,186,53,0.0,0.0,SunriseFoods Batteries Medium,Electronics & Accessories,1847.12,1288.05,99.0,0.0,0.0,0.0,Healthy,0.0,212528.25
SKU04535,142,106,35,0.0,0.0,NutriPlus Ice Cream Large,Frozen Foods,346.7,249.53,99.0,0.0,0.0,0.0,Healthy,0.0,35433.26
SKU04540,497,231,72,0.125,0.0,ZestyCo Batteries 1kg,Electronics & Accessories,1978.18,1457.18,3976.0,0.0,0.0,0.0,Healthy,0.0,724218.4600000001
SKU04541,133,80,24,0.0,0.0,SparkleClean Rice & Grains 2L,Grocery,91.46,63.57,99.0,0.0,0.0,0.0,Healthy,0.0,8454.81
SKU04543,806,462,170,0.0,0.0,NovaFresh Writing Instruments Family Pack,Stationery & Office,62.88,42.97,99.0,0.0,0.0,0.0,Healthy,0.0,34633.82
SKU04546,186,67,23,0.0,0.0,SunriseFoods Storage & Containers 250ml,Home & Kitchen,1929.18,1376.72,99.0,0.0,0.0,0.0,Healthy,0.0,256069.92
SKU04548,3,41,10,0.0,0.0,GoldenHarvest Soft Drinks 250ml,Beverages,139.81,79.17,99.0,0.0,0.0,0.0,Healthy,0.0,237.51
SKU04549,42,24,9,0.0,0.0,ZestyCo Eggs 100g,Dairy & Bakery,106.08,73.67,99.0,0.0,0.0,0.0,Healthy,0.0,3094.14
SKU04550,21,126,32,0.0,0.0,GreenValley Spices & Seasoning 100g,Grocery,155.92,120.35,99.0,0.0,0.0,0.0,Healthy,0.0,2527.35
SKU04552,308,136,44,0.0,0.0,PurePlus Pulses & Lentils 1kg,Grocery,207.59,128.15,99.0,0.0,0.0,0.0,Healthy,0.0,39470.200000000004
SKU04553,243,186,82,0.0,0.0,NutriPlus Frozen Meat 500ml,Frozen Foods,298.21,210.68,99.0,0.0,0.0,0.0,Healthy,0.0,51195.240000000005
SKU04555,35,58,14,0.0,0.0,EliteHome Mobile Accessories Pack of 6,Electronics & Accessories,3307.44,2475.12,99.0,0.0,0.0,0.0,Healthy,0.0,86629.2
SKU04556,225,146,63,0.0,0.0,NatureBlend Candy 250ml,Snacks & Confectionery,51.09,36.13,99.0,0.0,0.0,0.0,Healthy,0.0,8129.250000000001
SKU04557,166,100,30,0.0,0.0,PureLife Dishwashing Small,Home Care,290.14,201.35,99.0,0.0,0.0,0.0,Healthy,0.0,33424.1
SKU04558,97,45,15,0.25,0.0,EliteHome Frozen Vegetables 500g,Frozen Foods,839.49,556.55,388.0,0.0,0.0,0.0,Healthy,0.0,53985.35
SKU04559,70,32,7,0.0,0.0,GreenValley Footwear 1L,Apparel & Footwear,2625.43,1495.35,99.0,0.0,0.0,0.0,Healthy,0.0,104674.5
SKU04560,718,406,157,0.75,0.0,SunriseFoods Laundry 250g,Home Care,262.25,182.99,957.3333333333334,0.0,0.0,0.0,Healthy,0.0,131386.82
SKU04561,5429,1199,366,0.0,0.0,FamilyChoice Milk 1L,Dairy & Bakery,192.67,113.51,99.0,0.0,0.0,0.0,Healthy,0.0,616245.79
SKU04563,412,197,67,0.0,0.0,BasicNeeds Storage & Containers Family Pack,Home & Kitchen,2647.1,1507.85,99.0,0.0,0.0,0.0,Healthy,0.0,621234.2
SKU04565,34,50,11,0.0,0.0,FreshFarm Spices & Seasoning 1kg,Grocery,464.62,346.99,99.0,0.0,0.0,0.0,Healthy,0.0,11797.66
SKU04566,6999,1630,548,0.0,0.0,UrbanBite Ice Cream Pack of 6,Frozen Foods,257.94,148.39,99.0,0.0,0.0,0.0,Healthy,0.0,1038581.6099999999
SKU04567,224,199,62,0.0,0.0,NovaFresh Storage & Containers 250ml,Home & Kitchen,1470.95,957.98,99.0,0.0,0.0,0.0,Healthy,0.0,214587.52000000002
SKU04569,210,75,36,0.0,0.0,ZestyCo Oral Care 500g,Personal Care,558.84,417.44,99.0,0.0,0.0,0.0,Healthy,0.0,87662.4
SKU04573,70,189,66,0.0,0.0,SparkleClean Notebooks 2L,Stationery & Office,269.93,181.29,99.0,0.0,0.0,0.0,Healthy,0.0,12690.3
SKU04574,0,1115,352,0.0,0.0,HealthFirst Sugar & Salt 1L,Grocery,71.96,41.68,99.0,0.0,0.0,0.0,Healthy,0.0,0.0
SKU04575,61,63,21,0.0,0.0,SparkleClean Cheese 2kg,Dairy & Bakery,80.19,47.28,99.0,0.0,0.0,0.0,Healthy,0.0,2884.08
SKU04577,78,36,16,0.0,0.0,CleanWave Energy Drinks 500ml,Beverages,223.66,142.29,99.0,0.0,0.0,0.0,Healthy,0.0,11098.619999999999
SKU04578,430,196,56,0.0,0.0,BasicNeeds Home Decor Large,Home & Kitchen,802.76,601.87,99.0,0.0,0.0,0.0,Healthy,0.0,258804.1
SKU04579,45,56,14,0.0,0.0,PrimeCare Energy Drinks Pack of 12,Beverages,92.85,55.47,99.0,0.0,0.0,0.0,Healthy,0.0,2496.15
SKU04580,6674,1653,602,0.0,0.0,HomeStyle First Aid 100g,Health & Wellness,696.36,487.35,99.0,0.0,0.0,0.0,Healthy,0.0,3252573.9000000004
SKU04581,381,194,71,0.0,0.0,UrbanBite Office Supplies Family Pack,Stationery & Office,109.6,74.12,99.0,0.0,0.0,0.0,Healthy,0.0,28239.72
SKU04582,164,133,61,0.0,0.0,DailyBest Mobile Accessories 500ml,Electronics & Accessories,2442.08,1542.41,99.0,0.0,0.0,0.0,Healthy,0.0,252955.24000000002
SKU04583,253,148,47,0.25,0.0,NatureBlend Kids Wear 2L,Apparel & Footwear,966.08,678.33,1012.0,0.0,0.0,0.0,Healthy,0.0,171617.49000000002
SKU04584,425,219,76,0.0,0.0,HomeStyle Cheese 100g,Dairy & Bakery,278.58,161.89,99.0,0.0,0.0,0.0,Healthy,0.0,68803.25
SKU04585,94,191,73,0.0,0.0,PremiumSelect Women's Wear 2kg,Apparel & Footwear,2908.51,2222.44,99.0,0.0,0.0,0.0,Healthy,0.0,208909.36000000002
SKU04586,173,104,44,0.0,0.0,HealthFirst Dishwashing Small,Home Care,481.38,354.22,99.0,0.0,0.0,0.0,Healthy,0.0,61280.060000000005
SKU04587,34,60,14,0.0,0.0,EverydayPlus Pulses & Lentils 2kg,Grocery,400.31,248.89,99.0,0.0,0.0,0.0,Healthy,0.0,8462.26
SKU04588,158,94,36,0.0,0.0,SmartBuy Oral Care 500g,Personal Care,279.4,194.19,99.0,0.0,0.0,0.0,Healthy,0.0,30682.02
SKU04589,366,232,79,0.0,0.0,SmartBuy Men's Grooming 250g,Personal Care,402.1,311.85,99.0,0.0,0.0,0.0,Healthy,0.0,114137.1
SKU04591,7049,1500,523,0.0,0.0,SunriseFoods Butter & Ghee Medium,Dairy & Bakery,186.58,119.57,99.0,0.0,0.0,0.0,Healthy,0.0,842848.9299999999
SKU04593,460,314,106,0.0,0.0,PurePlus Surface Cleaners Large,Home Care,207.04,113.93,99.0,0.0,0.0,0.0,Healthy,0.0,52407.8
SKU04595,131,44,18,0.0,0.0,FamilyChoice Batteries 250ml,Electronics & Accessories,1742.83,1052.58,99.0,0.0,0.0,0.0,Healthy,0.0,137887.97999999998
SKU04597,442,182,44,0.0,0.0,DailyBest Men's Wear 1kg,Apparel & Footwear,1464.2,965.6,99.0,0.0,0.0,0.0,Healthy,0.0,426795.2
SKU04598,156,150,55,0.0,0.0,BasicNeeds Bread 1kg,Dairy & Bakery,312.26,173.33,99.0,0.0,0.0,0.0,Healthy,0.0,27039.480000000003
SKU04601,345,259,109,0.0,0.0,QuickBite Pulses & Lentils 250ml,Grocery,346.35,217.65,99.0,0.0,0.0,0.0,Healthy,0.0,75089.25
SKU04602,362,136,42,0.0,0.0,UrbanBite Tea 250ml,Beverages,100.41,72.88,99.0,0.0,0.0,0.0,Healthy,0.0,26382.559999999998
SKU04603,65,55,18,0.0,0.0,PurePlus Footwear 500g,Apparel & Footwear,1338.73,902.28,99.0,0.0,0.0,0.0,Healthy,0.0,58648.2
SKU04604,333,226,68,0.125,0.0,DailyBest Cookware Medium,Home & Kitchen,318.32,177.86,2664.0,0.0,0.0,0.0,Healthy,0.0,59227.380000000005
SKU04605,7236,1589,539,0.0,0.0,NatureBlend Chocolates Pack of 12,Snacks & Confectionery,182.32,129.91,99.0,0.0,0.0,0.0,Healthy,0.0,940028.76
SKU04607,5477,1210,415,0.0,0.0,PrimeCare Frozen Meat 1L,Frozen Foods,407.99,247.04,99.0,0.0,0.0,0.0,Healthy,0.0,1353038.0799999998
SKU04608,9,87,40,0.625,9.385986328125,PrimeCare Bottled Water 500g,Beverages,173.43,132.8,14.4,0.0,0.0,0.0,Healthy,0.0,0.0
SKU04610,212,154,60,0.0,0.0,CleanWave Batteries 250ml,Electronics & Accessories,2079.89,1184.44,99.0,0.0,0.0,0.0,Healthy,0.0,251101.28
SKU04611,116,128,53,0.25,0.0,ValueChoice Writing Instruments Family Pack,Stationery & Office,272.61,199.69,464.0,0.0,0.0,0.0,Healthy,0.0,23164.04
SKU04612,7567,1610,598,0.0,0.0,CleanWave Cookware 1kg,Home & Kitchen,805.8,532.13,99.0,0.0,0.0,0.0,Healthy,0.0,4026627.71
SKU04614,356,276,70,0.0,0.0,SoftTouch Chocolates 250g,Snacks & Confectionery,177.07,125.53,99.0,0.0,0.0,0.0,Healthy,0.0,44688.68
SKU04615,144,205,57,0.0,0.0,NutriPlus Air Fresheners Family Pack,Home Care,277.75,152.96,99.0,0.0,0.0,0.0,Healthy,0.0,22026.24
SKU04617,71,70,30,0.0,0.0,CrispKing Frozen Meat 500ml,Frozen Foods,774.69,494.34,99.0,0.0,0.0,0.0,Healthy,0.0,35098.14
SKU04620,17,24,8,0.0,0.0,GreenValley Sugar & Salt 1kg,Grocery,206.16,155.75,99.0,0.0,0.0,0.0,Healthy,0.0,2647.75
SKU04623,200,73,20,0.25,0.0,PrimeCare Candy 1kg,Snacks & Confectionery,71.42,40.94,800.0,0.0,0.0,0.0,Healthy,0.0,8188.0
SKU04625,86,84,20,0.375,0.0,HealthFirst Milk 2L,Dairy & Bakery,66.1,37.79,229.33333333333334,0.0,0.0,0.0,Healthy,0.0,3249.94
SKU04628,318,178,65,0.0,0.0,PurePlus Batteries 100g,Electronics & Accessories,1915.76,1495.52,99.0,0.0,0.0,0.0,Healthy,0.0,475575.36
SKU04630,7,23,6,0.0,0.0,CrispKing Sugar & Salt Large,Grocery,118.95,67.7,99.0,0.0,0.0,0.0,Healthy,0.0,473.90000000000003
SKU04632,43,140,53,0.0,0.0,GoldenHarvest Vitamins & Supplements 2L,Health & Wellness,892.4,665.59,99.0,0.0,0.0,0.0,Healthy,0.0,28620.370000000003
SKU04633,0,1112,339,0.0,0.0,CrispKing Men's Grooming Small,Personal Care,620.55,434.95,99.0,0.0,0.0,0.0,Healthy,0.0,0.0
SKU04636,4762,1142,394,0.0,0.0,CrispKing Oral Care 100g,Personal Care,633.26,395.9,99.0,0.0,0.0,0.0,Healthy,0.0,1885275.7999999998
SKU04637,115,129,33,0.375,0.0,CrispKing Ice Cream Pack of 12,Frozen Foods,502.55,356.82,306.6666666666667,0.0,0.0,0.0,Healthy,0.0,41034.299999999996
SKU04638,205,180,55,0.125,0.0,TrueTaste Pulses & Lentils Large,Grocery,338.74,236.09,1640.0,0.0,0.0,0.0,Healthy,0.0,48398.45
SKU04639,61,75,21,0.0,0.0,FamilyChoice Eggs 250ml,Dairy & Bakery,254.04,157.33,99.0,0.0,0.0,0.0,Healthy,0.0,9597.130000000001
SKU04640,60,29,8,0.0,0.0,PremiumSelect OTC Medicine 2L,Health & Wellness,676.99,425.0,99.0,0.0,0.0,0.0,Healthy,0.0,25500.0
SKU04641,7392,1675,590,0.0,0.0,NatureBlend Biscuits & Cookies Family Pack,Snacks & Confectionery,113.8,77.34,99.0,0.0,0.0,0.0,Healthy,0.0,571697.28
SKU04642,356,162,52,0.125,0.0,FamilyChoice Writing Instruments Medium,Stationery & Office,330.34,251.5,2848.0,0.0,0.0,0.0,Healthy,0.0,89534.0
SKU04643,6913,1505,567,0.0,0.0,EverydayPlus Notebooks 2L,Stationery & Office,247.04,143.67,99.0,0.0,0.0,0.0,Healthy,0.0,993190.71
SKU04644,110,48,23,0.0,0.0,SoftTouch Cheese Pack of 6,Dairy & Bakery,359.73,263.12,99.0,0.0,0.0,0.0,Healthy,0.0,28943.2
SKU04645,338,159,59,0.0,0.0,QuickBite Men's Grooming Family Pack,Personal Care,155.83,124.5,99.0,0.0,0.0,0.0,Healthy,0.0,42081.0
SKU04649,10,38,9,0.0,0.0,HomeStyle Bath & Body 2kg,Personal Care,541.59,414.41,99.0,0.0,0.0,0.0,Healthy,0.0,4144.1
SKU04650,310,124,45,0.0,0.0,HealthFirst Ready Meals Large,Frozen Foods,578.07,429.0,99.0,0.0,0.0,0.0,Healthy,0.0,132990.0
SKU04651,53,34,8,0.0,0.0,NatureBlend OTC Medicine 250g,Health & Wellness,655.85,362.81,99.0,0.0,0.0,0.0,Healthy,0.0,19228.93
SKU04652,6580,1550,503,0.0,0.0,ValueChoice First Aid 1kg,Health & Wellness,1268.21,739.21,99.0,0.0,0.0,0.0,Healthy,0.0,4864001.8
SKU04653,7936,1744,602,0.0,0.0,CleanWave Namkeen 250ml,Snacks & Confectionery,179.35,103.45,99.0,0.0,0.0,0.0,Healthy,0.0,820979.2000000001
SKU04657,201,114,41,0.0,0.0,TrueTaste Pest Control Large,Home Care,395.47,288.89,99.0,0.0,0.0,0.0,Healthy,0.0,58066.89
SKU04660,42,68,14,0.125,0.0,ValueChoice Kids Wear 2L,Apparel & Footwear,2394.77,1352.87,336.0,0.0,0.0,0.0,Healthy,0.0,56820.53999999999
SKU04661,262,91,33,0.0,0.0,BasicNeeds Candy 100g,Snacks & Confectionery,81.09,50.79,99.0,0.0,0.0,0.0,Healthy,0.0,13306.98
SKU04664,7820,1743,631,0.0,0.0,NatureBlend Ready Meals 2L,Frozen Foods,729.2,457.32,99.0,0.0,0.0,0.0,Healthy,0.0,3576242.4
SKU04665,8297,1788,626,0.25,0.0,TrueTaste Batteries Family Pack,Electronics & Accessories,1605.02,920.86,33188.0,0.0,0.0,0.0,Healthy,0.0,7640375.42
SKU04668,254,98,33,0.0,0.0,EliteHome Eggs 2kg,Dairy & Bakery,116.64,82.26,99.0,0.0,0.0,0.0,Healthy,0.0,20894.04
SKU04670,6544,1586,564,0.125,0.0,CrispKing Notebooks Medium,Stationery & Office,308.99,192.24,52352.0,0.0,0.0,0.0,Healthy,0.0,1258018.56
SKU04671,307,153,55,0.0,0.0,BasicNeeds Ready Meals 250ml,Frozen Foods,205.55,115.44,99.0,0.0,0.0,0.0,Healthy,0.0,35440.08
SKU04672,65,171,58,0.0,0.0,TrueTaste Mobile Accessories 250g,Electronics & Accessories,2160.93,1609.56,99.0,0.0,0.0,0.0,Healthy,0.0,104621.4
SKU04673,287,119,32,0.0,0.0,FreshFarm Cookware 2L,Home & Kitchen,1061.88,664.89,99.0,0.0,0.0,0.0,Healthy,0.0,190823.43
SKU04674,355,220,82,0.0,0.0,TrueTaste Writing Instruments Pack of 6,Stationery & Office,161.82,102.38,99.0,0.0,0.0,0.0,Healthy,0.0,36344.9
SKU04675,245,178,57,0.0,0.0,SparkleClean Laundry Family Pack,Home Care,116.52,90.53,99.0,0.0,0.0,0.0,Healthy,0.0,22179.85
SKU04678,264,139,45,0.0,0.0,EliteHome Ready Meals 1kg,Frozen Foods,215.64,169.85,99.0,0.0,0.0,0.0,Healthy,0.0,44840.4
SKU04679,7932,1775,628,0.125,0.0,NutriPlus Office Supplies Family Pack,Stationery & Office,45.71,28.17,63456.0,0.0,0.0,0.0,Healthy,0.0,223444.44
SKU04680,83,142,41,0.0,0.0,QuickBite Dishwashing 2kg,Home Care,142.59,79.19,99.0,0.0,0.0,0.0,Healthy,0.0,6572.7699999999995
SKU04681,136,109,45,0.25,0.0,SoftTouch Skin Care 500ml,Personal Care,215.11,130.73,544.0,0.0,0.0,0.0,Healthy,0.0,17779.28
SKU04682,78,129,46,0.125,0.0,PremiumSelect Coffee 2kg,Beverages,129.38,72.59,624.0,0.0,0.0,0.0,Healthy,0.0,5662.02
SKU04683,233,159,55,0.0,0.0,EverydayPlus Hair Care 250ml,Personal Care,481.63,313.99,99.0,0.0,0.0,0.0,Healthy,0.0,73159.67
SKU04684,336,287,91,0.0,0.0,CrispKing Namkeen 2L,Snacks & Confectionery,124.43,94.29,99.0,0.0,0.0,0.0,Healthy,0.0,31681.440000000002
SKU04686,93,72,36,0.25,0.0,FamilyChoice Ice Cream 500ml,Frozen Foods,417.94,303.04,372.0,0.0,0.0,0.0,Healthy,0.0,28182.72
SKU04690,8332,1741,645,0.0,0.0,DailyBest Writing Instruments Large,Stationery & Office,120.94,71.18,99.0,0.0,0.0,0.0,Healthy,0.0,593071.76
SKU04692,61,88,33,0.0,0.0,GreenValley Bottled Water 1kg,Beverages,57.36,36.24,99.0,0.0,0.0,0.0,Healthy,0.0,2210.6400000000003
SKU04693,7305,1611,544,0.0,0.0,MetroBrand Tea Pack of 6,Beverages,225.63,130.16,99.0,0.0,0.0,0.0,Healthy,0.0,950818.7999999999
SKU04694,110,66,31,0.0,0.0,HomeStyle Chips & Crisps 2L,Snacks & Confectionery,149.97,117.42,99.0,0.0,0.0,0.0,Healthy,0.0,12916.2
SKU04695,120,127,48,0.0,0.0,GreenValley Kids Wear 2L,Apparel & Footwear,2192.57,1273.72,99.0,0.0,0.0,0.0,Healthy,0.0,152846.4
SKU04699,469,300,96,0.125,0.0,UrbanBite Tea 250g,Beverages,143.53,103.16,3752.0,0.0,0.0,0.0,Healthy,0.0,48382.04
SKU04701,190,86,35,0.0,0.0,SunriseFoods Notebooks 500g,Stationery & Office,171.7,97.68,99.0,0.0,0.0,0.0,Healthy,0.0,18559.2
SKU04702,510,193,42,0.25,0.0,HomeStyle Batteries Family Pack,Electronics & Accessories,2187.66,1527.73,2040.0,0.0,0.0,0.0,Healthy,0.0,779142.3
SKU04703,137,283,93,0.0,0.0,PureLife Energy Drinks Pack of 12,Beverages,134.39,94.17,99.0,0.0,0.0,0.0,Healthy,0.0,12901.29
SKU04704,275,150,37,0.0,0.0,CityFresh Pulses & Lentils Pack of 6,Grocery,56.92,35.75,99.0,0.0,0.0,0.0,Healthy,0.0,9831.25
SKU04706,3539,873,316,0.0,0.0,UrbanBite Batteries 100g,Electronics & Accessories,625.94,351.4,99.0,0.0,0.0,0.0,Healthy,0.0,1243604.5999999999
SKU04707,122,144,46,0.0,0.0,ZestyCo Cookware 1kg,Home & Kitchen,978.23,610.36,99.0,0.0,0.0,0.0,Healthy,0.0,74463.92
SKU04708,204,118,31,0.0,0.0,EliteHome OTC Medicine Small,Health & Wellness,1333.42,1027.6,99.0,0.0,0.0,0.0,Healthy,0.0,209630.4
SKU04709,163,87,22,0.125,0.0,CityFresh Butter & Ghee 500ml,Dairy & Bakery,194.24,115.15,1304.0,0.0,0.0,0.0,Healthy,0.0,18769.45
SKU04711,500,274,93,0.0,0.0,SmartBuy Flour & Atta Small,Grocery,291.42,209.59,99.0,0.0,0.0,0.0,Healthy,0.0,104795.0
SKU04712,360,193,68,0.0,0.0,BasicNeeds Footwear 250g,Apparel & Footwear,2174.66,1632.56,99.0,0.0,0.0,0.0,Healthy,0.0,587721.6
SKU04715,25,27,9,0.0,0.0,TrueTaste Storage & Containers 500ml,Home & Kitchen,1276.44,902.22,99.0,0.0,0.0,0.0,Healthy,0.0,22555.5
SKU04716,64,102,45,0.125,0.0,SparkleClean OTC Medicine 1L,Health & Wellness,296.19,177.52,512.0,0.0,0.0,0.0,Healthy,0.0,11361.28
SKU04718,177,139,37,0.0,0.0,UrbanBite Cheese 1kg,Dairy & Bakery,148.59,113.09,99.0,0.0,0.0,0.0,Healthy,0.0,20016.93
SKU04722,426,244,70,0.0,0.0,EverydayPlus Notebooks 2kg,Stationery & Office,328.81,211.83,99.0,0.0,0.0,0.0,Healthy,0.0,90239.58
SKU04723,353,156,54,0.625,0.0,CityFresh Spices & Seasoning 250g,Grocery,369.02,210.36,564.8,0.0,0.0,0.0,Healthy,0.0,74257.08
SKU04726,7465,1624,521,0.0,0.0,CleanWave OTC Medicine 2kg,Health & Wellness,789.0,547.35,99.0,0.0,0.0,0.0,Healthy,0.0,4085967.75
SKU04727,125,72,18,0.0,0.0,DailyBest Men's Grooming Pack of 12,Personal Care,491.3,319.75,99.0,0.0,0.0,0.0,Healthy,0.0,39968.75
SKU04729,7221,1634,560,0.0,0.0,PrimeCare Batteries 250ml,Electronics & Accessories,1746.02,1237.64,99.0,0.0,0.0,0.0,Healthy,0.0,8936998.440000001
SKU04732,339,309,90,0.125,0.0,FamilyChoice Office Supplies Large,Stationery & Office,102.18,57.82,2712.0,0.0,0.0,0.0,Healthy,0.0,19600.98
SKU04733,315,208,72,0.0,0.0,TrueTaste Dishwashing Medium,Home Care,486.39,280.07,99.0,0.0,0.0,0.0,Healthy,0.0,88222.05
SKU04734,201,80,31,0.125,0.0,BasicNeeds Soft Drinks 1kg,Beverages,159.5,125.39,1608.0,0.0,0.0,0.0,Healthy,0.0,25203.39
SKU04735,88,59,17,0.0,0.0,PremiumSelect Pulses & Lentils 2L,Grocery,604.76,361.25,99.0,0.0,0.0,0.0,Healthy,0.0,31790.0
SKU04736,402,162,68,0.0,0.0,SparkleClean Chocolates Small,Snacks & Confectionery,143.03,89.66,99.0,0.0,0.0,0.0,Healthy,0.0,36043.32
SKU04737,141,58,12,0.0,0.0,TrueTaste Batteries 2kg,Electronics & Accessories,1427.53,1030.5,99.0,0.0,0.0,0.0,Healthy,0.0,145300.5
SKU04738,69,48,22,0.0,0.0,UrbanBite Ready Meals 2L,Frozen Foods,768.39,574.72,99.0,0.0,0.0,0.0,Healthy,0.0,39655.68
SKU04739,105,189,49,0.25,0.0,SparkleClean Men's Grooming 500ml,Personal Care,273.32,212.58,420.0,0.0,0.0,0.0,Healthy,0.0,22320.9
SKU04741,7404,1628,539,0.0,0.0,TrueTaste Storage & Containers 500g,Home & Kitchen,1088.07,868.36,99.0,0.0,0.0,0.0,Healthy,0.0,6429337.44
SKU04742,516,328,112,0.0,0.0,QuickBite Ready Meals 100g,Frozen Foods,362.06,208.54,99.0,0.0,0.0,0.0,Healthy,0.0,107606.64
SKU04746,101,81,37,0.0,0.0,SoftTouch Bath & Body 1kg,Personal Care,364.33,279.55,99.0,0.0,0.0,0.0,Healthy,0.0,28234.550000000003
SKU04747,7930,1935,690,0.0,0.0,EliteHome Home Decor 100g,Home & Kitchen,1085.05,803.55,99.0,0.0,0.0,0.0,Healthy,0.0,6372151.5
SKU04751,145,117,55,0.375,0.0,ValueChoice Oral Care Family Pack,Personal Care,210.56,117.64,386.6666666666667,0.0,0.0,0.0,Healthy,0.0,17057.8
SKU04752,59,60,18,0.0,0.0,GoldenHarvest Vitamins & Supplements 100g,Health & Wellness,833.79,606.46,99.0,0.0,0.0,0.0,Healthy,0.0,35781.14
SKU04753,6385,1351,427,0.5,0.0,QuickBite Vitamins & Supplements 2L,Health & Wellness,641.27,371.28,12770.0,0.0,0.0,0.0,Healthy,0.0,2370622.8
SKU04754,135,94,26,0.0,0.0,ZestyCo Small Appliances Family Pack,Electronics & Accessories,2886.78,1774.13,99.0,0.0,0.0,0.0,Healthy,0.0,239507.55000000002
SKU04757,7123,1527,589,0.0,0.0,GreenValley Yogurt Medium,Dairy & Bakery,318.55,207.11,99.0,0.0,0.0,0.0,Healthy,0.0,1475244.53
SKU04758,123,52,16,0.0,0.0,NutriPlus Footwear 1L,Apparel & Footwear,2060.11,1408.36,99.0,0.0,0.0,0.0,Healthy,0.0,173228.28
SKU04759,195,152,52,0.0,0.0,TrueTaste Kids Wear 2kg,Apparel & Footwear,1217.72,733.26,99.0,0.0,0.0,0.0,Healthy,0.0,142985.7
SKU04760,46,57,13,0.125,0.0,NatureBlend Vitamins & Supplements Pack of 12,Health & Wellness,216.71,137.29,368.0,0.0,0.0,0.0,Healthy,0.0,6315.339999999999
SKU04761,161,109,37,0.0,0.0,FreshFarm Office Supplies Pack of 6,Stationery & Office,287.71,195.06,99.0,0.0,0.0,0.0,Healthy,0.0,31404.66
SKU04763,293,171,62,0.125,0.0,MetroBrand Cooking Oil 500g,Grocery,99.27,71.72,2344.0,0.0,0.0,0.0,Healthy,0.0,21013.96
SKU04765,202,168,39,0.0,0.0,NutriPlus Kids Wear 1kg,Apparel & Footwear,2309.27,1837.98,99.0,0.0,0.0,0.0,Healthy,0.0,371271.96
SKU04766,6,69,15,0.0,0.0,BasicNeeds Juices 500g,Beverages,112.83,69.01,99.0,0.0,0.0,0.0,Healthy,0.0,414.06000000000006
SKU04767,350,133,57,0.0,0.0,PremiumSelect Soft Drinks 250g,Beverages,116.26,75.45,99.0,0.0,0.0,0.0,Healthy,0.0,26407.5
SKU04768,7771,1643,579,0.125,0.0,GreenValley Butter & Ghee 500ml,Dairy & Bakery,104.95,81.98,62168.0,0.0,0.0,0.0,Healthy,0.0,637066.5800000001
SKU04770,179,130,30,0.0,0.0,QuickBite Ice Cream 250ml,Frozen Foods,343.82,230.72,99.0,0.0,0.0,0.0,Healthy,0.0,41298.88
SKU04771,7799,1893,659,0.0,0.0,ValueChoice Notebooks 1kg,Stationery & Office,76.55,44.47,99.0,0.0,0.0,0.0,Healthy,0.0,346821.52999999997
SKU04772,123,149,38,0.0,0.0,SunriseFoods Cookware 500ml,Home & Kitchen,1952.93,1273.69,99.0,0.0,0.0,0.0,Healthy,0.0,156663.87
SKU04773,7,25,9,0.0,0.0,HomeStyle Ice Cream Small,Frozen Foods,434.24,302.59,99.0,0.0,0.0,0.0,Healthy,0.0,2118.1299999999997
SKU04774,226,195,59,0.0,0.0,EliteHome Mobile Accessories 500ml,Electronics & Accessories,378.76,232.39,99.0,0.0,0.0,0.0,Healthy,0.0,52520.14
SKU04775,525,342,123,0.0,0.0,TrueTaste Milk 2L,Dairy & Bakery,121.08,72.38,99.0,0.0,0.0,0.0,Healthy,0.0,37999.5
SKU04776,631,237,80,0.0,0.0,PurePlus Bottled Water 500g,Beverages,218.83,149.43,99.0,0.0,0.0,0.0,Healthy,0.0,94290.33
SKU04777,59,137,60,0.0,0.0,EliteHome Oral Care 250g,Personal Care,135.53,80.51,99.0,0.0,0.0,0.0,Healthy,0.0,4750.09
SKU04779,235,114,49,0.0,0.0,EliteHome Biscuits & Cookies Pack of 6,Snacks & Confectionery,192.22,109.29,99.0,0.0,0.0,0.0,Healthy,0.0,25683.15
SKU04784,207,71,31,0.0,0.0,CrispKing Women's Wear 250ml,Apparel & Footwear,1758.96,1034.66,99.0,0.0,0.0,0.0,Healthy,0.0,214174.62000000002
SKU04785,82,65,19,0.0,0.0,NovaFresh Skin Care Pack of 6,Personal Care,423.51,257.01,99.0,0.0,0.0,0.0,Healthy,0.0,21074.82
SKU04786,13,68,22,0.0,0.0,HomeStyle Vitamins & Supplements Pack of 6,Health & Wellness,1022.18,589.53,99.0,0.0,0.0,0.0,Healthy,0.0,7663.889999999999
SKU04788,234,99,29,0.0,0.0,HealthFirst Vitamins & Supplements 500g,Health & Wellness,583.18,345.34,99.0,0.0,0.0,0.0,Healthy,0.0,80809.56
SKU04789,228,96,32,0.0,0.0,FreshFarm Bread 500g,Dairy & Bakery,67.08,48.88,99.0,0.0,0.0,0.0,Healthy,0.0,11144.640000000001
SKU04790,37,59,12,0.0,0.0,EliteHome Bath & Body 1L,Personal Care,155.92,119.26,99.0,0.0,0.0,0.0,Healthy,0.0,4412.62
SKU04795,7176,1544,542,0.0,0.0,CleanWave Pulses & Lentils Large,Grocery,281.26,163.89,99.0,0.0,0.0,0.0,Healthy,0.0,1176074.64
SKU04797,4377,984,349,0.0,0.0,BasicNeeds Bath & Body 2L,Personal Care,297.66,203.57,99.0,0.0,0.0,0.0,Healthy,0.0,891025.89
SKU04801,297,142,51,0.0,0.0,EverydayPlus Butter & Ghee Large,Dairy & Bakery,108.26,71.81,99.0,0.0,0.0,0.0,Healthy,0.0,21327.57
SKU04802,280,132,47,0.0,0.0,MetroBrand Cooking Oil 250g,Grocery,237.57,146.2,99.0,0.0,0.0,0.0,Healthy,0.0,40936.0
SKU04803,309,131,58,0.0,0.0,PurePlus Men's Wear 1L,Apparel & Footwear,1055.76,619.36,99.0,0.0,0.0,0.0,Healthy,0.0,191382.24
SKU04804,73,35,16,0.0,0.0,SunriseFoods Bottled Water Pack of 12,Beverages,229.19,177.69,99.0,0.0,0.0,0.0,Healthy,0.0,12971.369999999999
SKU04805,464,212,78,0.125,0.0,EverydayPlus Oral Care 250ml,Personal Care,136.32,82.81,3712.0,0.0,0.0,0.0,Healthy,0.0,38423.840000000004
SKU04807,223,120,53,0.0,0.0,CleanWave Coffee 100g,Beverages,137.43,94.52,99.0,0.0,0.0,0.0,Healthy,0.0,21077.96
SKU04809,231,127,45,0.0,0.0,CleanWave Notebooks Small,Stationery & Office,219.51,141.89,99.0,0.0,0.0,0.0,Healthy,0.0,32776.59
SKU04810,246,201,64,0.125,0.0,SmartBuy Office Supplies 250g,Stationery & Office,33.31,23.14,1968.0,0.0,0.0,0.0,Healthy,0.0,5692.4400000000005
SKU04811,285,259,109,0.0,0.0,MetroBrand Skin Care 500ml,Personal Care,281.13,194.64,99.0,0.0,0.0,0.0,Healthy,0.0,55472.399999999994
SKU04812,72,36,17,0.0,0.0,MetroBrand Ready Meals 2kg,Frozen Foods,251.69,142.73,99.0,0.0,0.0,0.0,Healthy,0.0,10276.56
SKU04814,207,104,38,0.5,0.0,SmartBuy Biscuits & Cookies 100g,Snacks & Confectionery,53.95,39.4,414.0,0.0,0.0,0.0,Healthy,0.0,8155.799999999999
SKU04817,261,120,51,0.125,0.0,HomeStyle Namkeen 250ml,Snacks & Confectionery,40.86,24.88,2088.0,0.0,0.0,0.0,Healthy,0.0,6493.679999999999
SKU04818,144,70,19,0.0,0.0,HealthFirst Skin Care 2L,Personal Care,254.31,171.43,99.0,0.0,0.0,0.0,Healthy,0.0,24685.920000000002
SKU04820,2,81,17,0.0,0.0,FreshFarm Women's Wear Pack of 6,Apparel & Footwear,1659.68,1140.14,99.0,0.0,0.0,0.0,Healthy,0.0,2280.28
SKU04821,99,202,65,0.125,0.0,PurePlus Cookware Small,Home & Kitchen,335.99,188.08,792.0,0.0,0.0,0.0,Healthy,0.0,18619.920000000002
SKU04823,13,31,7,0.375,0.0,SoftTouch Storage & Containers Pack of 6,Home & Kitchen,1018.52,806.27,34.666666666666664,0.0,0.0,0.0,Healthy,0.0,10481.51
SKU04825,36,93,39,0.0,0.0,PremiumSelect Kids Wear 1L,Apparel & Footwear,1503.66,870.69,99.0,0.0,0.0,0.0,Healthy,0.0,31344.840000000004
SKU04826,119,69,20,0.0,0.0,NovaFresh Men's Wear Medium,Apparel & Footwear,1610.45,894.31,99.0,0.0,0.0,0.0,Healthy,0.0,106422.89
SKU04829,286,156,67,0.0,0.0,GreenValley Notebooks 2L,Stationery & Office,159.42,120.95,99.0,0.0,0.0,0.0,Healthy,0.0,34591.700000000004
SKU04830,10,29,14,0.0,0.0,NovaFresh Vitamins & Supplements 250ml,Health & Wellness,258.35,203.6,99.0,0.0,0.0,0.0,Healthy,0.0,2036.0
SKU04831,8033,1864,634,0.25,0.0,HomeStyle Storage & Containers 250ml,Home & Kitchen,856.16,672.2,32132.0,0.0,0.0,0.0,Healthy,0.0,5399782.600000001
SKU04832,219,197,61,0.0,0.0,NatureBlend Notebooks 2kg,Stationery & Office,208.17,133.98,99.0,0.0,0.0,0.0,Healthy,0.0,29341.62
SKU04833,369,230,97,0.0,0.0,EverydayPlus Biscuits & Cookies 1L,Snacks & Confectionery,115.48,76.64,99.0,0.0,0.0,0.0,Healthy,0.0,28280.16
SKU04837,98,117,48,0.0,0.0,DailyBest Writing Instruments 1L,Stationery & Office,246.51,147.06,99.0,0.0,0.0,0.0,Healthy,0.0,14411.880000000001
SKU04838,518,253,89,0.0,0.0,GreenValley Writing Instruments 500g,Stationery & Office,110.85,62.61,99.0,0.0,0.0,0.0,Healthy,0.0,32431.98
SKU04840,156,81,20,0.25,0.0,FamilyChoice Storage & Containers 250ml,Home & Kitchen,639.65,479.5,624.0,0.0,0.0,0.0,Healthy,0.0,74802.0
SKU04841,265,158,61,0.0,0.0,PureLife Vitamins & Supplements Family Pack,Health & Wellness,1189.41,929.61,99.0,0.0,0.0,0.0,Healthy,0.0,246346.65
SKU04842,89,92,36,0.125,0.0,TrueTaste Frozen Vegetables 500ml,Frozen Foods,806.29,509.46,712.0,0.0,0.0,0.0,Healthy,0.0,45341.939999999995
SKU04843,141,65,30,0.0,0.0,SmartBuy Office Supplies 100g,Stationery & Office,272.97,209.55,99.0,0.0,0.0,0.0,Healthy,0.0,29546.550000000003
SKU04844,176,141,62,0.125,0.0,ZestyCo Frozen Vegetables 2kg,Frozen Foods,259.02,168.26,1408.0,0.0,0.0,0.0,Healthy,0.0,29613.76
SKU04845,360,181,65,0.125,0.0,SparkleClean OTC Medicine Pack of 12,Health & Wellness,1000.23,568.33,2880.0,0.0,0.0,0.0,Healthy,0.0,204598.80000000002
SKU04848,20,21,5,0.25,0.0,QuickBite Women's Wear 250ml,Apparel & Footwear,472.99,311.24,80.0,0.0,0.0,0.0,Healthy,0.0,6224.8
SKU04849,7648,1639,553,0.0,0.0,SunriseFoods Batteries 250ml,Electronics & Accessories,1457.98,1088.18,99.0,0.0,0.0,0.0,Healthy,0.0,8322400.640000001
SKU04850,428,217,56,0.0,0.0,NovaFresh Air Fresheners 1L,Home Care,273.9,174.74,99.0,0.0,0.0,0.0,Healthy,0.0,74788.72
SKU04851,44,33,8,0.0,0.0,DailyBest Biscuits & Cookies 100g,Snacks & Confectionery,86.17,67.24,99.0,0.0,0.0,0.0,Healthy,0.0,2958.56
SKU04852,311,167,51,0.0,0.0,MetroBrand Pulses & Lentils Pack of 12,Grocery,366.43,208.33,99.0,0.0,0.0,0.0,Healthy,0.0,64790.630000000005
SKU04853,323,145,43,0.25,0.0,EliteHome First Aid 1kg,Health & Wellness,541.65,395.46,1292.0,0.0,0.0,0.0,Healthy,0.0,127733.57999999999
SKU04854,5340,1228,391,0.0,0.0,SparkleClean Batteries Pack of 12,Electronics & Accessories,1401.83,1096.57,99.0,0.0,0.0,0.0,Healthy,0.0,5855683.8
SKU04855,283,143,53,0.0,0.0,EliteHome Women's Wear 2L,Apparel & Footwear,1757.08,1209.38,99.0,0.0,0.0,0.0,Healthy,0.0,342254.54000000004
SKU04856,7197,1623,585,0.0,0.0,HomeStyle Office Supplies 1kg,Stationery & Office,245.47,188.93,99.0,0.0,0.0,0.0,Healthy,0.0,1359729.21
SKU04859,164,120,36,0.0,0.0,CityFresh Small Appliances Pack of 12,Electronics & Accessories,2004.51,1438.86,99.0,0.0,0.0,0.0,Healthy,0.0,235973.03999999998
SKU04861,157,78,28,0.0,0.0,QuickBite Storage & Containers 250ml,Home & Kitchen,1503.58,826.98,99.0,0.0,0.0,0.0,Healthy,0.0,129835.86
SKU04862,335,187,66,0.0,0.0,TrueTaste Cooking Oil 500g,Grocery,74.31,48.47,99.0,0.0,0.0,0.0,Healthy,0.0,16237.449999999999
SKU04864,63,28,14,0.125,0.0,NatureBlend Office Supplies 250ml,Stationery & Office,110.36,68.78,504.0,0.0,0.0,0.0,Healthy,0.0,4333.14
SKU04865,306,289,103,0.0,0.0,PureLife OTC Medicine 1kg,Health & Wellness,1576.52,1255.93,99.0,0.0,0.0,0.0,Healthy,0.0,384314.58
SKU04866,308,168,58,0.0,0.0,PremiumSelect Writing Instruments Family Pack,Stationery & Office,132.78,104.24,99.0,0.0,0.0,0.0,Healthy,0.0,32105.92
SKU04867,99,57,15,0.0,0.0,TrueTaste Sugar & Salt 2kg,Grocery,275.33,198.57,99.0,0.0,0.0,0.0,Healthy,0.0,19658.43
SKU04868,44,23,6,0.0,0.0,NutriPlus Ice Cream 500g,Frozen Foods,647.03,415.21,99.0,0.0,0.0,0.0,Healthy,0.0,18269.239999999998
SKU04869,96,71,23,0.0,0.0,NovaFresh Footwear 2L,Apparel & Footwear,1157.49,751.34,99.0,0.0,0.0,0.0,Healthy,0.0,72128.64
SKU04871,1,93,29,0.0,0.0,GreenValley Cookware 500ml,Home & Kitchen,761.27,483.08,99.0,0.0,0.0,0.0,Healthy,0.0,483.08
SKU04872,192,168,59,0.0,0.0,NutriPlus Dishwashing Pack of 12,Home Care,154.36,115.17,99.0,0.0,0.0,0.0,Healthy,0.0,22112.64
SKU04873,49,78,27,0.0,0.0,SparkleClean Batteries 250g,Electronics & Accessories,1165.65,792.45,99.0,0.0,0.0,0.0,Healthy,0.0,38830.05
SKU04874,64,35,10,0.0,0.0,ValueChoice Surface Cleaners 1L,Home Care,272.79,182.54,99.0,0.0,0.0,0.0,Healthy,0.0,11682.56
SKU04877,108,72,35,0.375,0.0,PureLife Yogurt 250g,Dairy & Bakery,190.33,118.15,288.0,0.0,0.0,0.0,Healthy,0.0,12760.2
SKU04879,5020,1000,342,0.0,0.0,SunriseFoods Small Appliances 250ml,Electronics & Accessories,1631.86,1032.44,99.0,0.0,0.0,0.0,Healthy,0.0,5182848.8
SKU04880,99,110,25,0.0,0.0,SparkleClean Chips & Crisps Family Pack,Snacks & Confectionery,134.41,84.97,99.0,0.0,0.0,0.0,Healthy,0.0,8412.03
SKU04881,97,105,29,0.0,0.0,HealthFirst Milk Large,Dairy & Bakery,391.06,273.68,99.0,0.0,0.0,0.0,Healthy,0.0,26546.96
SKU04882,157,128,38,0.0,0.0,MetroBrand Cookware 250g,Home & Kitchen,1130.0,798.64,99.0,0.0,0.0,0.0,Healthy,0.0,125386.48
SKU04883,156,81,31,0.0,0.0,PurePlus Men's Grooming Family Pack,Personal Care,399.81,279.72,99.0,0.0,0.0,0.0,Healthy,0.0,43636.32000000001
SKU04885,427,351,132,0.0,0.0,SunriseFoods Spices & Seasoning 2L,Grocery,336.37,266.53,99.0,0.0,0.0,0.0,Healthy,0.0,113808.30999999998
SKU04886,311,178,59,0.0,0.0,PureLife Chocolates Small,Snacks & Confectionery,155.4,113.21,99.0,0.0,0.0,0.0,Healthy,0.0,35208.31
SKU04887,7218,1486,539,0.0,0.0,SmartBuy Storage & Containers 1L,Home & Kitchen,970.11,747.65,99.0,0.0,0.0,0.0,Healthy,0.0,5396537.7
SKU04888,6674,1455,555,0.0,0.0,CleanWave Ice Cream 1kg,Frozen Foods,362.75,213.99,99.0,0.0,0.0,0.0,Healthy,0.0,1428169.26
SKU04892,288,247,84,0.375,0.0,PurePlus Energy Drinks 500g,Beverages,110.29,61.3,768.0,0.0,0.0,0.0,Healthy,0.0,17654.399999999998
SKU04894,5830,1323,454,0.0,0.0,CleanWave Ready Meals 2kg,Frozen Foods,262.59,199.49,99.0,0.0,0.0,0.0,Healthy,0.0,1163026.7
SKU04896,247,197,79,0.0,0.0,EverydayPlus Men's Grooming 2kg,Personal Care,481.62,346.56,99.0,0.0,0.0,0.0,Healthy,0.0,85600.32
SKU04897,26,65,16,0.0,0.0,NatureBlend Women's Wear 100g,Apparel & Footwear,904.26,662.55,99.0,0.0,0.0,0.0,Healthy,0.0,17226.3
SKU04899,153,177,53,0.0,0.0,FreshFarm Cheese 2L,Dairy & Bakery,222.1,143.39,99.0,0.0,0.0,0.0,Healthy,0.0,21938.67
SKU04900,172,223,77,0.0,0.0,HomeStyle Storage & Containers 1kg,Home & Kitchen,1236.82,961.58,99.0,0.0,0.0,0.0,Healthy,0.0,165391.76
SKU04901,7882,1758,633,0.0,0.0,GreenValley Dishwashing 100g,Home Care,225.62,140.57,99.0,0.0,0.0,0.0,Healthy,0.0,1107972.74
SKU04902,8461,1903,666,0.0,0.0,CrispKing Tea 250g,Beverages,275.17,208.86,99.0,0.0,0.0,0.0,Healthy,0.0,1767164.4600000002
SKU04904,233,119,39,0.0,0.0,HealthFirst Storage & Containers Large,Home & Kitchen,1471.86,895.71,99.0,0.0,0.0,0.0,Healthy,0.0,208700.43000000002
SKU04905,7545,1699,574,0.0,0.0,PureLife Cooking Oil 500g,Grocery,117.04,74.42,99.0,0.0,0.0,0.0,Healthy,0.0,561498.9
SKU04907,247,100,35,0.0,0.0,SparkleClean Office Supplies Medium,Stationery & Office,198.11,139.41,99.0,0.0,0.0,0.0,Healthy,0.0,34434.27
SKU04908,44,22,6,0.125,0.0,SoftTouch Kids Wear Large,Apparel & Footwear,1133.38,662.09,352.0,0.0,0.0,0.0,Healthy,0.0,29131.960000000003
SKU04909,93,50,23,0.0,0.0,SmartBuy Bread 1kg,Dairy & Bakery,190.96,110.95,99.0,0.0,0.0,0.0,Healthy,0.0,10318.35
SKU04910,17,36,7,0.0,0.0,HomeStyle Vitamins & Supplements Pack of 6,Health & Wellness,369.87,266.97,99.0,0.0,0.0,0.0,Healthy,0.0,4538.490000000001
SKU04914,124,114,41,0.0,0.0,DailyBest OTC Medicine Small,Health & Wellness,423.79,267.27,99.0,0.0,0.0,0.0,Healthy,0.0,33141.479999999996
SKU04916,552,282,104,0.0,0.0,SoftTouch Mobile Accessories Pack of 12,Electronics & Accessories,1699.1,1114.96,99.0,0.0,0.0,0.0,Healthy,0.0,615457.92
SKU04919,8079,1767,571,0.0,0.0,GoldenHarvest Pulses & Lentils Pack of 6,Grocery,374.09,211.22,99.0,0.0,0.0,0.0,Healthy,0.0,1706446.38
SKU04920,394,153,55,0.375,0.0,CleanWave Writing Instruments Family Pack,Stationery & Office,31.96,21.2,1050.6666666666667,0.0,0.0,0.0,Healthy,0.0,8352.8
SKU04922,47,51,21,0.0,0.0,NatureBlend Vitamins & Supplements Family Pack,Health & Wellness,1250.82,828.34,99.0,0.0,0.0,0.0,Healthy,0.0,38931.98
SKU04925,20,96,33,0.0,0.0,CleanWave Coffee Family Pack,Beverages,136.47,97.01,99.0,0.0,0.0,0.0,Healthy,0.0,1940.2
SKU04927,155,97,29,0.125,0.0,GreenValley Bread Pack of 12,Dairy & Bakery,201.34,159.02,1240.0,0.0,0.0,0.0,Healthy,0.0,24648.100000000002
SKU04928,34,70,25,0.0,0.0,GreenValley Sugar & Salt 1L,Grocery,382.38,305.32,99.0,0.0,0.0,0.0,Healthy,0.0,10380.88
SKU04929,370,176,58,0.25,0.0,CrispKing Footwear 2kg,Apparel & Footwear,745.44,477.16,1480.0,0.0,0.0,0.0,Healthy,0.0,176549.2
SKU04930,216,73,34,0.125,0.0,FreshFarm Ready Meals 2L,Frozen Foods,682.34,491.45,1728.0,0.0,0.0,0.0,Healthy,0.0,106153.2
SKU04932,100,159,45,0.0,0.0,NatureBlend Frozen Vegetables 100g,Frozen Foods,311.93,184.6,99.0,0.0,0.0,0.0,Healthy,0.0,18460.0
SKU04934,58,27,12,0.75,0.0,SoftTouch Laundry 1L,Home Care,223.16,177.45,77.33333333333333,0.0,0.0,0.0,Healthy,0.0,10292.099999999999
SKU04935,156,102,37,0.0,0.0,CrispKing Frozen Vegetables 250ml,Frozen Foods,623.85,363.03,99.0,0.0,0.0,0.0,Healthy,0.0,56632.67999999999
SKU04936,407,168,71,0.25,0.0,QuickBite Hair Care Pack of 6,Personal Care,328.89,228.18,1628.0,0.0,0.0,0.0,Healthy,0.0,92869.26000000001
SKU04938,123,82,30,0.0,0.0,CityFresh Biscuits & Cookies Pack of 6,Snacks & Confectionery,145.29,85.99,99.0,0.0,0.0,0.0,Healthy,0.0,10576.769999999999
SKU04940,235,146,42,0.0,0.0,ValueChoice Frozen Vegetables 2kg,Frozen Foods,617.3,481.1,99.0,0.0,0.0,0.0,Healthy,0.0,113058.5
SKU04941,5792,1118,380,0.0,0.0,SmartBuy Cookware Pack of 12,Home & Kitchen,332.87,192.7,99.0,0.0,0.0,0.0,Healthy,0.0,1116118.4
SKU04943,342,224,65,0.0,0.0,SunriseFoods Flour & Atta Pack of 12,Grocery,145.62,89.4,99.0,0.0,0.0,0.0,Healthy,0.0,30574.800000000003
SKU04945,4382,926,320,0.125,0.0,FreshFarm Pest Control 2kg,Home Care,204.86,142.24,35056.0,0.0,0.0,0.0,Healthy,0.0,623295.68
SKU04946,83,59,12,0.375,0.0,PurePlus Candy 500ml,Snacks & Confectionery,42.93,29.02,221.33333333333334,0.0,0.0,0.0,Healthy,0.0,2408.66
SKU04947,413,267,98,0.25,0.0,FreshFarm OTC Medicine Family Pack,Health & Wellness,546.17,408.54,1652.0,0.0,0.0,0.0,Healthy,0.0,168727.02000000002
SKU04948,327,204,66,0.125,0.0,GreenValley Milk Family Pack,Dairy & Bakery,288.18,228.98,2616.0,0.0,0.0,0.0,Healthy,0.0,74876.45999999999
SKU04950,162,199,90,0.0,0.0,NovaFresh Yogurt Pack of 12,Dairy & Bakery,340.58,256.46,99.0,0.0,0.0,0.0,Healthy,0.0,41546.52
SKU04951,8,98,26,0.0,0.0,ZestyCo Ready Meals 1L,Frozen Foods,484.55,311.33,99.0,0.0,0.0,0.0,Healthy,0.0,2490.64
SKU04952,206,94,31,0.0,0.0,FamilyChoice Frozen Vegetables 100g,Frozen Foods,607.42,356.25,99.0,0.0,0.0,0.0,Healthy,0.0,73387.5
SKU04955,7536,1757,643,0.0,0.0,PureLife Bottled Water 2kg,Beverages,186.3,144.34,99.0,0.0,0.0,0.0,Healthy,0.0,1087746.24
SKU04957,64,131,47,0.0,0.0,NutriPlus Footwear Medium,Apparel & Footwear,1148.55,808.09,99.0,0.0,0.0,0.0,Healthy,0.0,51717.76
SKU04960,106,61,21,0.125,0.0,PureLife Eggs Medium,Dairy & Bakery,156.63,122.89,848.0,0.0,0.0,0.0,Healthy,0.0,13026.34
SKU04961,247,121,31,0.0,0.0,FamilyChoice Ice Cream 500ml,Frozen Foods,217.61,165.29,99.0,0.0,0.0,0.0,Healthy,0.0,40826.63
SKU04962,478,316,112,0.25,0.0,SmartBuy Mobile Accessories 500g,Electronics & Accessories,1443.52,970.64,1912.0,0.0,0.0,0.0,Healthy,0.0,463965.92
SKU04963,91,32,10,0.0,0.0,NovaFresh Notebooks Pack of 6,Stationery & Office,124.11,74.48,99.0,0.0,0.0,0.0,Healthy,0.0,6777.68
SKU04965,266,123,35,0.375,0.0,ValueChoice Namkeen Large,Snacks & Confectionery,83.76,66.49,709.3333333333334,0.0,0.0,0.0,Healthy,0.0,17686.34
SKU04967,275,131,57,0.0,0.0,NutriPlus Yogurt Small,Dairy & Bakery,160.72,97.94,99.0,0.0,0.0,0.0,Healthy,0.0,26933.5
SKU04968,102,114,35,0.25,0.0,PremiumSelect Air Fresheners Small,Home Care,329.41,237.5,408.0,0.0,0.0,0.0,Healthy,0.0,24225.0
SKU04970,335,190,64,0.125,0.0,FamilyChoice Rice & Grains Family Pack,Grocery,204.02,118.18,2680.0,0.0,0.0,0.0,Healthy,0.0,39590.3
SKU04971,580,208,68,0.125,0.0,FamilyChoice Kids Wear Small,Apparel & Footwear,1795.74,1335.08,4640.0,0.0,0.0,0.0,Healthy,0.0,774346.3999999999
SKU04972,407,145,50,0.125,0.0,SmartBuy Vitamins & Supplements Large,Health & Wellness,688.96,436.07,3256.0,0.0,0.0,0.0,Healthy,0.0,177480.49
SKU04975,10,23,6,0.5,0.0,GreenValley Energy Drinks Family Pack,Beverages,125.79,96.38,20.0,0.0,0.0,0.0,Healthy,0.0,963.8
SKU04977,160,97,32,0.0,0.0,PurePlus Chocolates 500ml,Snacks & Confectionery,41.59,32.81,99.0,0.0,0.0,0.0,Healthy,0.0,5249.6
SKU04978,22,96,30,0.125,0.0,EverydayPlus Frozen Vegetables 250g,Frozen Foods,230.93,156.02,176.0,0.0,0.0,0.0,Healthy,0.0,3432.44
SKU04979,76,50,25,0.0,0.0,DailyBest Mobile Accessories 2kg,Electronics & Accessories,403.4,311.39,99.0,0.0,0.0,0.0,Healthy,0.0,23665.64
SKU04980,86,39,13,0.0,0.0,FreshFarm OTC Medicine 2L,Health & Wellness,1147.16,785.92,99.0,0.0,0.0,0.0,Healthy,0.0,67589.12
SKU04982,92,43,19,0.0,0.0,FamilyChoice Oral Care Large,Personal Care,253.41,145.37,99.0,0.0,0.0,0.0,Healthy,0.0,13374.04
SKU04983,251,198,76,0.125,0.0,NatureBlend Pest Control 250g,Home Care,220.71,166.31,2008.0,0.0,0.0,0.0,Healthy,0.0,41743.81
SKU04984,246,150,54,0.125,0.0,PurePlus Flour & Atta 250ml,Grocery,236.75,154.61,1968.0,0.0,0.0,0.0,Healthy,0.0,38034.060000000005
SKU04985,476,264,88,0.0,0.0,QuickBite Mobile Accessories 2kg,Electronics & Accessories,1179.22,825.46,99.0,0.0,0.0,0.0,Healthy,0.0,392918.96
SKU04986,73,124,46,0.0,0.0,QuickBite Bottled Water Family Pack,Beverages,63.68,45.38,99.0,0.0,0.0,0.0,Healthy,0.0,3312.7400000000002
SKU04987,8540,1975,716,0.0,0.0,GreenValley Dishwashing 500g,Home Care,421.88,313.75,99.0,0.0,0.0,0.0,Healthy,0.0,2679425.0
SKU04988,189,75,25,0.25,0.0,SmartBuy Vitamins & Supplements 1kg,Health & Wellness,315.9,219.18,756.0,0.0,0.0,0.0,Healthy,0.0,41425.020000000004
SKU04992,78,45,21,0.0,0.0,QuickBite Pulses & Lentils 1L,Grocery,108.64,71.82,99.0,0.0,0.0,0.0,Healthy,0.0,5601.959999999999
SKU04993,39,48,10,0.125,0.0,GreenValley First Aid 2L,Health & Wellness,1067.68,794.46,312.0,0.0,0.0,0.0,Healthy,0.0,30983.940000000002
SKU04994,78,92,41,0.0,0.0,NatureBlend Frozen Meat Large,Frozen Foods,261.4,196.74,99.0,0.0,0.0,0.0,Healthy,0.0,15345.720000000001
SKU04995,254,104,27,0.0,0.0,NutriPlus Vitamins & Supplements 500ml,Health & Wellness,1081.35,734.54,99.0,0.0,0.0,0.0,Healthy,0.0,186573.16
SKU04996,8299,1887,685,0.0,0.0,DailyBest Women's Wear 2kg,Apparel & Footwear,1057.53,620.41,99.0,0.0,0.0,0.0,Healthy,0.0,5148782.59
SKU04997,246,171,52,0.0,0.0,CrispKing Pest Control 250ml,Home Care,587.79,378.17,99.0,0.0,0.0,0.0,Healthy,0.0,93029.82
SKU04999,71,117,47,0.0,0.0,NovaFresh Oral Care 1L,Personal Care,336.69,262.34,99.0,0.0,0.0,0.0,Healthy,0.0,18626.14
SKU05000,4804,1120,393,0.0,0.0,NovaFresh Ready Meals 500g,Frozen Foods,437.06,269.56,99.0,0.0,0.0,0.0,Healthy,0.0,1294966.24
